[2026-06-04T13:29:34.651+0000] {manager.py:483} INFO - Processing files using up to 2 processes at a time 
[2026-06-04T13:29:34.651+0000] {manager.py:484} INFO - Process each file at most once every 30 seconds
[2026-06-04T13:29:34.651+0000] {manager.py:485} INFO - Checking for new files in /opt/airflow/dags every 300 seconds
[2026-06-04T13:29:34.652+0000] {manager.py:821} INFO - Searching for files in /opt/airflow/dags
[2026-06-04T13:29:34.653+0000] {manager.py:824} INFO - There are 2 files in /opt/airflow/dags
[2026-06-04T13:29:34.724+0000] {manager.py:997} INFO - 
================================================================================
DAG File Processing Stats

File Path                                 PID  Runtime      # DAGs    # Errors  Last Runtime    Last Run      Last # of DB Queries
--------------------------------------  -----  ---------  --------  ----------  --------------  ----------  ----------------------
/opt/airflow/dags/datahub_ingestion.py    155  0.03s             0           0                                                   0
/opt/airflow/dags/ehr_data_pipeline.py    158  0.02s             0           0                                                   0
================================================================================
[2026-06-04T13:30:05.456+0000] {manager.py:997} INFO - 
================================================================================
DAG File Processing Stats

File Path                                 PID  Runtime      # DAGs    # Errors  Last Runtime    Last Run               Last # of DB Queries
--------------------------------------  -----  ---------  --------  ----------  --------------  -------------------  ----------------------
/opt/airflow/dags/datahub_ingestion.py    165  0.02s             1           0  0.57s           2026-06-04T13:29:35                      45
/opt/airflow/dags/ehr_data_pipeline.py    168  0.00s             1           0  0.54s           2026-06-04T13:29:35                      45
================================================================================
[2026-06-04T13:30:35.816+0000] {manager.py:997} INFO - 
================================================================================
DAG File Processing Stats

File Path                                 PID  Runtime      # DAGs    # Errors  Last Runtime    Last Run               Last # of DB Queries
--------------------------------------  -----  ---------  --------  ----------  --------------  -------------------  ----------------------
/opt/airflow/dags/ehr_data_pipeline.py    178  0.01s             1           0  0.12s           2026-06-04T13:30:05                      12
/opt/airflow/dags/datahub_ingestion.py    175  0.03s             1           0  0.12s           2026-06-04T13:30:05                      12
================================================================================
[2026-06-04T13:31:06.135+0000] {manager.py:997} INFO - 
================================================================================
DAG File Processing Stats

File Path                                 PID  Runtime      # DAGs    # Errors  Last Runtime    Last Run               Last # of DB Queries
--------------------------------------  -----  ---------  --------  ----------  --------------  -------------------  ----------------------
/opt/airflow/dags/datahub_ingestion.py    239  0.02s             1           0  0.14s           2026-06-04T13:30:35                      12
/opt/airflow/dags/ehr_data_pipeline.py    242  0.01s             1           0  0.12s           2026-06-04T13:30:35                      12
================================================================================
[2026-06-04T13:31:36.476+0000] {manager.py:997} INFO - 
================================================================================
DAG File Processing Stats

File Path                                 PID  Runtime      # DAGs    # Errors  Last Runtime    Last Run               Last # of DB Queries
--------------------------------------  -----  ---------  --------  ----------  --------------  -------------------  ----------------------
/opt/airflow/dags/datahub_ingestion.py    250  0.03s             1           0  0.13s           2026-06-04T13:31:06                      12
/opt/airflow/dags/ehr_data_pipeline.py    253  0.01s             1           0  0.12s           2026-06-04T13:31:06                      12
================================================================================
[2026-06-04T13:32:06.811+0000] {manager.py:997} INFO - 
================================================================================
DAG File Processing Stats

File Path                                 PID  Runtime      # DAGs    # Errors  Last Runtime    Last Run               Last # of DB Queries
--------------------------------------  -----  ---------  --------  ----------  --------------  -------------------  ----------------------
/opt/airflow/dags/datahub_ingestion.py    260  0.03s             1           0  0.13s           2026-06-04T13:31:36                      12
/opt/airflow/dags/ehr_data_pipeline.py    263  0.01s             1           0  0.11s           2026-06-04T13:31:36                      12
================================================================================
[2026-06-04T13:32:37.215+0000] {manager.py:997} INFO - 
================================================================================
DAG File Processing Stats

File Path                                 PID  Runtime      # DAGs    # Errors  Last Runtime    Last Run               Last # of DB Queries
--------------------------------------  -----  ---------  --------  ----------  --------------  -------------------  ----------------------
/opt/airflow/dags/ehr_data_pipeline.py                           1           0  0.19s           2026-06-04T13:32:28                      12
/opt/airflow/dags/datahub_ingestion.py    275  0.01s             1           0  0.14s           2026-06-04T13:32:06                      12
================================================================================
[2026-06-04T13:33:07.554+0000] {manager.py:997} INFO - 
================================================================================
DAG File Processing Stats

File Path                                 PID  Runtime      # DAGs    # Errors  Last Runtime    Last Run               Last # of DB Queries
--------------------------------------  -----  ---------  --------  ----------  --------------  -------------------  ----------------------
/opt/airflow/dags/ehr_data_pipeline.py                           1           0  0.13s           2026-06-04T13:32:58                      12
/opt/airflow/dags/datahub_ingestion.py    285  0.01s             1           0  0.13s           2026-06-04T13:32:37                      12
================================================================================
[2026-06-04T13:33:37.974+0000] {manager.py:997} INFO - 
================================================================================
DAG File Processing Stats

File Path                                 PID  Runtime      # DAGs    # Errors  Last Runtime    Last Run               Last # of DB Queries
--------------------------------------  -----  ---------  --------  ----------  --------------  -------------------  ----------------------
/opt/airflow/dags/datahub_ingestion.py    295  0.01s             1           0  0.20s           2026-06-04T13:33:07                      12
/opt/airflow/dags/ehr_data_pipeline.py                           1           0  0.13s           2026-06-04T13:33:28                      12
================================================================================
[2026-06-04T13:34:08.231+0000] {manager.py:997} INFO - 
================================================================================
DAG File Processing Stats

File Path                               PID    Runtime      # DAGs    # Errors  Last Runtime    Last Run               Last # of DB Queries
--------------------------------------  -----  ---------  --------  ----------  --------------  -------------------  ----------------------
/opt/airflow/dags/datahub_ingestion.py                           1           0  0.30s           2026-06-04T13:33:38                      12
/opt/airflow/dags/ehr_data_pipeline.py                           1           0  0.11s           2026-06-04T13:33:59                      12
================================================================================
[2026-06-04T13:34:34.661+0000] {manager.py:821} INFO - Searching for files in /opt/airflow/dags
[2026-06-04T13:34:34.669+0000] {manager.py:824} INFO - There are 2 files in /opt/airflow/dags
[2026-06-04T13:34:38.654+0000] {manager.py:997} INFO - 
================================================================================
DAG File Processing Stats

File Path                                 PID  Runtime      # DAGs    # Errors  Last Runtime    Last Run               Last # of DB Queries
--------------------------------------  -----  ---------  --------  ----------  --------------  -------------------  ----------------------
/opt/airflow/dags/ehr_data_pipeline.py                           1           0  0.13s           2026-06-04T13:34:29                      12
/opt/airflow/dags/datahub_ingestion.py    315  0.01s             1           0  0.12s           2026-06-04T13:34:08                      12
================================================================================
[2026-06-04T13:35:08.977+0000] {manager.py:997} INFO - 
================================================================================
DAG File Processing Stats

File Path                                 PID  Runtime      # DAGs    # Errors  Last Runtime    Last Run               Last # of DB Queries
--------------------------------------  -----  ---------  --------  ----------  --------------  -------------------  ----------------------
/opt/airflow/dags/ehr_data_pipeline.py                           1           0  0.15s           2026-06-04T13:35:00                      12
/opt/airflow/dags/datahub_ingestion.py    325  0.01s             1           0  0.12s           2026-06-04T13:34:38                      12
================================================================================
[2026-06-04T13:35:39.343+0000] {manager.py:997} INFO - 
================================================================================
DAG File Processing Stats

File Path                                 PID  Runtime      # DAGs    # Errors  Last Runtime    Last Run               Last # of DB Queries
--------------------------------------  -----  ---------  --------  ----------  --------------  -------------------  ----------------------
/opt/airflow/dags/datahub_ingestion.py    335  0.01s             1           0  0.14s           2026-06-04T13:35:09                      12
/opt/airflow/dags/ehr_data_pipeline.py                           1           0  0.13s           2026-06-04T13:35:30                      12
================================================================================
[2026-06-04T13:36:09.687+0000] {manager.py:997} INFO - 
================================================================================
DAG File Processing Stats

File Path                                 PID  Runtime      # DAGs    # Errors  Last Runtime    Last Run               Last # of DB Queries
--------------------------------------  -----  ---------  --------  ----------  --------------  -------------------  ----------------------
/opt/airflow/dags/datahub_ingestion.py    345  0.01s             1           0  0.29s           2026-06-04T13:35:39                      12
/opt/airflow/dags/ehr_data_pipeline.py                           1           0  0.13s           2026-06-04T13:36:00                      12
================================================================================
[2026-06-04T13:36:40.063+0000] {manager.py:997} INFO - 
================================================================================
DAG File Processing Stats

File Path                                 PID  Runtime      # DAGs    # Errors  Last Runtime    Last Run               Last # of DB Queries
--------------------------------------  -----  ---------  --------  ----------  --------------  -------------------  ----------------------
/opt/airflow/dags/datahub_ingestion.py    355  0.01s             1           0  0.13s           2026-06-04T13:36:09                      12
/opt/airflow/dags/ehr_data_pipeline.py                           1           0  0.11s           2026-06-04T13:36:31                      12
================================================================================
[2026-06-04T13:37:10.397+0000] {manager.py:997} INFO - 
================================================================================
DAG File Processing Stats

File Path                                 PID  Runtime      # DAGs    # Errors  Last Runtime    Last Run               Last # of DB Queries
--------------------------------------  -----  ---------  --------  ----------  --------------  -------------------  ----------------------
/opt/airflow/dags/ehr_data_pipeline.py                           1           0  0.14s           2026-06-04T13:37:01                      12
/opt/airflow/dags/datahub_ingestion.py    365  0.01s             1           0  0.12s           2026-06-04T13:36:40                      12
================================================================================
[2026-06-04T13:37:40.765+0000] {manager.py:997} INFO - 
================================================================================
DAG File Processing Stats

File Path                                 PID  Runtime      # DAGs    # Errors  Last Runtime    Last Run               Last # of DB Queries
--------------------------------------  -----  ---------  --------  ----------  --------------  -------------------  ----------------------
/opt/airflow/dags/ehr_data_pipeline.py                           1           0  0.14s           2026-06-04T13:37:31                      12
/opt/airflow/dags/datahub_ingestion.py    375  0.01s             1           0  0.11s           2026-06-04T13:37:10                      12
================================================================================
[2026-06-04T13:38:11.252+0000] {manager.py:997} INFO - 
================================================================================
DAG File Processing Stats

File Path                                 PID  Runtime      # DAGs    # Errors  Last Runtime    Last Run               Last # of DB Queries
--------------------------------------  -----  ---------  --------  ----------  --------------  -------------------  ----------------------
/opt/airflow/dags/datahub_ingestion.py    385  0.01s             1           0  0.29s           2026-06-04T13:37:41                      12
/opt/airflow/dags/ehr_data_pipeline.py                           1           0  0.29s           2026-06-04T13:38:02                      12
================================================================================
[2026-06-04T13:38:41.606+0000] {manager.py:997} INFO - 
================================================================================
DAG File Processing Stats

File Path                                 PID  Runtime      # DAGs    # Errors  Last Runtime    Last Run               Last # of DB Queries
--------------------------------------  -----  ---------  --------  ----------  --------------  -------------------  ----------------------
/opt/airflow/dags/ehr_data_pipeline.py                           1           0  0.14s           2026-06-04T13:38:32                      12
/opt/airflow/dags/datahub_ingestion.py    395  0.01s             1           0  0.13s           2026-06-04T13:38:11                      12
================================================================================
[2026-06-04T13:39:11.947+0000] {manager.py:997} INFO - 
================================================================================
DAG File Processing Stats

File Path                                 PID  Runtime      # DAGs    # Errors  Last Runtime    Last Run               Last # of DB Queries
--------------------------------------  -----  ---------  --------  ----------  --------------  -------------------  ----------------------
/opt/airflow/dags/datahub_ingestion.py    405  0.01s             1           0  0.13s           2026-06-04T13:38:41                      12
/opt/airflow/dags/ehr_data_pipeline.py                           1           0  0.13s           2026-06-04T13:39:02                      12
================================================================================
[2026-06-04T13:39:35.243+0000] {manager.py:821} INFO - Searching for files in /opt/airflow/dags
[2026-06-04T13:39:35.244+0000] {manager.py:824} INFO - There are 2 files in /opt/airflow/dags
[2026-06-04T13:39:42.319+0000] {manager.py:997} INFO - 
================================================================================
DAG File Processing Stats

File Path                                 PID  Runtime      # DAGs    # Errors  Last Runtime    Last Run               Last # of DB Queries
--------------------------------------  -----  ---------  --------  ----------  --------------  -------------------  ----------------------
/opt/airflow/dags/datahub_ingestion.py    415  0.01s             1           0  0.16s           2026-06-04T13:39:12                      12
/opt/airflow/dags/ehr_data_pipeline.py                           1           0  0.13s           2026-06-04T13:39:33                      12
================================================================================
[2026-06-04T13:40:12.824+0000] {manager.py:997} INFO - 
================================================================================
DAG File Processing Stats

File Path                                 PID  Runtime      # DAGs    # Errors  Last Runtime    Last Run               Last # of DB Queries
--------------------------------------  -----  ---------  --------  ----------  --------------  -------------------  ----------------------
/opt/airflow/dags/ehr_data_pipeline.py                           1           0  0.29s           2026-06-04T13:40:03                      12
/opt/airflow/dags/datahub_ingestion.py    425  0.01s             1           0  0.28s           2026-06-04T13:39:42                      12
================================================================================
[2026-06-04T13:40:43.121+0000] {manager.py:997} INFO - 
================================================================================
DAG File Processing Stats

File Path                                 PID  Runtime      # DAGs    # Errors  Last Runtime    Last Run               Last # of DB Queries
--------------------------------------  -----  ---------  --------  ----------  --------------  -------------------  ----------------------
/opt/airflow/dags/datahub_ingestion.py    435  0.01s             1           0  0.28s           2026-06-04T13:40:13                      12
/opt/airflow/dags/ehr_data_pipeline.py                           1           0  0.14s           2026-06-04T13:40:34                      12
================================================================================
[2026-06-04T13:41:13.488+0000] {manager.py:997} INFO - 
================================================================================
DAG File Processing Stats

File Path                                 PID  Runtime      # DAGs    # Errors  Last Runtime    Last Run               Last # of DB Queries
--------------------------------------  -----  ---------  --------  ----------  --------------  -------------------  ----------------------
/opt/airflow/dags/ehr_data_pipeline.py                           1           0  0.13s           2026-06-04T13:41:04                      12
/opt/airflow/dags/datahub_ingestion.py    445  0.01s             1           0  0.13s           2026-06-04T13:40:43                      12
================================================================================
[2026-06-04T13:41:43.842+0000] {manager.py:997} INFO - 
================================================================================
DAG File Processing Stats

File Path                                 PID  Runtime      # DAGs    # Errors  Last Runtime    Last Run               Last # of DB Queries
--------------------------------------  -----  ---------  --------  ----------  --------------  -------------------  ----------------------
/opt/airflow/dags/datahub_ingestion.py    455  0.01s             1           0  0.16s           2026-06-04T13:41:13                      12
/opt/airflow/dags/ehr_data_pipeline.py                           1           0  0.13s           2026-06-04T13:41:34                      12
================================================================================
[2026-06-04T13:42:14.346+0000] {manager.py:997} INFO - 
================================================================================
DAG File Processing Stats

File Path                                 PID  Runtime      # DAGs    # Errors  Last Runtime    Last Run               Last # of DB Queries
--------------------------------------  -----  ---------  --------  ----------  --------------  -------------------  ----------------------
/opt/airflow/dags/ehr_data_pipeline.py                           1           0  0.38s           2026-06-04T13:42:05                      12
/opt/airflow/dags/datahub_ingestion.py    465  0.01s             1           0  0.28s           2026-06-04T13:41:44                      12
================================================================================
[2026-06-04T13:42:44.772+0000] {manager.py:997} INFO - 
================================================================================
DAG File Processing Stats

File Path                                 PID  Runtime      # DAGs    # Errors  Last Runtime    Last Run               Last # of DB Queries
--------------------------------------  -----  ---------  --------  ----------  --------------  -------------------  ----------------------
/opt/airflow/dags/datahub_ingestion.py    475  0.01s             1           0  0.37s           2026-06-04T13:42:14                      12
/opt/airflow/dags/ehr_data_pipeline.py                           1           0  0.14s           2026-06-04T13:42:35                      12
================================================================================
[2026-06-04T13:43:15.145+0000] {manager.py:997} INFO - 
================================================================================
DAG File Processing Stats

File Path                                 PID  Runtime      # DAGs    # Errors  Last Runtime    Last Run               Last # of DB Queries
--------------------------------------  -----  ---------  --------  ----------  --------------  -------------------  ----------------------
/opt/airflow/dags/datahub_ingestion.py    485  0.01s             1           0  0.14s           2026-06-04T13:42:44                      12
/opt/airflow/dags/ehr_data_pipeline.py                           1           0  0.11s           2026-06-04T13:43:06                      12
================================================================================
[2026-06-04T13:43:45.477+0000] {manager.py:997} INFO - 
================================================================================
DAG File Processing Stats

File Path                                 PID  Runtime      # DAGs    # Errors  Last Runtime    Last Run               Last # of DB Queries
--------------------------------------  -----  ---------  --------  ----------  --------------  -------------------  ----------------------
/opt/airflow/dags/datahub_ingestion.py    495  0.01s             1           0  0.14s           2026-06-04T13:43:15                      12
/opt/airflow/dags/ehr_data_pipeline.py                           1           0  0.12s           2026-06-04T13:43:36                      12
================================================================================
[2026-06-04T13:44:15.973+0000] {manager.py:997} INFO - 
================================================================================
DAG File Processing Stats

File Path                                 PID  Runtime      # DAGs    # Errors  Last Runtime    Last Run               Last # of DB Queries
--------------------------------------  -----  ---------  --------  ----------  --------------  -------------------  ----------------------
/opt/airflow/dags/ehr_data_pipeline.py                           1           0  0.29s           2026-06-04T13:44:07                      12
/opt/airflow/dags/datahub_ingestion.py    505  0.01s             1           0  0.29s           2026-06-04T13:43:45                      12
================================================================================
[2026-06-04T13:44:35.372+0000] {manager.py:821} INFO - Searching for files in /opt/airflow/dags
[2026-06-04T13:44:35.375+0000] {manager.py:824} INFO - There are 2 files in /opt/airflow/dags
[2026-06-04T13:44:46.489+0000] {manager.py:997} INFO - 
================================================================================
DAG File Processing Stats

File Path                                 PID  Runtime      # DAGs    # Errors  Last Runtime    Last Run               Last # of DB Queries
--------------------------------------  -----  ---------  --------  ----------  --------------  -------------------  ----------------------
/opt/airflow/dags/datahub_ingestion.py    515  0.01s             1           0  0.29s           2026-06-04T13:44:16                      12
/opt/airflow/dags/ehr_data_pipeline.py                           1           0  0.28s           2026-06-04T13:44:37                      12
================================================================================
[2026-06-04T13:45:16.806+0000] {manager.py:997} INFO - 
================================================================================
DAG File Processing Stats

File Path                                 PID  Runtime      # DAGs    # Errors  Last Runtime    Last Run               Last # of DB Queries
--------------------------------------  -----  ---------  --------  ----------  --------------  -------------------  ----------------------
/opt/airflow/dags/datahub_ingestion.py    525  0.01s             1           0  0.28s           2026-06-04T13:44:46                      12
/opt/airflow/dags/ehr_data_pipeline.py                           1           0  0.12s           2026-06-04T13:45:07                      12
================================================================================
[2026-06-04T13:45:47.149+0000] {manager.py:997} INFO - 
================================================================================
DAG File Processing Stats

File Path                                 PID  Runtime      # DAGs    # Errors  Last Runtime    Last Run               Last # of DB Queries
--------------------------------------  -----  ---------  --------  ----------  --------------  -------------------  ----------------------
/opt/airflow/dags/datahub_ingestion.py    535  0.01s             1           0  0.12s           2026-06-04T13:45:16                      12
/opt/airflow/dags/ehr_data_pipeline.py                           1           0  0.12s           2026-06-04T13:45:38                      12
================================================================================
[2026-06-04T13:46:17.526+0000] {manager.py:997} INFO - 
================================================================================
DAG File Processing Stats

File Path                                 PID  Runtime      # DAGs    # Errors  Last Runtime    Last Run               Last # of DB Queries
--------------------------------------  -----  ---------  --------  ----------  --------------  -------------------  ----------------------
/opt/airflow/dags/ehr_data_pipeline.py                           1           0  0.14s           2026-06-04T13:45:55                      12
/opt/airflow/dags/datahub_ingestion.py    610  0.01s             1           0  0.13s           2026-06-04T13:45:47                      12
================================================================================
[2026-06-04T13:46:47.909+0000] {manager.py:997} INFO - 
================================================================================
DAG File Processing Stats

File Path                                 PID  Runtime      # DAGs    # Errors  Last Runtime    Last Run               Last # of DB Queries
--------------------------------------  -----  ---------  --------  ----------  --------------  -------------------  ----------------------
/opt/airflow/dags/datahub_ingestion.py    620  0.01s             1           0  0.15s           2026-06-04T13:46:17                      12
/opt/airflow/dags/ehr_data_pipeline.py                           1           0  0.14s           2026-06-04T13:46:25                      12
================================================================================
[2026-06-04T13:47:18.274+0000] {manager.py:997} INFO - 
================================================================================
DAG File Processing Stats

File Path                                 PID  Runtime      # DAGs    # Errors  Last Runtime    Last Run               Last # of DB Queries
--------------------------------------  -----  ---------  --------  ----------  --------------  -------------------  ----------------------
/opt/airflow/dags/datahub_ingestion.py    630  0.01s             1           0  0.14s           2026-06-04T13:46:48                      12
/opt/airflow/dags/ehr_data_pipeline.py                           1           0  0.12s           2026-06-04T13:46:56                      12
================================================================================
[2026-06-04T13:47:48.614+0000] {manager.py:997} INFO - 
================================================================================
DAG File Processing Stats

File Path                                 PID  Runtime      # DAGs    # Errors  Last Runtime    Last Run               Last # of DB Queries
--------------------------------------  -----  ---------  --------  ----------  --------------  -------------------  ----------------------
/opt/airflow/dags/ehr_data_pipeline.py                           1           0  0.15s           2026-06-04T13:47:26                      12
/opt/airflow/dags/datahub_ingestion.py    640  0.00s             1           0  0.13s           2026-06-04T13:47:18                      12
================================================================================
[2026-06-04T13:48:18.965+0000] {manager.py:997} INFO - 
================================================================================
DAG File Processing Stats

File Path                                 PID  Runtime      # DAGs    # Errors  Last Runtime    Last Run               Last # of DB Queries
--------------------------------------  -----  ---------  --------  ----------  --------------  -------------------  ----------------------
/opt/airflow/dags/ehr_data_pipeline.py                           1           0  0.13s           2026-06-04T13:47:56                      12
/opt/airflow/dags/datahub_ingestion.py    650  0.01s             1           0  0.13s           2026-06-04T13:47:48                      12
================================================================================
[2026-06-04T13:48:49.409+0000] {manager.py:997} INFO - 
================================================================================
DAG File Processing Stats

File Path                                 PID  Runtime      # DAGs    # Errors  Last Runtime    Last Run               Last # of DB Queries
--------------------------------------  -----  ---------  --------  ----------  --------------  -------------------  ----------------------
/opt/airflow/dags/datahub_ingestion.py    698  0.01s             1           0  0.14s           2026-06-04T13:48:19                      12
/opt/airflow/dags/ehr_data_pipeline.py                           1           0  0.13s           2026-06-04T13:48:46                      12
================================================================================
[2026-06-04T13:49:19.749+0000] {manager.py:997} INFO - 
================================================================================
DAG File Processing Stats

File Path                                 PID  Runtime      # DAGs    # Errors  Last Runtime    Last Run               Last # of DB Queries
--------------------------------------  -----  ---------  --------  ----------  --------------  -------------------  ----------------------
/opt/airflow/dags/datahub_ingestion.py    759  0.01s             1           0  0.15s           2026-06-04T13:48:49                      12
/opt/airflow/dags/ehr_data_pipeline.py                           1           0  0.12s           2026-06-04T13:49:16                      12
================================================================================
[2026-06-04T13:49:35.933+0000] {manager.py:821} INFO - Searching for files in /opt/airflow/dags
[2026-06-04T13:49:35.937+0000] {manager.py:824} INFO - There are 2 files in /opt/airflow/dags
[2026-06-04T13:49:50.106+0000] {manager.py:997} INFO - 
================================================================================
DAG File Processing Stats

File Path                                 PID  Runtime      # DAGs    # Errors  Last Runtime    Last Run               Last # of DB Queries
--------------------------------------  -----  ---------  --------  ----------  --------------  -------------------  ----------------------
/opt/airflow/dags/datahub_ingestion.py    769  0.01s             1           0  0.14s           2026-06-04T13:49:19                      12
/opt/airflow/dags/ehr_data_pipeline.py                           1           0  0.14s           2026-06-04T13:49:47                      12
================================================================================
[2026-06-04T13:50:20.476+0000] {manager.py:997} INFO - 
================================================================================
DAG File Processing Stats

File Path                                 PID  Runtime      # DAGs    # Errors  Last Runtime    Last Run               Last # of DB Queries
--------------------------------------  -----  ---------  --------  ----------  --------------  -------------------  ----------------------
/opt/airflow/dags/ehr_data_pipeline.py                           1           0  0.19s           2026-06-04T13:50:07                      12
/opt/airflow/dags/datahub_ingestion.py    779  0.01s             1           0  0.13s           2026-06-04T13:49:50                      12
================================================================================
[2026-06-04T13:50:50.805+0000] {manager.py:997} INFO - 
================================================================================
DAG File Processing Stats

File Path                               PID    Runtime      # DAGs    # Errors  Last Runtime    Last Run               Last # of DB Queries
--------------------------------------  -----  ---------  --------  ----------  --------------  -------------------  ----------------------
/opt/airflow/dags/datahub_ingestion.py                           1           0  10.04s          2026-06-04T13:50:30                      12
/opt/airflow/dags/ehr_data_pipeline.py                           1           0  4.43s           2026-06-04T13:50:42                      12
================================================================================
[2026-06-04T13:51:21.279+0000] {manager.py:997} INFO - 
================================================================================
DAG File Processing Stats

File Path                               PID    Runtime      # DAGs    # Errors  Last Runtime    Last Run               Last # of DB Queries
--------------------------------------  -----  ---------  --------  ----------  --------------  -------------------  ----------------------
/opt/airflow/dags/ehr_data_pipeline.py                           1           0  0.15s           2026-06-04T13:51:19                      12
/opt/airflow/dags/datahub_ingestion.py                           1           0  0.12s           2026-06-04T13:51:00                      12
================================================================================
[2026-06-04T13:51:51.545+0000] {manager.py:997} INFO - 
================================================================================
DAG File Processing Stats

File Path                               PID    Runtime      # DAGs    # Errors  Last Runtime    Last Run               Last # of DB Queries
--------------------------------------  -----  ---------  --------  ----------  --------------  -------------------  ----------------------
/opt/airflow/dags/datahub_ingestion.py                           1           0  0.14s           2026-06-04T13:51:31                      12
/opt/airflow/dags/ehr_data_pipeline.py                           1           0  0.14s           2026-06-04T13:51:49                      12
================================================================================
[2026-06-04T13:52:21.820+0000] {manager.py:997} INFO - 
================================================================================
DAG File Processing Stats

File Path                               PID    Runtime      # DAGs    # Errors  Last Runtime    Last Run               Last # of DB Queries
--------------------------------------  -----  ---------  --------  ----------  --------------  -------------------  ----------------------
/opt/airflow/dags/ehr_data_pipeline.py                           1           0  0.25s           2026-06-04T13:52:20                      12
/opt/airflow/dags/datahub_ingestion.py                           1           0  0.12s           2026-06-04T13:52:01                      12
================================================================================
[2026-06-04T13:52:52.165+0000] {manager.py:997} INFO - 
================================================================================
DAG File Processing Stats

File Path                               PID    Runtime      # DAGs    # Errors  Last Runtime    Last Run               Last # of DB Queries
--------------------------------------  -----  ---------  --------  ----------  --------------  -------------------  ----------------------
/opt/airflow/dags/datahub_ingestion.py                           1           0  0.22s           2026-06-04T13:52:32                      12
/opt/airflow/dags/ehr_data_pipeline.py                           1           0  0.15s           2026-06-04T13:52:50                      12
================================================================================
[2026-06-04T13:53:22.408+0000] {manager.py:997} INFO - 
================================================================================
DAG File Processing Stats

File Path                               PID    Runtime      # DAGs    # Errors  Last Runtime    Last Run               Last # of DB Queries
--------------------------------------  -----  ---------  --------  ----------  --------------  -------------------  ----------------------
/opt/airflow/dags/ehr_data_pipeline.py                           1           0  0.19s           2026-06-04T13:53:20                      12
/opt/airflow/dags/datahub_ingestion.py                           1           0  0.10s           2026-06-04T13:53:02                      12
================================================================================
[2026-06-04T13:53:52.634+0000] {manager.py:997} INFO - 
================================================================================
DAG File Processing Stats

File Path                               PID    Runtime      # DAGs    # Errors  Last Runtime    Last Run               Last # of DB Queries
--------------------------------------  -----  ---------  --------  ----------  --------------  -------------------  ----------------------
/opt/airflow/dags/ehr_data_pipeline.py                           1           0  0.12s           2026-06-04T13:53:50                      12
/opt/airflow/dags/datahub_ingestion.py                           1           0  0.09s           2026-06-04T13:53:32                      12
================================================================================
[2026-06-04T13:54:22.904+0000] {manager.py:997} INFO - 
================================================================================
DAG File Processing Stats

File Path                               PID    Runtime      # DAGs    # Errors  Last Runtime    Last Run               Last # of DB Queries
--------------------------------------  -----  ---------  --------  ----------  --------------  -------------------  ----------------------
/opt/airflow/dags/ehr_data_pipeline.py                           1           0  0.19s           2026-06-04T13:54:21                      12
/opt/airflow/dags/datahub_ingestion.py                           1           0  0.13s           2026-06-04T13:54:02                      12
================================================================================
[2026-06-04T13:54:36.130+0000] {manager.py:821} INFO - Searching for files in /opt/airflow/dags
[2026-06-04T13:54:36.132+0000] {manager.py:824} INFO - There are 2 files in /opt/airflow/dags
[2026-06-04T13:54:53.291+0000] {manager.py:997} INFO - 
================================================================================
DAG File Processing Stats

File Path                               PID    Runtime      # DAGs    # Errors  Last Runtime    Last Run               Last # of DB Queries
--------------------------------------  -----  ---------  --------  ----------  --------------  -------------------  ----------------------
/opt/airflow/dags/ehr_data_pipeline.py                           1           0  0.33s           2026-06-04T13:54:51                      12
/opt/airflow/dags/datahub_ingestion.py                           1           0  0.25s           2026-06-04T13:54:33                      12
================================================================================
[2026-06-04T13:55:23.737+0000] {manager.py:997} INFO - 
================================================================================
DAG File Processing Stats

File Path                               PID    Runtime      # DAGs    # Errors  Last Runtime    Last Run               Last # of DB Queries
--------------------------------------  -----  ---------  --------  ----------  --------------  -------------------  ----------------------
/opt/airflow/dags/datahub_ingestion.py                           1           0  0.31s           2026-06-04T13:55:03                      12
/opt/airflow/dags/ehr_data_pipeline.py                           1           0  0.16s           2026-06-04T13:55:21                      12
================================================================================
[2026-06-04T13:55:54.016+0000] {manager.py:997} INFO - 
================================================================================
DAG File Processing Stats

File Path                               PID    Runtime      # DAGs    # Errors  Last Runtime    Last Run               Last # of DB Queries
--------------------------------------  -----  ---------  --------  ----------  --------------  -------------------  ----------------------
/opt/airflow/dags/datahub_ingestion.py                           1           0  0.16s           2026-06-04T13:55:33                      12
/opt/airflow/dags/ehr_data_pipeline.py                           1           0  0.15s           2026-06-04T13:55:52                      12
================================================================================
[2026-06-04T13:56:24.351+0000] {manager.py:997} INFO - 
================================================================================
DAG File Processing Stats

File Path                               PID    Runtime      # DAGs    # Errors  Last Runtime    Last Run               Last # of DB Queries
--------------------------------------  -----  ---------  --------  ----------  --------------  -------------------  ----------------------
/opt/airflow/dags/ehr_data_pipeline.py                           1           0  0.14s           2026-06-04T13:56:22                      12
/opt/airflow/dags/datahub_ingestion.py                           1           0  0.13s           2026-06-04T13:56:04                      12
================================================================================
[2026-06-04T13:56:54.695+0000] {manager.py:997} INFO - 
================================================================================
DAG File Processing Stats

File Path                               PID    Runtime      # DAGs    # Errors  Last Runtime    Last Run               Last # of DB Queries
--------------------------------------  -----  ---------  --------  ----------  --------------  -------------------  ----------------------
/opt/airflow/dags/datahub_ingestion.py                           1           0  0.16s           2026-06-04T13:56:34                      12
/opt/airflow/dags/ehr_data_pipeline.py                           1           0  0.12s           2026-06-04T13:56:52                      12
================================================================================
[2026-06-04T13:57:24.952+0000] {manager.py:997} INFO - 
================================================================================
DAG File Processing Stats

File Path                               PID    Runtime      # DAGs    # Errors  Last Runtime    Last Run               Last # of DB Queries
--------------------------------------  -----  ---------  --------  ----------  --------------  -------------------  ----------------------
/opt/airflow/dags/ehr_data_pipeline.py                           1           0  0.33s           2026-06-04T13:57:23                      12
/opt/airflow/dags/datahub_ingestion.py                           1           0  0.12s           2026-06-04T13:57:04                      12
================================================================================
[2026-06-04T13:57:55.288+0000] {manager.py:997} INFO - 
================================================================================
DAG File Processing Stats

File Path                               PID    Runtime      # DAGs    # Errors  Last Runtime    Last Run               Last # of DB Queries
--------------------------------------  -----  ---------  --------  ----------  --------------  -------------------  ----------------------
/opt/airflow/dags/datahub_ingestion.py                           1           0  0.18s           2026-06-04T13:57:35                      12
/opt/airflow/dags/ehr_data_pipeline.py                           1           0  0.12s           2026-06-04T13:57:53                      12
================================================================================
[2026-06-04T13:58:25.636+0000] {manager.py:997} INFO - 
================================================================================
DAG File Processing Stats

File Path                               PID    Runtime      # DAGs    # Errors  Last Runtime    Last Run               Last # of DB Queries
--------------------------------------  -----  ---------  --------  ----------  --------------  -------------------  ----------------------
/opt/airflow/dags/ehr_data_pipeline.py                           1           0  0.12s           2026-06-04T13:58:23                      12
/opt/airflow/dags/datahub_ingestion.py                           1           0  0.12s           2026-06-04T13:58:05                      12
================================================================================
[2026-06-04T13:58:56.001+0000] {manager.py:997} INFO - 
================================================================================
DAG File Processing Stats

File Path                               PID    Runtime      # DAGs    # Errors  Last Runtime    Last Run               Last # of DB Queries
--------------------------------------  -----  ---------  --------  ----------  --------------  -------------------  ----------------------
/opt/airflow/dags/datahub_ingestion.py                           1           0  0.15s           2026-06-04T13:58:35                      12
/opt/airflow/dags/ehr_data_pipeline.py                           1           0  0.13s           2026-06-04T13:58:54                      12
================================================================================
[2026-06-04T13:59:26.345+0000] {manager.py:997} INFO - 
================================================================================
DAG File Processing Stats

File Path                               PID    Runtime      # DAGs    # Errors  Last Runtime    Last Run               Last # of DB Queries
--------------------------------------  -----  ---------  --------  ----------  --------------  -------------------  ----------------------
/opt/airflow/dags/ehr_data_pipeline.py                           1           0  0.16s           2026-06-04T13:59:24                      12
/opt/airflow/dags/datahub_ingestion.py                           1           0  0.13s           2026-06-04T13:59:06                      12
================================================================================
[2026-06-04T13:59:36.428+0000] {manager.py:821} INFO - Searching for files in /opt/airflow/dags
[2026-06-04T13:59:36.432+0000] {manager.py:824} INFO - There are 2 files in /opt/airflow/dags
[2026-06-04T13:59:56.727+0000] {manager.py:997} INFO - 
================================================================================
DAG File Processing Stats

File Path                               PID    Runtime      # DAGs    # Errors  Last Runtime    Last Run               Last # of DB Queries
--------------------------------------  -----  ---------  --------  ----------  --------------  -------------------  ----------------------
/opt/airflow/dags/datahub_ingestion.py                           1           0  0.12s           2026-06-04T13:59:36                      12
/opt/airflow/dags/ehr_data_pipeline.py                           1           0  0.12s           2026-06-04T13:59:54                      12
================================================================================
[2026-06-04T14:00:27.079+0000] {manager.py:997} INFO - 
================================================================================
DAG File Processing Stats

File Path                               PID    Runtime      # DAGs    # Errors  Last Runtime    Last Run               Last # of DB Queries
--------------------------------------  -----  ---------  --------  ----------  --------------  -------------------  ----------------------
/opt/airflow/dags/ehr_data_pipeline.py                           1           0  0.14s           2026-06-04T14:00:25                      12
/opt/airflow/dags/datahub_ingestion.py                           1           0  0.13s           2026-06-04T14:00:06                      12
================================================================================
[2026-06-04T14:00:57.443+0000] {manager.py:997} INFO - 
================================================================================
DAG File Processing Stats

File Path                               PID    Runtime      # DAGs    # Errors  Last Runtime    Last Run               Last # of DB Queries
--------------------------------------  -----  ---------  --------  ----------  --------------  -------------------  ----------------------
/opt/airflow/dags/datahub_ingestion.py                           1           0  0.13s           2026-06-04T14:00:37                      12
/opt/airflow/dags/ehr_data_pipeline.py                           1           0  0.11s           2026-06-04T14:00:55                      12
================================================================================
[2026-06-04T14:01:27.774+0000] {manager.py:997} INFO - 
================================================================================
DAG File Processing Stats

File Path                               PID    Runtime      # DAGs    # Errors  Last Runtime    Last Run               Last # of DB Queries
--------------------------------------  -----  ---------  --------  ----------  --------------  -------------------  ----------------------
/opt/airflow/dags/datahub_ingestion.py                           1           0  0.14s           2026-06-04T14:01:07                      12
/opt/airflow/dags/ehr_data_pipeline.py                           1           0  0.13s           2026-06-04T14:01:25                      12
================================================================================
[2026-06-04T14:01:58.176+0000] {manager.py:997} INFO - 
================================================================================
DAG File Processing Stats

File Path                               PID    Runtime      # DAGs    # Errors  Last Runtime    Last Run               Last # of DB Queries
--------------------------------------  -----  ---------  --------  ----------  --------------  -------------------  ----------------------
/opt/airflow/dags/datahub_ingestion.py                           1           0  0.18s           2026-06-04T14:01:38                      12
/opt/airflow/dags/ehr_data_pipeline.py                           1           0  0.13s           2026-06-04T14:01:56                      12
================================================================================
[2026-06-04T14:02:28.497+0000] {manager.py:997} INFO - 
================================================================================
DAG File Processing Stats

File Path                               PID    Runtime      # DAGs    # Errors  Last Runtime    Last Run               Last # of DB Queries
--------------------------------------  -----  ---------  --------  ----------  --------------  -------------------  ----------------------
/opt/airflow/dags/datahub_ingestion.py                           1           0  0.13s           2026-06-04T14:02:08                      12
/opt/airflow/dags/ehr_data_pipeline.py                           1           0  0.13s           2026-06-04T14:02:26                      12
================================================================================
[2026-06-04T14:02:58.841+0000] {manager.py:997} INFO - 
================================================================================
DAG File Processing Stats

File Path                               PID    Runtime      # DAGs    # Errors  Last Runtime    Last Run               Last # of DB Queries
--------------------------------------  -----  ---------  --------  ----------  --------------  -------------------  ----------------------
/opt/airflow/dags/datahub_ingestion.py                           1           0  0.14s           2026-06-04T14:02:38                      12
/opt/airflow/dags/ehr_data_pipeline.py                           1           0  0.12s           2026-06-04T14:02:56                      12
================================================================================
[2026-06-04T14:03:29.182+0000] {manager.py:997} INFO - 
================================================================================
DAG File Processing Stats

File Path                               PID    Runtime      # DAGs    # Errors  Last Runtime    Last Run               Last # of DB Queries
--------------------------------------  -----  ---------  --------  ----------  --------------  -------------------  ----------------------
/opt/airflow/dags/ehr_data_pipeline.py                           1           0  0.16s           2026-06-04T14:03:27                      12
/opt/airflow/dags/datahub_ingestion.py                           1           0  0.13s           2026-06-04T14:03:09                      12
================================================================================
[2026-06-04T14:03:59.568+0000] {manager.py:997} INFO - 
================================================================================
DAG File Processing Stats

File Path                               PID    Runtime      # DAGs    # Errors  Last Runtime    Last Run               Last # of DB Queries
--------------------------------------  -----  ---------  --------  ----------  --------------  -------------------  ----------------------
/opt/airflow/dags/ehr_data_pipeline.py                           1           0  0.15s           2026-06-04T14:03:57                      12
/opt/airflow/dags/datahub_ingestion.py                           1           0  0.14s           2026-06-04T14:03:39                      12
================================================================================
[2026-06-04T14:04:29.902+0000] {manager.py:997} INFO - 
================================================================================
DAG File Processing Stats

File Path                               PID    Runtime      # DAGs    # Errors  Last Runtime    Last Run               Last # of DB Queries
--------------------------------------  -----  ---------  --------  ----------  --------------  -------------------  ----------------------
/opt/airflow/dags/ehr_data_pipeline.py                           1           0  0.14s           2026-06-04T14:04:27                      12
/opt/airflow/dags/datahub_ingestion.py                           1           0  0.12s           2026-06-04T14:04:09                      12
================================================================================
[2026-06-04T14:04:36.947+0000] {manager.py:821} INFO - Searching for files in /opt/airflow/dags
[2026-06-04T14:04:36.951+0000] {manager.py:824} INFO - There are 2 files in /opt/airflow/dags
[2026-06-04T14:04:49.780+0000] {manager.py:465} INFO - Exiting gracefully upon receiving signal 15
[2026-06-04T14:09:48.603+0000] {manager.py:483} INFO - Processing files using up to 2 processes at a time 
[2026-06-04T14:09:48.604+0000] {manager.py:484} INFO - Process each file at most once every 30 seconds
[2026-06-04T14:09:48.604+0000] {manager.py:485} INFO - Checking for new files in /opt/airflow/dags every 300 seconds
[2026-06-04T14:09:48.604+0000] {manager.py:821} INFO - Searching for files in /opt/airflow/dags
[2026-06-04T14:09:48.605+0000] {manager.py:824} INFO - There are 2 files in /opt/airflow/dags
[2026-06-04T14:09:48.673+0000] {manager.py:997} INFO - 
================================================================================
DAG File Processing Stats

File Path                                 PID  Runtime      # DAGs    # Errors  Last Runtime    Last Run      Last # of DB Queries
--------------------------------------  -----  ---------  --------  ----------  --------------  ----------  ----------------------
/opt/airflow/dags/datahub_ingestion.py    158  0.02s             0           0                                                   0
/opt/airflow/dags/ehr_data_pipeline.py    155  0.03s             0           0                                                   0
================================================================================
[2026-06-04T14:10:19.019+0000] {manager.py:997} INFO - 
================================================================================
DAG File Processing Stats

File Path                                 PID  Runtime      # DAGs    # Errors  Last Runtime    Last Run               Last # of DB Queries
--------------------------------------  -----  ---------  --------  ----------  --------------  -------------------  ----------------------
/opt/airflow/dags/ehr_data_pipeline.py    165  0.02s             1           0  0.13s           2026-06-04T14:09:48                      12
/opt/airflow/dags/datahub_ingestion.py    168  0.01s             1           0  0.12s           2026-06-04T14:09:48                      12
================================================================================
[2026-06-04T14:10:49.401+0000] {manager.py:997} INFO - 
================================================================================
DAG File Processing Stats

File Path                                 PID  Runtime      # DAGs    # Errors  Last Runtime    Last Run               Last # of DB Queries
--------------------------------------  -----  ---------  --------  ----------  --------------  -------------------  ----------------------
/opt/airflow/dags/ehr_data_pipeline.py    175  0.02s             1           0  0.14s           2026-06-04T14:10:19                      12
/opt/airflow/dags/datahub_ingestion.py    178  0.01s             1           0  0.12s           2026-06-04T14:10:19                      12
================================================================================
[2026-06-04T14:11:19.693+0000] {manager.py:997} INFO - 
================================================================================
DAG File Processing Stats

File Path                                 PID  Runtime      # DAGs    # Errors  Last Runtime    Last Run               Last # of DB Queries
--------------------------------------  -----  ---------  --------  ----------  --------------  -------------------  ----------------------
/opt/airflow/dags/ehr_data_pipeline.py                           1           0  0.12s           2026-06-04T14:11:12                      12
/opt/airflow/dags/datahub_ingestion.py    327  0.01s             1           0  0.12s           2026-06-04T14:10:49                      12
================================================================================
[2026-06-04T14:11:49.988+0000] {manager.py:997} INFO - 
================================================================================
DAG File Processing Stats

File Path                                 PID  Runtime      # DAGs    # Errors  Last Runtime    Last Run               Last # of DB Queries
--------------------------------------  -----  ---------  --------  ----------  --------------  -------------------  ----------------------
/opt/airflow/dags/ehr_data_pipeline.py                           1           0  0.25s           2026-06-04T14:11:43                      12
/opt/airflow/dags/datahub_ingestion.py    595  0.01s             1           0  0.16s           2026-06-04T14:11:19                      12
================================================================================
[2026-06-04T14:12:20.312+0000] {manager.py:997} INFO - 
================================================================================
DAG File Processing Stats

File Path                                 PID  Runtime      # DAGs    # Errors  Last Runtime    Last Run               Last # of DB Queries
--------------------------------------  -----  ---------  --------  ----------  --------------  -------------------  ----------------------
/opt/airflow/dags/ehr_data_pipeline.py                           1           0  0.20s           2026-06-04T14:12:13                      12
/opt/airflow/dags/datahub_ingestion.py    900  0.01s             1           0  0.17s           2026-06-04T14:11:50                      12
================================================================================
[2026-06-04T14:12:50.701+0000] {manager.py:997} INFO - 
================================================================================
DAG File Processing Stats

File Path                                 PID  Runtime      # DAGs    # Errors  Last Runtime    Last Run               Last # of DB Queries
--------------------------------------  -----  ---------  --------  ----------  --------------  -------------------  ----------------------
/opt/airflow/dags/datahub_ingestion.py    999  0.00s             1           0  0.27s           2026-06-04T14:12:20                      12
/opt/airflow/dags/ehr_data_pipeline.py                           1           0  0.12s           2026-06-04T14:12:43                      12
================================================================================
[2026-06-04T14:13:20.949+0000] {manager.py:997} INFO - 
================================================================================
DAG File Processing Stats

File Path                                 PID  Runtime      # DAGs    # Errors  Last Runtime    Last Run               Last # of DB Queries
--------------------------------------  -----  ---------  --------  ----------  --------------  -------------------  ----------------------
/opt/airflow/dags/datahub_ingestion.py   1063  0.01s             1           0  0.13s           2026-06-04T14:12:50                      12
/opt/airflow/dags/ehr_data_pipeline.py                           1           0  0.09s           2026-06-04T14:13:13                      12
================================================================================
[2026-06-04T14:13:51.119+0000] {manager.py:997} INFO - 
================================================================================
DAG File Processing Stats

File Path                               PID    Runtime      # DAGs    # Errors  Last Runtime    Last Run               Last # of DB Queries
--------------------------------------  -----  ---------  --------  ----------  --------------  -------------------  ----------------------
/opt/airflow/dags/datahub_ingestion.py                           1           0  0.35s           2026-06-04T14:13:21                      12
/opt/airflow/dags/ehr_data_pipeline.py                           1           0  0.11s           2026-06-04T14:13:44                      12
================================================================================
[2026-06-04T14:14:21.366+0000] {manager.py:997} INFO - 
================================================================================
DAG File Processing Stats

File Path                               PID    Runtime      # DAGs    # Errors  Last Runtime    Last Run               Last # of DB Queries
--------------------------------------  -----  ---------  --------  ----------  --------------  -------------------  ----------------------
/opt/airflow/dags/datahub_ingestion.py                           1           0  0.12s           2026-06-04T14:13:52                      12
/opt/airflow/dags/ehr_data_pipeline.py                           1           0  0.12s           2026-06-04T14:14:14                      12
================================================================================
[2026-06-04T14:14:48.618+0000] {manager.py:821} INFO - Searching for files in /opt/airflow/dags
[2026-06-04T14:14:48.620+0000] {manager.py:824} INFO - There are 2 files in /opt/airflow/dags
[2026-06-04T14:14:51.642+0000] {manager.py:997} INFO - 
================================================================================
DAG File Processing Stats

File Path                               PID    Runtime      # DAGs    # Errors  Last Runtime    Last Run               Last # of DB Queries
--------------------------------------  -----  ---------  --------  ----------  --------------  -------------------  ----------------------
/opt/airflow/dags/ehr_data_pipeline.py                           1           0  0.32s           2026-06-04T14:14:44                      12
/opt/airflow/dags/datahub_ingestion.py                           1           0  0.13s           2026-06-04T14:14:22                      12
================================================================================
[2026-06-04T14:15:21.934+0000] {manager.py:997} INFO - 
================================================================================
DAG File Processing Stats

File Path                               PID    Runtime      # DAGs    # Errors  Last Runtime    Last Run               Last # of DB Queries
--------------------------------------  -----  ---------  --------  ----------  --------------  -------------------  ----------------------
/opt/airflow/dags/ehr_data_pipeline.py                           1           0  0.16s           2026-06-04T14:15:15                      12
/opt/airflow/dags/datahub_ingestion.py                           1           0  0.13s           2026-06-04T14:14:52                      12
================================================================================
[2026-06-04T14:15:52.232+0000] {manager.py:997} INFO - 
================================================================================
DAG File Processing Stats

File Path                               PID    Runtime      # DAGs    # Errors  Last Runtime    Last Run               Last # of DB Queries
--------------------------------------  -----  ---------  --------  ----------  --------------  -------------------  ----------------------
/opt/airflow/dags/ehr_data_pipeline.py                           1           0  0.16s           2026-06-04T14:15:46                      12
/opt/airflow/dags/datahub_ingestion.py                           1           0  0.13s           2026-06-04T14:15:23                      12
================================================================================
[2026-06-04T14:16:22.553+0000] {manager.py:997} INFO - 
================================================================================
DAG File Processing Stats

File Path                               PID    Runtime      # DAGs    # Errors  Last Runtime    Last Run               Last # of DB Queries
--------------------------------------  -----  ---------  --------  ----------  --------------  -------------------  ----------------------
/opt/airflow/dags/datahub_ingestion.py                           1           0  0.13s           2026-06-04T14:15:53                      12
/opt/airflow/dags/ehr_data_pipeline.py                           1           0  0.13s           2026-06-04T14:16:16                      12
================================================================================
[2026-06-04T14:16:52.888+0000] {manager.py:997} INFO - 
================================================================================
DAG File Processing Stats

File Path                               PID    Runtime      # DAGs    # Errors  Last Runtime    Last Run               Last # of DB Queries
--------------------------------------  -----  ---------  --------  ----------  --------------  -------------------  ----------------------
/opt/airflow/dags/ehr_data_pipeline.py                           1           0  0.13s           2026-06-04T14:16:46                      12
/opt/airflow/dags/datahub_ingestion.py                           1           0  0.12s           2026-06-04T14:16:23                      12
================================================================================
[2026-06-04T14:17:23.234+0000] {manager.py:997} INFO - 
================================================================================
DAG File Processing Stats

File Path                               PID    Runtime      # DAGs    # Errors  Last Runtime    Last Run               Last # of DB Queries
--------------------------------------  -----  ---------  --------  ----------  --------------  -------------------  ----------------------
/opt/airflow/dags/datahub_ingestion.py                           1           0  0.13s           2026-06-04T14:16:54                      12
/opt/airflow/dags/ehr_data_pipeline.py                           1           0  0.13s           2026-06-04T14:17:17                      12
================================================================================
[2026-06-04T14:17:53.593+0000] {manager.py:997} INFO - 
================================================================================
DAG File Processing Stats

File Path                               PID    Runtime      # DAGs    # Errors  Last Runtime    Last Run               Last # of DB Queries
--------------------------------------  -----  ---------  --------  ----------  --------------  -------------------  ----------------------
/opt/airflow/dags/ehr_data_pipeline.py                           1           0  0.12s           2026-06-04T14:17:47                      12
/opt/airflow/dags/datahub_ingestion.py                           1           0  0.12s           2026-06-04T14:17:24                      12
================================================================================
[2026-06-04T14:18:23.941+0000] {manager.py:997} INFO - 
================================================================================
DAG File Processing Stats

File Path                               PID    Runtime      # DAGs    # Errors  Last Runtime    Last Run               Last # of DB Queries
--------------------------------------  -----  ---------  --------  ----------  --------------  -------------------  ----------------------
/opt/airflow/dags/ehr_data_pipeline.py                           1           0  0.13s           2026-06-04T14:18:18                      12
/opt/airflow/dags/datahub_ingestion.py                           1           0  0.13s           2026-06-04T14:17:54                      12
================================================================================
[2026-06-04T14:18:54.298+0000] {manager.py:997} INFO - 
================================================================================
DAG File Processing Stats

File Path                               PID    Runtime      # DAGs    # Errors  Last Runtime    Last Run               Last # of DB Queries
--------------------------------------  -----  ---------  --------  ----------  --------------  -------------------  ----------------------
/opt/airflow/dags/ehr_data_pipeline.py                           1           0  0.13s           2026-06-04T14:18:48                      12
/opt/airflow/dags/datahub_ingestion.py                           1           0  0.12s           2026-06-04T14:18:25                      12
================================================================================
[2026-06-04T14:19:24.657+0000] {manager.py:997} INFO - 
================================================================================
DAG File Processing Stats

File Path                               PID    Runtime      # DAGs    # Errors  Last Runtime    Last Run               Last # of DB Queries
--------------------------------------  -----  ---------  --------  ----------  --------------  -------------------  ----------------------
/opt/airflow/dags/ehr_data_pipeline.py                           1           0  0.14s           2026-06-04T14:19:18                      12
/opt/airflow/dags/datahub_ingestion.py                           1           0  0.13s           2026-06-04T14:18:55                      12
================================================================================
[2026-06-04T14:19:48.943+0000] {manager.py:821} INFO - Searching for files in /opt/airflow/dags
[2026-06-04T14:19:48.948+0000] {manager.py:824} INFO - There are 2 files in /opt/airflow/dags
[2026-06-04T14:19:55.045+0000] {manager.py:997} INFO - 
================================================================================
DAG File Processing Stats

File Path                               PID    Runtime      # DAGs    # Errors  Last Runtime    Last Run               Last # of DB Queries
--------------------------------------  -----  ---------  --------  ----------  --------------  -------------------  ----------------------
/opt/airflow/dags/ehr_data_pipeline.py                           1           0  0.14s           2026-06-04T14:19:49                      12
/opt/airflow/dags/datahub_ingestion.py                           1           0  0.13s           2026-06-04T14:19:25                      12
================================================================================
[2026-06-04T14:20:25.406+0000] {manager.py:997} INFO - 
================================================================================
DAG File Processing Stats

File Path                               PID    Runtime      # DAGs    # Errors  Last Runtime    Last Run               Last # of DB Queries
--------------------------------------  -----  ---------  --------  ----------  --------------  -------------------  ----------------------
/opt/airflow/dags/ehr_data_pipeline.py                           1           0  0.14s           2026-06-04T14:20:19                      12
/opt/airflow/dags/datahub_ingestion.py                           1           0  0.12s           2026-06-04T14:19:56                      12
================================================================================
[2026-06-04T14:20:55.795+0000] {manager.py:997} INFO - 
================================================================================
DAG File Processing Stats

File Path                               PID    Runtime      # DAGs    # Errors  Last Runtime    Last Run               Last # of DB Queries
--------------------------------------  -----  ---------  --------  ----------  --------------  -------------------  ----------------------
/opt/airflow/dags/datahub_ingestion.py                           1           0  0.17s           2026-06-04T14:20:26                      12
/opt/airflow/dags/ehr_data_pipeline.py                           1           0  0.14s           2026-06-04T14:20:49                      12
================================================================================
[2026-06-04T14:21:26.169+0000] {manager.py:997} INFO - 
================================================================================
DAG File Processing Stats

File Path                               PID    Runtime      # DAGs    # Errors  Last Runtime    Last Run               Last # of DB Queries
--------------------------------------  -----  ---------  --------  ----------  --------------  -------------------  ----------------------
/opt/airflow/dags/ehr_data_pipeline.py                           1           0  0.13s           2026-06-04T14:21:20                      12
/opt/airflow/dags/datahub_ingestion.py                           1           0  0.13s           2026-06-04T14:20:56                      12
================================================================================
[2026-06-04T14:21:56.515+0000] {manager.py:997} INFO - 
================================================================================
DAG File Processing Stats

File Path                               PID    Runtime      # DAGs    # Errors  Last Runtime    Last Run               Last # of DB Queries
--------------------------------------  -----  ---------  --------  ----------  --------------  -------------------  ----------------------
/opt/airflow/dags/ehr_data_pipeline.py                           1           0  0.17s           2026-06-04T14:21:50                      12
/opt/airflow/dags/datahub_ingestion.py                           1           0  0.15s           2026-06-04T14:21:27                      12
================================================================================
[2026-06-04T14:22:27.054+0000] {manager.py:997} INFO - 
================================================================================
DAG File Processing Stats

File Path                               PID    Runtime      # DAGs    # Errors  Last Runtime    Last Run               Last # of DB Queries
--------------------------------------  -----  ---------  --------  ----------  --------------  -------------------  ----------------------
/opt/airflow/dags/ehr_data_pipeline.py                           1           0  1.37s           2026-06-04T14:22:22                      12
/opt/airflow/dags/datahub_ingestion.py                           1           0  0.13s           2026-06-04T14:21:57                      12
================================================================================
[2026-06-04T14:22:57.353+0000] {manager.py:997} INFO - 
================================================================================
DAG File Processing Stats

File Path                               PID    Runtime      # DAGs    # Errors  Last Runtime    Last Run               Last # of DB Queries
--------------------------------------  -----  ---------  --------  ----------  --------------  -------------------  ----------------------
/opt/airflow/dags/ehr_data_pipeline.py                           1           0  0.21s           2026-06-04T14:22:52                      12
/opt/airflow/dags/datahub_ingestion.py                           1           0  0.17s           2026-06-04T14:22:28                      12
================================================================================
[2026-06-04T14:23:27.678+0000] {manager.py:997} INFO - 
================================================================================
DAG File Processing Stats

File Path                               PID    Runtime      # DAGs    # Errors  Last Runtime    Last Run               Last # of DB Queries
--------------------------------------  -----  ---------  --------  ----------  --------------  -------------------  ----------------------
/opt/airflow/dags/datahub_ingestion.py                           1           0  0.20s           2026-06-04T14:22:58                      12
/opt/airflow/dags/ehr_data_pipeline.py                           1           0  0.10s           2026-06-04T14:23:22                      12
================================================================================
[2026-06-04T14:23:58.051+0000] {manager.py:997} INFO - 
================================================================================
DAG File Processing Stats

File Path                               PID    Runtime      # DAGs    # Errors  Last Runtime    Last Run               Last # of DB Queries
--------------------------------------  -----  ---------  --------  ----------  --------------  -------------------  ----------------------
/opt/airflow/dags/datahub_ingestion.py                           1           0  0.24s           2026-06-04T14:23:28                      12
/opt/airflow/dags/ehr_data_pipeline.py                           1           0  0.18s           2026-06-04T14:23:53                      12
================================================================================
[2026-06-04T14:24:28.205+0000] {manager.py:997} INFO - 
================================================================================
DAG File Processing Stats

File Path                               PID    Runtime      # DAGs    # Errors  Last Runtime    Last Run               Last # of DB Queries
--------------------------------------  -----  ---------  --------  ----------  --------------  -------------------  ----------------------
/opt/airflow/dags/datahub_ingestion.py                           1           0  0.21s           2026-06-04T14:23:59                      12
/opt/airflow/dags/ehr_data_pipeline.py                           1           0  0.15s           2026-06-04T14:24:23                      12
================================================================================
[2026-06-04T14:24:49.433+0000] {manager.py:821} INFO - Searching for files in /opt/airflow/dags
[2026-06-04T14:24:49.435+0000] {manager.py:824} INFO - There are 2 files in /opt/airflow/dags
[2026-06-04T14:24:58.496+0000] {manager.py:997} INFO - 
================================================================================
DAG File Processing Stats

File Path                               PID    Runtime      # DAGs    # Errors  Last Runtime    Last Run               Last # of DB Queries
--------------------------------------  -----  ---------  --------  ----------  --------------  -------------------  ----------------------
/opt/airflow/dags/datahub_ingestion.py                           1           0  0.32s           2026-06-04T14:24:29                      12
/opt/airflow/dags/ehr_data_pipeline.py                           1           0  0.17s           2026-06-04T14:24:53                      12
================================================================================
[2026-06-04T14:25:28.792+0000] {manager.py:997} INFO - 
================================================================================
DAG File Processing Stats

File Path                               PID    Runtime      # DAGs    # Errors  Last Runtime    Last Run               Last # of DB Queries
--------------------------------------  -----  ---------  --------  ----------  --------------  -------------------  ----------------------
/opt/airflow/dags/ehr_data_pipeline.py                           1           0  0.15s           2026-06-04T14:25:23                      12
/opt/airflow/dags/datahub_ingestion.py                           1           0  0.11s           2026-06-04T14:25:00                      12
================================================================================
[2026-06-04T14:25:59.127+0000] {manager.py:997} INFO - 
================================================================================
DAG File Processing Stats

File Path                               PID    Runtime      # DAGs    # Errors  Last Runtime    Last Run               Last # of DB Queries
--------------------------------------  -----  ---------  --------  ----------  --------------  -------------------  ----------------------
/opt/airflow/dags/ehr_data_pipeline.py                           1           0  0.14s           2026-06-04T14:25:54                      12
/opt/airflow/dags/datahub_ingestion.py                           1           0  0.13s           2026-06-04T14:25:30                      12
================================================================================
[2026-06-04T14:26:29.488+0000] {manager.py:997} INFO - 
================================================================================
DAG File Processing Stats

File Path                               PID    Runtime      # DAGs    # Errors  Last Runtime    Last Run               Last # of DB Queries
--------------------------------------  -----  ---------  --------  ----------  --------------  -------------------  ----------------------
/opt/airflow/dags/ehr_data_pipeline.py                           1           0  0.13s           2026-06-04T14:26:24                      12
/opt/airflow/dags/datahub_ingestion.py                           1           0  0.12s           2026-06-04T14:26:01                      12
================================================================================
[2026-06-04T14:26:59.826+0000] {manager.py:997} INFO - 
================================================================================
DAG File Processing Stats

File Path                                 PID  Runtime      # DAGs    # Errors  Last Runtime    Last Run               Last # of DB Queries
--------------------------------------  -----  ---------  --------  ----------  --------------  -------------------  ----------------------
/opt/airflow/dags/datahub_ingestion.py                           1           0  0.38s           2026-06-04T14:26:31                      12
/opt/airflow/dags/ehr_data_pipeline.py   1994  5.04s             1           0  0.13s           2026-06-04T14:26:24                      12
================================================================================
[2026-06-04T14:27:30.303+0000] {manager.py:997} INFO - 
================================================================================
DAG File Processing Stats

File Path                               PID    Runtime      # DAGs    # Errors  Last Runtime    Last Run               Last # of DB Queries
--------------------------------------  -----  ---------  --------  ----------  --------------  -------------------  ----------------------
/opt/airflow/dags/ehr_data_pipeline.py                           1           0  5.90s           2026-06-04T14:27:00                      12
/opt/airflow/dags/datahub_ingestion.py                           1           0  0.13s           2026-06-04T14:27:02                      12
================================================================================
[2026-06-04T14:28:00.822+0000] {manager.py:997} INFO - 
================================================================================
DAG File Processing Stats

File Path                               PID    Runtime      # DAGs    # Errors  Last Runtime    Last Run               Last # of DB Queries
--------------------------------------  -----  ---------  --------  ----------  --------------  -------------------  ----------------------
/opt/airflow/dags/ehr_data_pipeline.py                           1           0  0.27s           2026-06-04T14:27:31                      12
/opt/airflow/dags/datahub_ingestion.py                           1           0  0.10s           2026-06-04T14:27:32                      12
================================================================================
[2026-06-04T14:28:31.256+0000] {manager.py:997} INFO - 
================================================================================
DAG File Processing Stats

File Path                               PID    Runtime      # DAGs    # Errors  Last Runtime    Last Run               Last # of DB Queries
--------------------------------------  -----  ---------  --------  ----------  --------------  -------------------  ----------------------
/opt/airflow/dags/datahub_ingestion.py                           1           0  0.13s           2026-06-04T14:28:03                      12
/opt/airflow/dags/ehr_data_pipeline.py                           1           0  0.12s           2026-06-04T14:28:27                      12
================================================================================
[2026-06-04T14:29:01.514+0000] {manager.py:997} INFO - 
================================================================================
DAG File Processing Stats

File Path                               PID    Runtime      # DAGs    # Errors  Last Runtime    Last Run               Last # of DB Queries
--------------------------------------  -----  ---------  --------  ----------  --------------  -------------------  ----------------------
/opt/airflow/dags/datahub_ingestion.py                           1           0  0.35s           2026-06-04T14:28:33                      12
/opt/airflow/dags/ehr_data_pipeline.py                           1           0  0.19s           2026-06-04T14:28:57                      12
================================================================================
[2026-06-04T14:29:31.940+0000] {manager.py:997} INFO - 
================================================================================
DAG File Processing Stats

File Path                               PID    Runtime      # DAGs    # Errors  Last Runtime    Last Run               Last # of DB Queries
--------------------------------------  -----  ---------  --------  ----------  --------------  -------------------  ----------------------
/opt/airflow/dags/ehr_data_pipeline.py                           1           0  0.28s           2026-06-04T14:29:28                      12
/opt/airflow/dags/datahub_ingestion.py                           1           0  0.11s           2026-06-04T14:29:03                      12
================================================================================
[2026-06-04T14:29:50.032+0000] {manager.py:821} INFO - Searching for files in /opt/airflow/dags
[2026-06-04T14:29:50.037+0000] {manager.py:824} INFO - There are 2 files in /opt/airflow/dags
[2026-06-04T14:30:02.282+0000] {manager.py:997} INFO - 
================================================================================
DAG File Processing Stats

File Path                               PID    Runtime      # DAGs    # Errors  Last Runtime    Last Run               Last # of DB Queries
--------------------------------------  -----  ---------  --------  ----------  --------------  -------------------  ----------------------
/opt/airflow/dags/datahub_ingestion.py                           1           0  0.15s           2026-06-04T14:29:34                      12
/opt/airflow/dags/ehr_data_pipeline.py                           1           0  0.12s           2026-06-04T14:29:58                      12
================================================================================
[2026-06-04T14:30:32.634+0000] {manager.py:997} INFO - 
================================================================================
DAG File Processing Stats

File Path                               PID    Runtime      # DAGs    # Errors  Last Runtime    Last Run               Last # of DB Queries
--------------------------------------  -----  ---------  --------  ----------  --------------  -------------------  ----------------------
/opt/airflow/dags/ehr_data_pipeline.py                           1           0  0.13s           2026-06-04T14:30:28                      12
/opt/airflow/dags/datahub_ingestion.py                           1           0  0.12s           2026-06-04T14:30:04                      12
================================================================================
[2026-06-04T14:31:02.913+0000] {manager.py:997} INFO - 
================================================================================
DAG File Processing Stats

File Path                               PID    Runtime      # DAGs    # Errors  Last Runtime    Last Run               Last # of DB Queries
--------------------------------------  -----  ---------  --------  ----------  --------------  -------------------  ----------------------
/opt/airflow/dags/datahub_ingestion.py                           1           0  0.15s           2026-06-04T14:30:34                      12
/opt/airflow/dags/ehr_data_pipeline.py                           1           0  0.13s           2026-06-04T14:30:58                      12
================================================================================
[2026-06-04T14:31:33.116+0000] {manager.py:997} INFO - 
================================================================================
DAG File Processing Stats

File Path                               PID    Runtime      # DAGs    # Errors  Last Runtime    Last Run               Last # of DB Queries
--------------------------------------  -----  ---------  --------  ----------  --------------  -------------------  ----------------------
/opt/airflow/dags/ehr_data_pipeline.py                           1           0  0.27s           2026-06-04T14:31:29                      12
/opt/airflow/dags/datahub_ingestion.py                           1           0  0.09s           2026-06-04T14:31:05                      12
================================================================================
[2026-06-04T14:32:03.369+0000] {manager.py:997} INFO - 
================================================================================
DAG File Processing Stats

File Path                               PID    Runtime      # DAGs    # Errors  Last Runtime    Last Run               Last # of DB Queries
--------------------------------------  -----  ---------  --------  ----------  --------------  -------------------  ----------------------
/opt/airflow/dags/ehr_data_pipeline.py                           1           0  0.15s           2026-06-04T14:31:59                      12
/opt/airflow/dags/datahub_ingestion.py                           1           0  0.12s           2026-06-04T14:31:35                      12
================================================================================
[2026-06-04T14:32:33.678+0000] {manager.py:997} INFO - 
================================================================================
DAG File Processing Stats

File Path                               PID    Runtime      # DAGs    # Errors  Last Runtime    Last Run               Last # of DB Queries
--------------------------------------  -----  ---------  --------  ----------  --------------  -------------------  ----------------------
/opt/airflow/dags/ehr_data_pipeline.py                           1           0  0.20s           2026-06-04T14:32:29                      12
/opt/airflow/dags/datahub_ingestion.py                           1           0  0.16s           2026-06-04T14:32:05                      12
================================================================================
[2026-06-04T14:33:03.993+0000] {manager.py:997} INFO - 
================================================================================
DAG File Processing Stats

File Path                               PID    Runtime      # DAGs    # Errors  Last Runtime    Last Run               Last # of DB Queries
--------------------------------------  -----  ---------  --------  ----------  --------------  -------------------  ----------------------
/opt/airflow/dags/ehr_data_pipeline.py                           1           0  0.20s           2026-06-04T14:33:00                      12
/opt/airflow/dags/datahub_ingestion.py                           1           0  0.18s           2026-06-04T14:32:35                      12
================================================================================
[2026-06-04T14:33:34.275+0000] {manager.py:997} INFO - 
================================================================================
DAG File Processing Stats

File Path                               PID    Runtime      # DAGs    # Errors  Last Runtime    Last Run               Last # of DB Queries
--------------------------------------  -----  ---------  --------  ----------  --------------  -------------------  ----------------------
/opt/airflow/dags/datahub_ingestion.py                           1           0  0.16s           2026-06-04T14:33:06                      12
/opt/airflow/dags/ehr_data_pipeline.py                           1           0  0.11s           2026-06-04T14:33:30                      12
================================================================================
[2026-06-04T14:34:04.598+0000] {manager.py:997} INFO - 
================================================================================
DAG File Processing Stats

File Path                               PID    Runtime      # DAGs    # Errors  Last Runtime    Last Run               Last # of DB Queries
--------------------------------------  -----  ---------  --------  ----------  --------------  -------------------  ----------------------
/opt/airflow/dags/ehr_data_pipeline.py                           1           0  0.24s           2026-06-04T14:34:00                      12
/opt/airflow/dags/datahub_ingestion.py                           1           0  0.21s           2026-06-04T14:33:36                      12
================================================================================
[2026-06-04T14:34:35.035+0000] {manager.py:997} INFO - 
================================================================================
DAG File Processing Stats

File Path                               PID    Runtime      # DAGs    # Errors  Last Runtime    Last Run               Last # of DB Queries
--------------------------------------  -----  ---------  --------  ----------  --------------  -------------------  ----------------------
/opt/airflow/dags/datahub_ingestion.py                           1           0  0.31s           2026-06-04T14:34:06                      12
/opt/airflow/dags/ehr_data_pipeline.py                           1           0  0.16s           2026-06-04T14:34:31                      12
================================================================================
[2026-06-04T14:34:50.132+0000] {manager.py:821} INFO - Searching for files in /opt/airflow/dags
[2026-06-04T14:34:50.134+0000] {manager.py:824} INFO - There are 2 files in /opt/airflow/dags
[2026-06-04T14:35:05.423+0000] {manager.py:997} INFO - 
================================================================================
DAG File Processing Stats

File Path                               PID    Runtime      # DAGs    # Errors  Last Runtime    Last Run               Last # of DB Queries
--------------------------------------  -----  ---------  --------  ----------  --------------  -------------------  ----------------------
/opt/airflow/dags/datahub_ingestion.py                           1           0  0.27s           2026-06-04T14:34:37                      12
/opt/airflow/dags/ehr_data_pipeline.py                           1           0  0.23s           2026-06-04T14:35:01                      12
================================================================================
[2026-06-04T14:35:35.657+0000] {manager.py:997} INFO - 
================================================================================
DAG File Processing Stats

File Path                               PID    Runtime      # DAGs    # Errors  Last Runtime    Last Run               Last # of DB Queries
--------------------------------------  -----  ---------  --------  ----------  --------------  -------------------  ----------------------
/opt/airflow/dags/datahub_ingestion.py                           1           0  0.22s           2026-06-04T14:35:07                      12
/opt/airflow/dags/ehr_data_pipeline.py                           1           0  0.14s           2026-06-04T14:35:31                      12
================================================================================
[2026-06-04T14:36:06.017+0000] {manager.py:997} INFO - 
================================================================================
DAG File Processing Stats

File Path                               PID    Runtime      # DAGs    # Errors  Last Runtime    Last Run               Last # of DB Queries
--------------------------------------  -----  ---------  --------  ----------  --------------  -------------------  ----------------------
/opt/airflow/dags/ehr_data_pipeline.py                           1           0  0.14s           2026-06-04T14:36:02                      12
/opt/airflow/dags/datahub_ingestion.py                           1           0  0.14s           2026-06-04T14:35:37                      12
================================================================================
[2026-06-04T14:36:36.383+0000] {manager.py:997} INFO - 
================================================================================
DAG File Processing Stats

File Path                               PID    Runtime      # DAGs    # Errors  Last Runtime    Last Run               Last # of DB Queries
--------------------------------------  -----  ---------  --------  ----------  --------------  -------------------  ----------------------
/opt/airflow/dags/datahub_ingestion.py                           1           0  0.15s           2026-06-04T14:36:08                      12
/opt/airflow/dags/ehr_data_pipeline.py                           1           0  0.14s           2026-06-04T14:36:32                      12
================================================================================
[2026-06-04T14:37:06.751+0000] {manager.py:997} INFO - 
================================================================================
DAG File Processing Stats

File Path                               PID    Runtime      # DAGs    # Errors  Last Runtime    Last Run               Last # of DB Queries
--------------------------------------  -----  ---------  --------  ----------  --------------  -------------------  ----------------------
/opt/airflow/dags/datahub_ingestion.py                           1           0  0.16s           2026-06-04T14:36:38                      12
/opt/airflow/dags/ehr_data_pipeline.py                           1           0  0.14s           2026-06-04T14:37:02                      12
================================================================================
[2026-06-04T14:37:37.124+0000] {manager.py:997} INFO - 
================================================================================
DAG File Processing Stats

File Path                               PID    Runtime      # DAGs    # Errors  Last Runtime    Last Run               Last # of DB Queries
--------------------------------------  -----  ---------  --------  ----------  --------------  -------------------  ----------------------
/opt/airflow/dags/datahub_ingestion.py                           1           0  0.14s           2026-06-04T14:37:08                      12
/opt/airflow/dags/ehr_data_pipeline.py                           1           0  0.12s           2026-06-04T14:37:33                      12
================================================================================
[2026-06-04T14:38:07.483+0000] {manager.py:997} INFO - 
================================================================================
DAG File Processing Stats

File Path                               PID    Runtime      # DAGs    # Errors  Last Runtime    Last Run               Last # of DB Queries
--------------------------------------  -----  ---------  --------  ----------  --------------  -------------------  ----------------------
/opt/airflow/dags/datahub_ingestion.py                           1           0  0.13s           2026-06-04T14:37:39                      12
/opt/airflow/dags/ehr_data_pipeline.py                           1           0  0.13s           2026-06-04T14:38:03                      12
================================================================================
[2026-06-04T14:38:37.834+0000] {manager.py:997} INFO - 
================================================================================
DAG File Processing Stats

File Path                               PID    Runtime      # DAGs    # Errors  Last Runtime    Last Run               Last # of DB Queries
--------------------------------------  -----  ---------  --------  ----------  --------------  -------------------  ----------------------
/opt/airflow/dags/ehr_data_pipeline.py                           1           0  0.16s           2026-06-04T14:38:33                      12
/opt/airflow/dags/datahub_ingestion.py                           1           0  0.14s           2026-06-04T14:38:09                      12
================================================================================
[2026-06-04T14:39:08.227+0000] {manager.py:997} INFO - 
================================================================================
DAG File Processing Stats

File Path                               PID    Runtime      # DAGs    # Errors  Last Runtime    Last Run               Last # of DB Queries
--------------------------------------  -----  ---------  --------  ----------  --------------  -------------------  ----------------------
/opt/airflow/dags/datahub_ingestion.py                           1           0  0.16s           2026-06-04T14:38:40                      12
/opt/airflow/dags/ehr_data_pipeline.py                           1           0  0.13s           2026-06-04T14:39:04                      12
================================================================================
[2026-06-04T14:39:38.581+0000] {manager.py:997} INFO - 
================================================================================
DAG File Processing Stats

File Path                               PID    Runtime      # DAGs    # Errors  Last Runtime    Last Run               Last # of DB Queries
--------------------------------------  -----  ---------  --------  ----------  --------------  -------------------  ----------------------
/opt/airflow/dags/ehr_data_pipeline.py                           1           0  0.16s           2026-06-04T14:39:34                      12
/opt/airflow/dags/datahub_ingestion.py                           1           0  0.14s           2026-06-04T14:39:10                      12
================================================================================
[2026-06-04T14:39:50.786+0000] {manager.py:821} INFO - Searching for files in /opt/airflow/dags
[2026-06-04T14:39:50.790+0000] {manager.py:824} INFO - There are 2 files in /opt/airflow/dags
[2026-06-04T14:40:08.936+0000] {manager.py:997} INFO - 
================================================================================
DAG File Processing Stats

File Path                               PID    Runtime      # DAGs    # Errors  Last Runtime    Last Run               Last # of DB Queries
--------------------------------------  -----  ---------  --------  ----------  --------------  -------------------  ----------------------
/opt/airflow/dags/ehr_data_pipeline.py                           1           0  0.14s           2026-06-04T14:40:05                      12
/opt/airflow/dags/datahub_ingestion.py                           1           0  0.14s           2026-06-04T14:39:40                      12
================================================================================
[2026-06-04T14:40:39.266+0000] {manager.py:997} INFO - 
================================================================================
DAG File Processing Stats

File Path                               PID    Runtime      # DAGs    # Errors  Last Runtime    Last Run               Last # of DB Queries
--------------------------------------  -----  ---------  --------  ----------  --------------  -------------------  ----------------------
/opt/airflow/dags/ehr_data_pipeline.py                           1           0  0.17s           2026-06-04T14:40:35                      12
/opt/airflow/dags/datahub_ingestion.py                           1           0  0.16s           2026-06-04T14:40:11                      12
================================================================================
[2026-06-04T14:41:09.525+0000] {manager.py:997} INFO - 
================================================================================
DAG File Processing Stats

File Path                               PID    Runtime      # DAGs    # Errors  Last Runtime    Last Run               Last # of DB Queries
--------------------------------------  -----  ---------  --------  ----------  --------------  -------------------  ----------------------
/opt/airflow/dags/datahub_ingestion.py                           1           0  0.12s           2026-06-04T14:40:41                      12
/opt/airflow/dags/ehr_data_pipeline.py                           1           0  0.10s           2026-06-04T14:41:05                      12
================================================================================
[2026-06-04T14:41:39.776+0000] {manager.py:997} INFO - 
================================================================================
DAG File Processing Stats

File Path                               PID    Runtime      # DAGs    # Errors  Last Runtime    Last Run               Last # of DB Queries
--------------------------------------  -----  ---------  --------  ----------  --------------  -------------------  ----------------------
/opt/airflow/dags/ehr_data_pipeline.py                           1           0  0.11s           2026-06-04T14:41:35                      12
/opt/airflow/dags/datahub_ingestion.py                           1           0  0.10s           2026-06-04T14:41:11                      12
================================================================================
[2026-06-04T14:42:10.054+0000] {manager.py:997} INFO - 
================================================================================
DAG File Processing Stats

File Path                               PID    Runtime      # DAGs    # Errors  Last Runtime    Last Run               Last # of DB Queries
--------------------------------------  -----  ---------  --------  ----------  --------------  -------------------  ----------------------
/opt/airflow/dags/datahub_ingestion.py                           1           0  0.15s           2026-06-04T14:41:41                      12
/opt/airflow/dags/ehr_data_pipeline.py                           1           0  0.11s           2026-06-04T14:42:06                      12
================================================================================
[2026-06-04T14:42:40.350+0000] {manager.py:997} INFO - 
================================================================================
DAG File Processing Stats

File Path                               PID    Runtime      # DAGs    # Errors  Last Runtime    Last Run               Last # of DB Queries
--------------------------------------  -----  ---------  --------  ----------  --------------  -------------------  ----------------------
/opt/airflow/dags/datahub_ingestion.py                           1           0  0.15s           2026-06-04T14:42:12                      12
/opt/airflow/dags/ehr_data_pipeline.py                           1           0  0.13s           2026-06-04T14:42:36                      12
================================================================================
[2026-06-04T14:43:10.667+0000] {manager.py:997} INFO - 
================================================================================
DAG File Processing Stats

File Path                               PID    Runtime      # DAGs    # Errors  Last Runtime    Last Run               Last # of DB Queries
--------------------------------------  -----  ---------  --------  ----------  --------------  -------------------  ----------------------
/opt/airflow/dags/ehr_data_pipeline.py                           1           0  0.12s           2026-06-04T14:43:06                      12
/opt/airflow/dags/datahub_ingestion.py                           1           0  0.12s           2026-06-04T14:42:42                      12
================================================================================
[2026-06-04T14:43:41.052+0000] {manager.py:997} INFO - 
================================================================================
DAG File Processing Stats

File Path                               PID    Runtime      # DAGs    # Errors  Last Runtime    Last Run               Last # of DB Queries
--------------------------------------  -----  ---------  --------  ----------  --------------  -------------------  ----------------------
/opt/airflow/dags/datahub_ingestion.py                           1           0  0.16s           2026-06-04T14:43:12                      12
/opt/airflow/dags/ehr_data_pipeline.py                           1           0  0.13s           2026-06-04T14:43:37                      12
================================================================================
[2026-06-04T14:44:11.389+0000] {manager.py:997} INFO - 
================================================================================
DAG File Processing Stats

File Path                               PID    Runtime      # DAGs    # Errors  Last Runtime    Last Run               Last # of DB Queries
--------------------------------------  -----  ---------  --------  ----------  --------------  -------------------  ----------------------
/opt/airflow/dags/datahub_ingestion.py                           1           0  0.14s           2026-06-04T14:43:43                      12
/opt/airflow/dags/ehr_data_pipeline.py                           1           0  0.13s           2026-06-04T14:44:07                      12
================================================================================
[2026-06-04T14:44:41.755+0000] {manager.py:997} INFO - 
================================================================================
DAG File Processing Stats

File Path                               PID    Runtime      # DAGs    # Errors  Last Runtime    Last Run               Last # of DB Queries
--------------------------------------  -----  ---------  --------  ----------  --------------  -------------------  ----------------------
/opt/airflow/dags/ehr_data_pipeline.py                           1           0  0.14s           2026-06-04T14:44:37                      12
/opt/airflow/dags/datahub_ingestion.py                           1           0  0.13s           2026-06-04T14:44:13                      12
================================================================================
[2026-06-04T14:44:50.936+0000] {manager.py:821} INFO - Searching for files in /opt/airflow/dags
[2026-06-04T14:44:50.940+0000] {manager.py:824} INFO - There are 2 files in /opt/airflow/dags
[2026-06-04T14:45:12.150+0000] {manager.py:997} INFO - 
================================================================================
DAG File Processing Stats

File Path                               PID    Runtime      # DAGs    # Errors  Last Runtime    Last Run               Last # of DB Queries
--------------------------------------  -----  ---------  --------  ----------  --------------  -------------------  ----------------------
/opt/airflow/dags/datahub_ingestion.py                           1           0  0.14s           2026-06-04T14:44:43                      12
/opt/airflow/dags/ehr_data_pipeline.py                           1           0  0.13s           2026-06-04T14:45:08                      12
================================================================================
[2026-06-04T14:45:42.523+0000] {manager.py:997} INFO - 
================================================================================
DAG File Processing Stats

File Path                               PID    Runtime      # DAGs    # Errors  Last Runtime    Last Run               Last # of DB Queries
--------------------------------------  -----  ---------  --------  ----------  --------------  -------------------  ----------------------
/opt/airflow/dags/ehr_data_pipeline.py                           1           0  0.14s           2026-06-04T14:45:38                      12
/opt/airflow/dags/datahub_ingestion.py                           1           0  0.13s           2026-06-04T14:45:14                      12
================================================================================
[2026-06-04T14:46:12.885+0000] {manager.py:997} INFO - 
================================================================================
DAG File Processing Stats

File Path                               PID    Runtime      # DAGs    # Errors  Last Runtime    Last Run               Last # of DB Queries
--------------------------------------  -----  ---------  --------  ----------  --------------  -------------------  ----------------------
/opt/airflow/dags/datahub_ingestion.py                           1           0  0.13s           2026-06-04T14:45:44                      12
/opt/airflow/dags/ehr_data_pipeline.py                           1           0  0.12s           2026-06-04T14:46:08                      12
================================================================================
[2026-06-04T14:46:43.235+0000] {manager.py:997} INFO - 
================================================================================
DAG File Processing Stats

File Path                               PID    Runtime      # DAGs    # Errors  Last Runtime    Last Run               Last # of DB Queries
--------------------------------------  -----  ---------  --------  ----------  --------------  -------------------  ----------------------
/opt/airflow/dags/ehr_data_pipeline.py                           1           0  0.14s           2026-06-04T14:46:39                      12
/opt/airflow/dags/datahub_ingestion.py                           1           0  0.13s           2026-06-04T14:46:15                      12
================================================================================
[2026-06-04T14:47:13.608+0000] {manager.py:997} INFO - 
================================================================================
DAG File Processing Stats

File Path                               PID    Runtime      # DAGs    # Errors  Last Runtime    Last Run               Last # of DB Queries
--------------------------------------  -----  ---------  --------  ----------  --------------  -------------------  ----------------------
/opt/airflow/dags/ehr_data_pipeline.py                           1           0  0.13s           2026-06-04T14:47:09                      12
/opt/airflow/dags/datahub_ingestion.py                           1           0  0.13s           2026-06-04T14:46:45                      12
================================================================================
[2026-06-04T14:47:43.952+0000] {manager.py:997} INFO - 
================================================================================
DAG File Processing Stats

File Path                               PID    Runtime      # DAGs    # Errors  Last Runtime    Last Run               Last # of DB Queries
--------------------------------------  -----  ---------  --------  ----------  --------------  -------------------  ----------------------
/opt/airflow/dags/ehr_data_pipeline.py                           1           0  0.14s           2026-06-04T14:47:40                      12
/opt/airflow/dags/datahub_ingestion.py                           1           0  0.12s           2026-06-04T14:47:15                      12
================================================================================
[2026-06-04T14:48:14.339+0000] {manager.py:997} INFO - 
================================================================================
DAG File Processing Stats

File Path                               PID    Runtime      # DAGs    # Errors  Last Runtime    Last Run               Last # of DB Queries
--------------------------------------  -----  ---------  --------  ----------  --------------  -------------------  ----------------------
/opt/airflow/dags/ehr_data_pipeline.py                           1           0  0.15s           2026-06-04T14:48:10                      12
/opt/airflow/dags/datahub_ingestion.py                           1           0  0.13s           2026-06-04T14:47:46                      12
================================================================================
[2026-06-04T14:48:44.726+0000] {manager.py:997} INFO - 
================================================================================
DAG File Processing Stats

File Path                               PID    Runtime      # DAGs    # Errors  Last Runtime    Last Run               Last # of DB Queries
--------------------------------------  -----  ---------  --------  ----------  --------------  -------------------  ----------------------
/opt/airflow/dags/ehr_data_pipeline.py                           1           0  0.15s           2026-06-04T14:48:40                      12
/opt/airflow/dags/datahub_ingestion.py                           1           0  0.13s           2026-06-04T14:48:16                      12
================================================================================
[2026-06-04T14:49:15.101+0000] {manager.py:997} INFO - 
================================================================================
DAG File Processing Stats

File Path                               PID    Runtime      # DAGs    # Errors  Last Runtime    Last Run               Last # of DB Queries
--------------------------------------  -----  ---------  --------  ----------  --------------  -------------------  ----------------------
/opt/airflow/dags/datahub_ingestion.py                           1           0  0.15s           2026-06-04T14:48:46                      12
/opt/airflow/dags/ehr_data_pipeline.py                           1           0  0.13s           2026-06-04T14:49:11                      12
================================================================================
[2026-06-04T14:49:45.472+0000] {manager.py:997} INFO - 
================================================================================
DAG File Processing Stats

File Path                               PID    Runtime      # DAGs    # Errors  Last Runtime    Last Run               Last # of DB Queries
--------------------------------------  -----  ---------  --------  ----------  --------------  -------------------  ----------------------
/opt/airflow/dags/ehr_data_pipeline.py                           1           0  0.14s           2026-06-04T14:49:41                      12
/opt/airflow/dags/datahub_ingestion.py                           1           0  0.13s           2026-06-04T14:49:17                      12
================================================================================
[2026-06-04T14:49:51.625+0000] {manager.py:821} INFO - Searching for files in /opt/airflow/dags
[2026-06-04T14:49:51.629+0000] {manager.py:824} INFO - There are 2 files in /opt/airflow/dags
[2026-06-04T14:50:15.857+0000] {manager.py:997} INFO - 
================================================================================
DAG File Processing Stats

File Path                               PID    Runtime      # DAGs    # Errors  Last Runtime    Last Run               Last # of DB Queries
--------------------------------------  -----  ---------  --------  ----------  --------------  -------------------  ----------------------
/opt/airflow/dags/ehr_data_pipeline.py                           1           0  0.14s           2026-06-04T14:50:11                      12
/opt/airflow/dags/datahub_ingestion.py                           1           0  0.14s           2026-06-04T14:49:47                      12
================================================================================
[2026-06-04T14:50:46.234+0000] {manager.py:997} INFO - 
================================================================================
DAG File Processing Stats

File Path                               PID    Runtime      # DAGs    # Errors  Last Runtime    Last Run               Last # of DB Queries
--------------------------------------  -----  ---------  --------  ----------  --------------  -------------------  ----------------------
/opt/airflow/dags/datahub_ingestion.py                           1           0  0.16s           2026-06-04T14:50:18                      12
/opt/airflow/dags/ehr_data_pipeline.py                           1           0  0.13s           2026-06-04T14:50:42                      12
================================================================================
[2026-06-04T14:51:16.599+0000] {manager.py:997} INFO - 
================================================================================
DAG File Processing Stats

File Path                               PID    Runtime      # DAGs    # Errors  Last Runtime    Last Run               Last # of DB Queries
--------------------------------------  -----  ---------  --------  ----------  --------------  -------------------  ----------------------
/opt/airflow/dags/datahub_ingestion.py                           1           0  0.13s           2026-06-04T14:50:48                      12
/opt/airflow/dags/ehr_data_pipeline.py                           1           0  0.13s           2026-06-04T14:51:12                      12
================================================================================
[2026-06-04T14:51:46.949+0000] {manager.py:997} INFO - 
================================================================================
DAG File Processing Stats

File Path                               PID    Runtime      # DAGs    # Errors  Last Runtime    Last Run               Last # of DB Queries
--------------------------------------  -----  ---------  --------  ----------  --------------  -------------------  ----------------------
/opt/airflow/dags/datahub_ingestion.py                           1           0  3.15s           2026-06-04T14:51:21                      12
/opt/airflow/dags/ehr_data_pipeline.py                           1           0  0.14s           2026-06-04T14:51:43                      12
================================================================================
[2026-06-04T14:52:17.293+0000] {manager.py:997} INFO - 
================================================================================
DAG File Processing Stats

File Path                               PID    Runtime      # DAGs    # Errors  Last Runtime    Last Run               Last # of DB Queries
--------------------------------------  -----  ---------  --------  ----------  --------------  -------------------  ----------------------
/opt/airflow/dags/datahub_ingestion.py                           1           0  1.58s           2026-06-04T14:51:53                      12
/opt/airflow/dags/ehr_data_pipeline.py                           1           0  0.13s           2026-06-04T14:52:13                      12
================================================================================
[2026-06-04T14:52:47.641+0000] {manager.py:997} INFO - 
================================================================================
DAG File Processing Stats

File Path                               PID    Runtime      # DAGs    # Errors  Last Runtime    Last Run               Last # of DB Queries
--------------------------------------  -----  ---------  --------  ----------  --------------  -------------------  ----------------------
/opt/airflow/dags/ehr_data_pipeline.py                           1           0  0.14s           2026-06-04T14:52:43                      12
/opt/airflow/dags/datahub_ingestion.py                           1           0  0.12s           2026-06-04T14:52:24                      12
================================================================================
[2026-06-04T14:53:18.003+0000] {manager.py:997} INFO - 
================================================================================
DAG File Processing Stats

File Path                               PID    Runtime      # DAGs    # Errors  Last Runtime    Last Run               Last # of DB Queries
--------------------------------------  -----  ---------  --------  ----------  --------------  -------------------  ----------------------
/opt/airflow/dags/ehr_data_pipeline.py                           1           0  0.13s           2026-06-04T14:53:14                      12
/opt/airflow/dags/datahub_ingestion.py                           1           0  0.13s           2026-06-04T14:52:54                      12
================================================================================
[2026-06-04T14:53:48.346+0000] {manager.py:997} INFO - 
================================================================================
DAG File Processing Stats

File Path                               PID    Runtime      # DAGs    # Errors  Last Runtime    Last Run               Last # of DB Queries
--------------------------------------  -----  ---------  --------  ----------  --------------  -------------------  ----------------------
/opt/airflow/dags/datahub_ingestion.py                           1           0  0.13s           2026-06-04T14:53:25                      12
/opt/airflow/dags/ehr_data_pipeline.py                           1           0  0.13s           2026-06-04T14:53:44                      12
================================================================================
[2026-06-04T14:54:18.708+0000] {manager.py:997} INFO - 
================================================================================
DAG File Processing Stats

File Path                               PID    Runtime      # DAGs    # Errors  Last Runtime    Last Run               Last # of DB Queries
--------------------------------------  -----  ---------  --------  ----------  --------------  -------------------  ----------------------
/opt/airflow/dags/ehr_data_pipeline.py                           1           0  0.16s           2026-06-04T14:54:14                      12
/opt/airflow/dags/datahub_ingestion.py                           1           0  0.13s           2026-06-04T14:53:55                      12
================================================================================
[2026-06-04T14:54:49.077+0000] {manager.py:997} INFO - 
================================================================================
DAG File Processing Stats

File Path                               PID    Runtime      # DAGs    # Errors  Last Runtime    Last Run               Last # of DB Queries
--------------------------------------  -----  ---------  --------  ----------  --------------  -------------------  ----------------------
/opt/airflow/dags/ehr_data_pipeline.py                           1           0  0.14s           2026-06-04T14:54:45                      12
/opt/airflow/dags/datahub_ingestion.py                           1           0  0.13s           2026-06-04T14:54:25                      12
================================================================================
[2026-06-04T14:54:52.096+0000] {manager.py:821} INFO - Searching for files in /opt/airflow/dags
[2026-06-04T14:54:52.100+0000] {manager.py:824} INFO - There are 2 files in /opt/airflow/dags
[2026-06-04T14:55:19.430+0000] {manager.py:997} INFO - 
================================================================================
DAG File Processing Stats

File Path                               PID    Runtime      # DAGs    # Errors  Last Runtime    Last Run               Last # of DB Queries
--------------------------------------  -----  ---------  --------  ----------  --------------  -------------------  ----------------------
/opt/airflow/dags/ehr_data_pipeline.py                           1           0  0.15s           2026-06-04T14:55:15                      12
/opt/airflow/dags/datahub_ingestion.py                           1           0  0.14s           2026-06-04T14:54:56                      12
================================================================================
[2026-06-04T14:55:42.345+0000] {manager.py:465} INFO - Exiting gracefully upon receiving signal 15
[2026-06-04T14:56:31.757+0000] {manager.py:483} INFO - Processing files using up to 2 processes at a time 
[2026-06-04T14:56:31.757+0000] {manager.py:484} INFO - Process each file at most once every 30 seconds
[2026-06-04T14:56:31.758+0000] {manager.py:485} INFO - Checking for new files in /opt/airflow/dags every 300 seconds
[2026-06-04T14:56:31.758+0000] {manager.py:821} INFO - Searching for files in /opt/airflow/dags
[2026-06-04T14:56:31.759+0000] {manager.py:824} INFO - There are 2 files in /opt/airflow/dags
[2026-06-04T14:56:31.828+0000] {manager.py:997} INFO - 
================================================================================
DAG File Processing Stats

File Path                                 PID  Runtime      # DAGs    # Errors  Last Runtime    Last Run      Last # of DB Queries
--------------------------------------  -----  ---------  --------  ----------  --------------  ----------  ----------------------
/opt/airflow/dags/datahub_ingestion.py    158  0.02s             0           0                                                   0
/opt/airflow/dags/ehr_data_pipeline.py    155  0.02s             0           0                                                   0
================================================================================
[2026-06-04T14:57:02.160+0000] {manager.py:997} INFO - 
================================================================================
DAG File Processing Stats

File Path                                 PID  Runtime      # DAGs    # Errors  Last Runtime    Last Run               Last # of DB Queries
--------------------------------------  -----  ---------  --------  ----------  --------------  -------------------  ----------------------
/opt/airflow/dags/ehr_data_pipeline.py    165  0.02s             1           0  0.11s           2026-06-04T14:56:31                      12
/opt/airflow/dags/datahub_ingestion.py    168  0.01s             1           0  0.11s           2026-06-04T14:56:31                      12
================================================================================
[2026-06-04T14:57:32.411+0000] {manager.py:997} INFO - 
================================================================================
DAG File Processing Stats

File Path                                 PID  Runtime      # DAGs    # Errors  Last Runtime    Last Run               Last # of DB Queries
--------------------------------------  -----  ---------  --------  ----------  --------------  -------------------  ----------------------
/opt/airflow/dags/ehr_data_pipeline.py    175  0.02s             1           0  0.13s           2026-06-04T14:57:02                      12
/opt/airflow/dags/datahub_ingestion.py    178  0.01s             1           0  0.12s           2026-06-04T14:57:02                      12
================================================================================
[2026-06-04T14:58:02.718+0000] {manager.py:997} INFO - 
================================================================================
DAG File Processing Stats

File Path                                 PID  Runtime      # DAGs    # Errors  Last Runtime    Last Run               Last # of DB Queries
--------------------------------------  -----  ---------  --------  ----------  --------------  -------------------  ----------------------
/opt/airflow/dags/ehr_data_pipeline.py                           1           0  0.12s           2026-06-04T14:57:37                      12
/opt/airflow/dags/datahub_ingestion.py    543  0.00s             1           0  0.12s           2026-06-04T14:57:32                      12
================================================================================
[2026-06-04T14:58:32.993+0000] {manager.py:997} INFO - 
================================================================================
DAG File Processing Stats

File Path                                 PID  Runtime      # DAGs    # Errors  Last Runtime    Last Run               Last # of DB Queries
--------------------------------------  -----  ---------  --------  ----------  --------------  -------------------  ----------------------
/opt/airflow/dags/ehr_data_pipeline.py                           1           0  0.13s           2026-06-04T14:58:07                      12
/opt/airflow/dags/datahub_ingestion.py    725  0.01s             1           0  0.13s           2026-06-04T14:58:02                      12
================================================================================
[2026-06-04T14:59:03.358+0000] {manager.py:997} INFO - 
================================================================================
DAG File Processing Stats

File Path                                 PID  Runtime      # DAGs    # Errors  Last Runtime    Last Run               Last # of DB Queries
--------------------------------------  -----  ---------  --------  ----------  --------------  -------------------  ----------------------
/opt/airflow/dags/ehr_data_pipeline.py                           1           0  0.28s           2026-06-04T14:58:38                      12
/opt/airflow/dags/datahub_ingestion.py    884  0.01s             1           0  0.16s           2026-06-04T14:58:33                      12
================================================================================
[2026-06-04T14:59:33.844+0000] {manager.py:997} INFO - 
================================================================================
DAG File Processing Stats

File Path                                 PID  Runtime      # DAGs    # Errors  Last Runtime    Last Run               Last # of DB Queries
--------------------------------------  -----  ---------  --------  ----------  --------------  -------------------  ----------------------
/opt/airflow/dags/datahub_ingestion.py    992  0.01s             1           0  0.30s           2026-06-04T14:59:03                      12
/opt/airflow/dags/ehr_data_pipeline.py                           1           0  0.30s           2026-06-04T14:59:08                      12
================================================================================
[2026-06-04T15:00:04.406+0000] {manager.py:997} INFO - 
================================================================================
DAG File Processing Stats

File Path                                 PID  Runtime      # DAGs    # Errors  Last Runtime    Last Run               Last # of DB Queries
--------------------------------------  -----  ---------  --------  ----------  --------------  -------------------  ----------------------
/opt/airflow/dags/datahub_ingestion.py   1149  0.01s             1           0  0.40s           2026-06-04T14:59:34                      12
/opt/airflow/dags/ehr_data_pipeline.py                           1           0  0.31s           2026-06-04T14:59:39                      12
================================================================================
[2026-06-04T15:00:34.655+0000] {manager.py:997} INFO - 
================================================================================
DAG File Processing Stats

File Path                                 PID  Runtime      # DAGs    # Errors  Last Runtime    Last Run               Last # of DB Queries
--------------------------------------  -----  ---------  --------  ----------  --------------  -------------------  ----------------------
/opt/airflow/dags/ehr_data_pipeline.py                           1           0  0.19s           2026-06-04T15:00:09                      12
/opt/airflow/dags/datahub_ingestion.py   1167  0.01s             1           0  0.13s           2026-06-04T15:00:04                      12
================================================================================
[2026-06-04T15:01:04.878+0000] {manager.py:997} INFO - 
================================================================================
DAG File Processing Stats

File Path                                 PID  Runtime      # DAGs    # Errors  Last Runtime    Last Run               Last # of DB Queries
--------------------------------------  -----  ---------  --------  ----------  --------------  -------------------  ----------------------
/opt/airflow/dags/ehr_data_pipeline.py                           1           0  0.16s           2026-06-04T15:00:39                      12
/opt/airflow/dags/datahub_ingestion.py   1365  0.00s             1           0  0.11s           2026-06-04T15:00:34                      12
================================================================================
[2026-06-04T15:01:32.125+0000] {manager.py:821} INFO - Searching for files in /opt/airflow/dags
[2026-06-04T15:01:32.126+0000] {manager.py:824} INFO - There are 2 files in /opt/airflow/dags
[2026-06-04T15:01:35.155+0000] {manager.py:997} INFO - 
================================================================================
DAG File Processing Stats

File Path                                 PID  Runtime      # DAGs    # Errors  Last Runtime    Last Run               Last # of DB Queries
--------------------------------------  -----  ---------  --------  ----------  --------------  -------------------  ----------------------
/opt/airflow/dags/datahub_ingestion.py   1491  0.00s             1           0  0.12s           2026-06-04T15:01:04                      12
/opt/airflow/dags/ehr_data_pipeline.py                           1           0  0.11s           2026-06-04T15:01:10                      12
================================================================================
[2026-06-04T15:02:05.433+0000] {manager.py:997} INFO - 
================================================================================
DAG File Processing Stats

File Path                                 PID  Runtime      # DAGs    # Errors  Last Runtime    Last Run               Last # of DB Queries
--------------------------------------  -----  ---------  --------  ----------  --------------  -------------------  ----------------------
/opt/airflow/dags/datahub_ingestion.py   1888  0.01s             1           0  0.14s           2026-06-04T15:01:35                      12
/opt/airflow/dags/ehr_data_pipeline.py                           1           0  0.12s           2026-06-04T15:01:40                      12
================================================================================
[2026-06-04T15:02:35.755+0000] {manager.py:997} INFO - 
================================================================================
DAG File Processing Stats

File Path                                 PID  Runtime      # DAGs    # Errors  Last Runtime    Last Run               Last # of DB Queries
--------------------------------------  -----  ---------  --------  ----------  --------------  -------------------  ----------------------
/opt/airflow/dags/ehr_data_pipeline.py                           1           0  0.26s           2026-06-04T15:02:10                      12
/opt/airflow/dags/datahub_ingestion.py   1987  0.01s             1           0  0.18s           2026-06-04T15:02:05                      12
================================================================================
[2026-06-04T15:03:06.067+0000] {manager.py:997} INFO - 
================================================================================
DAG File Processing Stats

File Path                                 PID  Runtime      # DAGs    # Errors  Last Runtime    Last Run               Last # of DB Queries
--------------------------------------  -----  ---------  --------  ----------  --------------  -------------------  ----------------------
/opt/airflow/dags/ehr_data_pipeline.py                           1           0  0.28s           2026-06-04T15:02:41                      12
/opt/airflow/dags/datahub_ingestion.py   2006  0.00s             1           0  0.20s           2026-06-04T15:02:35                      12
================================================================================
[2026-06-04T15:03:36.311+0000] {manager.py:997} INFO - 
================================================================================
DAG File Processing Stats

File Path                                 PID  Runtime      # DAGs    # Errors  Last Runtime    Last Run               Last # of DB Queries
--------------------------------------  -----  ---------  --------  ----------  --------------  -------------------  ----------------------
/opt/airflow/dags/ehr_data_pipeline.py                           1           0  0.11s           2026-06-04T15:03:12                      12
/opt/airflow/dags/datahub_ingestion.py   2146  0.01s             1           0  0.11s           2026-06-04T15:03:06                      12
================================================================================
[2026-06-04T15:04:06.473+0000] {manager.py:997} INFO - 
================================================================================
DAG File Processing Stats

File Path                               PID    Runtime      # DAGs    # Errors  Last Runtime    Last Run               Last # of DB Queries
--------------------------------------  -----  ---------  --------  ----------  --------------  -------------------  ----------------------
/opt/airflow/dags/datahub_ingestion.py                           1           0  0.19s           2026-06-04T15:03:36                      12
/opt/airflow/dags/ehr_data_pipeline.py                           1           0  0.11s           2026-06-04T15:03:42                      12
================================================================================
[2026-06-04T15:04:36.725+0000] {manager.py:997} INFO - 
================================================================================
DAG File Processing Stats

File Path                               PID    Runtime      # DAGs    # Errors  Last Runtime    Last Run               Last # of DB Queries
--------------------------------------  -----  ---------  --------  ----------  --------------  -------------------  ----------------------
/opt/airflow/dags/datahub_ingestion.py                           1           0  0.31s           2026-06-04T15:04:06                      12
/opt/airflow/dags/ehr_data_pipeline.py                           1           0  0.16s           2026-06-04T15:04:12                      12
================================================================================
[2026-06-04T15:05:07.149+0000] {manager.py:997} INFO - 
================================================================================
DAG File Processing Stats

File Path                               PID    Runtime      # DAGs    # Errors  Last Runtime    Last Run               Last # of DB Queries
--------------------------------------  -----  ---------  --------  ----------  --------------  -------------------  ----------------------
/opt/airflow/dags/ehr_data_pipeline.py                           1           0  0.27s           2026-06-04T15:04:43                      12
/opt/airflow/dags/datahub_ingestion.py                           1           0  0.26s           2026-06-04T15:04:37                      12
================================================================================
[2026-06-04T15:05:37.505+0000] {manager.py:997} INFO - 
================================================================================
DAG File Processing Stats

File Path                               PID    Runtime      # DAGs    # Errors  Last Runtime    Last Run               Last # of DB Queries
--------------------------------------  -----  ---------  --------  ----------  --------------  -------------------  ----------------------
/opt/airflow/dags/ehr_data_pipeline.py                           1           0  0.14s           2026-06-04T15:05:13                      12
/opt/airflow/dags/datahub_ingestion.py                           1           0  0.13s           2026-06-04T15:05:08                      12
================================================================================
[2026-06-04T15:06:07.845+0000] {manager.py:997} INFO - 
================================================================================
DAG File Processing Stats

File Path                               PID    Runtime      # DAGs    # Errors  Last Runtime    Last Run               Last # of DB Queries
--------------------------------------  -----  ---------  --------  ----------  --------------  -------------------  ----------------------
/opt/airflow/dags/datahub_ingestion.py                           1           0  0.13s           2026-06-04T15:05:38                      12
/opt/airflow/dags/ehr_data_pipeline.py                           1           0  0.12s           2026-06-04T15:05:43                      12
================================================================================
[2026-06-04T15:06:32.143+0000] {manager.py:821} INFO - Searching for files in /opt/airflow/dags
[2026-06-04T15:06:32.147+0000] {manager.py:824} INFO - There are 2 files in /opt/airflow/dags
[2026-06-04T15:06:38.212+0000] {manager.py:997} INFO - 
================================================================================
DAG File Processing Stats

File Path                               PID    Runtime      # DAGs    # Errors  Last Runtime    Last Run               Last # of DB Queries
--------------------------------------  -----  ---------  --------  ----------  --------------  -------------------  ----------------------
/opt/airflow/dags/ehr_data_pipeline.py                           1           0  0.14s           2026-06-04T15:06:14                      12
/opt/airflow/dags/datahub_ingestion.py                           1           0  0.14s           2026-06-04T15:06:08                      12
================================================================================
[2026-06-04T15:07:08.553+0000] {manager.py:997} INFO - 
================================================================================
DAG File Processing Stats

File Path                               PID    Runtime      # DAGs    # Errors  Last Runtime    Last Run               Last # of DB Queries
--------------------------------------  -----  ---------  --------  ----------  --------------  -------------------  ----------------------
/opt/airflow/dags/datahub_ingestion.py                           1           0  0.14s           2026-06-04T15:06:39                      12
/opt/airflow/dags/ehr_data_pipeline.py                           1           0  0.13s           2026-06-04T15:06:44                      12
================================================================================
[2026-06-04T15:07:38.913+0000] {manager.py:997} INFO - 
================================================================================
DAG File Processing Stats

File Path                               PID    Runtime      # DAGs    # Errors  Last Runtime    Last Run               Last # of DB Queries
--------------------------------------  -----  ---------  --------  ----------  --------------  -------------------  ----------------------
/opt/airflow/dags/ehr_data_pipeline.py                           1           0  0.14s           2026-06-04T15:07:14                      12
/opt/airflow/dags/datahub_ingestion.py                           1           0  0.14s           2026-06-04T15:07:09                      12
================================================================================
[2026-06-04T15:08:09.258+0000] {manager.py:997} INFO - 
================================================================================
DAG File Processing Stats

File Path                               PID    Runtime      # DAGs    # Errors  Last Runtime    Last Run               Last # of DB Queries
--------------------------------------  -----  ---------  --------  ----------  --------------  -------------------  ----------------------
/opt/airflow/dags/datahub_ingestion.py                           1           0  0.14s           2026-06-04T15:07:40                      12
/opt/airflow/dags/ehr_data_pipeline.py                           1           0  0.13s           2026-06-04T15:07:45                      12
================================================================================
[2026-06-04T15:08:39.615+0000] {manager.py:997} INFO - 
================================================================================
DAG File Processing Stats

File Path                               PID    Runtime      # DAGs    # Errors  Last Runtime    Last Run               Last # of DB Queries
--------------------------------------  -----  ---------  --------  ----------  --------------  -------------------  ----------------------
/opt/airflow/dags/datahub_ingestion.py                           1           0  0.14s           2026-06-04T15:08:10                      12
/opt/airflow/dags/ehr_data_pipeline.py                           1           0  0.14s           2026-06-04T15:08:15                      12
================================================================================
[2026-06-04T15:09:09.959+0000] {manager.py:997} INFO - 
================================================================================
DAG File Processing Stats

File Path                               PID    Runtime      # DAGs    # Errors  Last Runtime    Last Run               Last # of DB Queries
--------------------------------------  -----  ---------  --------  ----------  --------------  -------------------  ----------------------
/opt/airflow/dags/ehr_data_pipeline.py                           1           0  0.14s           2026-06-04T15:08:45                      12
/opt/airflow/dags/datahub_ingestion.py                           1           0  0.13s           2026-06-04T15:08:40                      12
================================================================================
[2026-06-04T15:09:40.318+0000] {manager.py:997} INFO - 
================================================================================
DAG File Processing Stats

File Path                               PID    Runtime      # DAGs    # Errors  Last Runtime    Last Run               Last # of DB Queries
--------------------------------------  -----  ---------  --------  ----------  --------------  -------------------  ----------------------
/opt/airflow/dags/datahub_ingestion.py                           1           0  0.14s           2026-06-04T15:09:11                      12
/opt/airflow/dags/ehr_data_pipeline.py                           1           0  0.13s           2026-06-04T15:09:16                      12
================================================================================
[2026-06-04T15:10:10.640+0000] {manager.py:997} INFO - 
================================================================================
DAG File Processing Stats

File Path                               PID    Runtime      # DAGs    # Errors  Last Runtime    Last Run               Last # of DB Queries
--------------------------------------  -----  ---------  --------  ----------  --------------  -------------------  ----------------------
/opt/airflow/dags/ehr_data_pipeline.py                           1           0  0.13s           2026-06-04T15:09:46                      12
/opt/airflow/dags/datahub_ingestion.py                           1           0  0.12s           2026-06-04T15:09:41                      12
================================================================================
[2026-06-04T15:10:40.992+0000] {manager.py:997} INFO - 
================================================================================
DAG File Processing Stats

File Path                               PID    Runtime      # DAGs    # Errors  Last Runtime    Last Run               Last # of DB Queries
--------------------------------------  -----  ---------  --------  ----------  --------------  -------------------  ----------------------
/opt/airflow/dags/ehr_data_pipeline.py                           1           0  0.13s           2026-06-04T15:10:16                      12
/opt/airflow/dags/datahub_ingestion.py                           1           0  0.13s           2026-06-04T15:10:11                      12
================================================================================
[2026-06-04T15:11:11.343+0000] {manager.py:997} INFO - 
================================================================================
DAG File Processing Stats

File Path                               PID    Runtime      # DAGs    # Errors  Last Runtime    Last Run               Last # of DB Queries
--------------------------------------  -----  ---------  --------  ----------  --------------  -------------------  ----------------------
/opt/airflow/dags/ehr_data_pipeline.py                           1           0  0.13s           2026-06-04T15:10:47                      12
/opt/airflow/dags/datahub_ingestion.py                           1           0  0.13s           2026-06-04T15:10:42                      12
================================================================================
[2026-06-04T15:11:32.646+0000] {manager.py:821} INFO - Searching for files in /opt/airflow/dags
[2026-06-04T15:11:32.650+0000] {manager.py:824} INFO - There are 2 files in /opt/airflow/dags
[2026-06-04T15:11:37.382+0000] {manager.py:465} INFO - Exiting gracefully upon receiving signal 15
[2026-06-04T15:12:57.271+0000] {manager.py:483} INFO - Processing files using up to 2 processes at a time 
[2026-06-04T15:12:57.272+0000] {manager.py:484} INFO - Process each file at most once every 30 seconds
[2026-06-04T15:12:57.273+0000] {manager.py:485} INFO - Checking for new files in /opt/airflow/dags every 300 seconds
[2026-06-04T15:12:57.273+0000] {manager.py:821} INFO - Searching for files in /opt/airflow/dags
[2026-06-04T15:12:57.274+0000] {manager.py:824} INFO - There are 2 files in /opt/airflow/dags
[2026-06-04T15:12:57.347+0000] {manager.py:997} INFO - 
================================================================================
DAG File Processing Stats

File Path                                 PID  Runtime      # DAGs    # Errors  Last Runtime    Last Run      Last # of DB Queries
--------------------------------------  -----  ---------  --------  ----------  --------------  ----------  ----------------------
/opt/airflow/dags/datahub_ingestion.py    158  0.02s             0           0                                                   0
/opt/airflow/dags/ehr_data_pipeline.py    155  0.02s             0           0                                                   0
================================================================================
[2026-06-04T15:13:27.667+0000] {manager.py:997} INFO - 
================================================================================
DAG File Processing Stats

File Path                                 PID  Runtime      # DAGs    # Errors  Last Runtime    Last Run               Last # of DB Queries
--------------------------------------  -----  ---------  --------  ----------  --------------  -------------------  ----------------------
/opt/airflow/dags/ehr_data_pipeline.py    170  0.02s             1           0  0.13s           2026-06-04T15:12:57                      12
/opt/airflow/dags/datahub_ingestion.py    173  0.01s             1           0  0.12s           2026-06-04T15:12:57                      12
================================================================================
[2026-06-04T15:13:57.942+0000] {manager.py:997} INFO - 
================================================================================
DAG File Processing Stats

File Path                                 PID  Runtime      # DAGs    # Errors  Last Runtime    Last Run               Last # of DB Queries
--------------------------------------  -----  ---------  --------  ----------  --------------  -------------------  ----------------------
/opt/airflow/dags/datahub_ingestion.py    439  0.01s             1           0  0.11s           2026-06-04T15:13:27                      12
/opt/airflow/dags/ehr_data_pipeline.py                           1           0  0.11s           2026-06-04T15:13:38                      12
================================================================================
[2026-06-04T15:14:28.207+0000] {manager.py:997} INFO - 
================================================================================
DAG File Processing Stats

File Path                                 PID  Runtime      # DAGs    # Errors  Last Runtime    Last Run               Last # of DB Queries
--------------------------------------  -----  ---------  --------  ----------  --------------  -------------------  ----------------------
/opt/airflow/dags/ehr_data_pipeline.py                           1           0  0.18s           2026-06-04T15:14:09                      12
/opt/airflow/dags/datahub_ingestion.py    670  0.01s             1           0  0.12s           2026-06-04T15:13:58                      12
================================================================================
[2026-06-04T15:14:58.450+0000] {manager.py:997} INFO - 
================================================================================
DAG File Processing Stats

File Path                                 PID  Runtime      # DAGs    # Errors  Last Runtime    Last Run               Last # of DB Queries
--------------------------------------  -----  ---------  --------  ----------  --------------  -------------------  ----------------------
/opt/airflow/dags/ehr_data_pipeline.py                           1           0  0.18s           2026-06-04T15:14:39                      12
/opt/airflow/dags/datahub_ingestion.py    941  0.01s             1           0  0.12s           2026-06-04T15:14:28                      12
================================================================================
[2026-06-04T15:15:28.735+0000] {manager.py:997} INFO - 
================================================================================
DAG File Processing Stats

File Path                                 PID  Runtime      # DAGs    # Errors  Last Runtime    Last Run               Last # of DB Queries
--------------------------------------  -----  ---------  --------  ----------  --------------  -------------------  ----------------------
/opt/airflow/dags/datahub_ingestion.py    997  0.00s             1           0  0.17s           2026-06-04T15:14:58                      12
/opt/airflow/dags/ehr_data_pipeline.py                           1           0  0.12s           2026-06-04T15:15:09                      12
================================================================================
[2026-06-04T15:15:58.982+0000] {manager.py:997} INFO - 
================================================================================
DAG File Processing Stats

File Path                                 PID  Runtime      # DAGs    # Errors  Last Runtime    Last Run               Last # of DB Queries
--------------------------------------  -----  ---------  --------  ----------  --------------  -------------------  ----------------------
/opt/airflow/dags/ehr_data_pipeline.py                           1           0  0.11s           2026-06-04T15:15:39                      12
/opt/airflow/dags/datahub_ingestion.py   1090  0.00s             1           0  0.10s           2026-06-04T15:15:28                      12
================================================================================
[2026-06-04T15:16:29.205+0000] {manager.py:997} INFO - 
================================================================================
DAG File Processing Stats

File Path                                 PID  Runtime      # DAGs    # Errors  Last Runtime    Last Run               Last # of DB Queries
--------------------------------------  -----  ---------  --------  ----------  --------------  -------------------  ----------------------
/opt/airflow/dags/ehr_data_pipeline.py                           1           0  0.12s           2026-06-04T15:16:10                      12
/opt/airflow/dags/datahub_ingestion.py   1115  0.00s             1           0  0.09s           2026-06-04T15:15:59                      12
================================================================================
[2026-06-04T15:16:59.477+0000] {manager.py:997} INFO - 
================================================================================
DAG File Processing Stats

File Path                                 PID  Runtime      # DAGs    # Errors  Last Runtime    Last Run               Last # of DB Queries
--------------------------------------  -----  ---------  --------  ----------  --------------  -------------------  ----------------------
/opt/airflow/dags/ehr_data_pipeline.py                           1           0  0.36s           2026-06-04T15:16:40                      12
/opt/airflow/dags/datahub_ingestion.py   1462  0.01s             1           0  0.15s           2026-06-04T15:16:29                      12
================================================================================
[2026-06-04T15:17:29.881+0000] {manager.py:997} INFO - 
================================================================================
DAG File Processing Stats

File Path                                 PID  Runtime      # DAGs    # Errors  Last Runtime    Last Run               Last # of DB Queries
--------------------------------------  -----  ---------  --------  ----------  --------------  -------------------  ----------------------
/opt/airflow/dags/datahub_ingestion.py   1715  0.01s             1           0  0.26s           2026-06-04T15:16:59                      12
/opt/airflow/dags/ehr_data_pipeline.py                           1           0  0.20s           2026-06-04T15:17:10                      12
================================================================================
[2026-06-04T15:17:57.317+0000] {manager.py:821} INFO - Searching for files in /opt/airflow/dags
[2026-06-04T15:17:57.318+0000] {manager.py:824} INFO - There are 2 files in /opt/airflow/dags
[2026-06-04T15:18:00.270+0000] {manager.py:997} INFO - 
================================================================================
DAG File Processing Stats

File Path                                 PID  Runtime      # DAGs    # Errors  Last Runtime    Last Run               Last # of DB Queries
--------------------------------------  -----  ---------  --------  ----------  --------------  -------------------  ----------------------
/opt/airflow/dags/datahub_ingestion.py   1742  0.00s             1           0  0.27s           2026-06-04T15:17:30                      12
/opt/airflow/dags/ehr_data_pipeline.py                           1           0  0.13s           2026-06-04T15:17:41                      12
================================================================================
[2026-06-04T15:18:30.492+0000] {manager.py:997} INFO - 
================================================================================
DAG File Processing Stats

File Path                                 PID  Runtime      # DAGs    # Errors  Last Runtime    Last Run               Last # of DB Queries
--------------------------------------  -----  ---------  --------  ----------  --------------  -------------------  ----------------------
/opt/airflow/dags/ehr_data_pipeline.py                           1           0  0.12s           2026-06-04T15:18:11                      12
/opt/airflow/dags/datahub_ingestion.py   1785  0.01s             1           0  0.10s           2026-06-04T15:18:00                      12
================================================================================
[2026-06-04T15:19:00.776+0000] {manager.py:997} INFO - 
================================================================================
DAG File Processing Stats

File Path                                 PID  Runtime      # DAGs    # Errors  Last Runtime    Last Run               Last # of DB Queries
--------------------------------------  -----  ---------  --------  ----------  --------------  -------------------  ----------------------
/opt/airflow/dags/ehr_data_pipeline.py                           1           0  0.23s           2026-06-04T15:18:41                      12
/opt/airflow/dags/datahub_ingestion.py   2208  0.01s             1           0  0.15s           2026-06-04T15:18:30                      12
================================================================================
[2026-06-04T15:19:31.051+0000] {manager.py:997} INFO - 
================================================================================
DAG File Processing Stats

File Path                                 PID  Runtime      # DAGs    # Errors  Last Runtime    Last Run               Last # of DB Queries
--------------------------------------  -----  ---------  --------  ----------  --------------  -------------------  ----------------------
/opt/airflow/dags/ehr_data_pipeline.py                           1           0  0.18s           2026-06-04T15:19:12                      12
/opt/airflow/dags/datahub_ingestion.py   2565  0.01s             1           0  0.13s           2026-06-04T15:19:00                      12
================================================================================
[2026-06-04T15:20:01.887+0000] {manager.py:997} INFO - 
================================================================================
DAG File Processing Stats

File Path                                 PID  Runtime      # DAGs    # Errors  Last Runtime    Last Run               Last # of DB Queries
--------------------------------------  -----  ---------  --------  ----------  --------------  -------------------  ----------------------
/opt/airflow/dags/datahub_ingestion.py   2663  0.01s             1           0  0.29s           2026-06-04T15:19:31                      12
/opt/airflow/dags/ehr_data_pipeline.py                           1           0  0.15s           2026-06-04T15:20:01                      16
================================================================================
[2026-06-04T15:20:32.210+0000] {manager.py:997} INFO - 
================================================================================
DAG File Processing Stats

File Path                                 PID  Runtime      # DAGs    # Errors  Last Runtime    Last Run               Last # of DB Queries
--------------------------------------  -----  ---------  --------  ----------  --------------  -------------------  ----------------------
/opt/airflow/dags/ehr_data_pipeline.py                           1           0  0.14s           2026-06-04T15:20:31                      12
/opt/airflow/dags/datahub_ingestion.py   2673  0.01s             1           0  0.13s           2026-06-04T15:20:02                      12
================================================================================
[2026-06-04T15:21:02.517+0000] {manager.py:997} INFO - 
================================================================================
DAG File Processing Stats

File Path                                 PID  Runtime      # DAGs    # Errors  Last Runtime    Last Run               Last # of DB Queries
--------------------------------------  -----  ---------  --------  ----------  --------------  -------------------  ----------------------
/opt/airflow/dags/ehr_data_pipeline.py                           1           0  0.28s           2026-06-04T15:21:01                      12
/opt/airflow/dags/datahub_ingestion.py   2683  0.01s             1           0  0.13s           2026-06-04T15:20:32                      12
================================================================================
[2026-06-04T15:21:33.002+0000] {manager.py:997} INFO - 
================================================================================
DAG File Processing Stats

File Path                                 PID  Runtime      # DAGs    # Errors  Last Runtime    Last Run               Last # of DB Queries
--------------------------------------  -----  ---------  --------  ----------  --------------  -------------------  ----------------------
/opt/airflow/dags/datahub_ingestion.py   2693  0.01s             1           0  0.28s           2026-06-04T15:21:02                      12
/opt/airflow/dags/ehr_data_pipeline.py                           1           0  0.13s           2026-06-04T15:21:32                      12
================================================================================
[2026-06-04T15:22:03.372+0000] {manager.py:997} INFO - 
================================================================================
DAG File Processing Stats

File Path                                 PID  Runtime      # DAGs    # Errors  Last Runtime    Last Run               Last # of DB Queries
--------------------------------------  -----  ---------  --------  ----------  --------------  -------------------  ----------------------
/opt/airflow/dags/datahub_ingestion.py   2703  0.01s             1           0  0.15s           2026-06-04T15:21:33                      12
/opt/airflow/dags/ehr_data_pipeline.py                           1           0  0.14s           2026-06-04T15:22:02                      12
================================================================================
[2026-06-04T15:22:33.753+0000] {manager.py:997} INFO - 
================================================================================
DAG File Processing Stats

File Path                                 PID  Runtime      # DAGs    # Errors  Last Runtime    Last Run               Last # of DB Queries
--------------------------------------  -----  ---------  --------  ----------  --------------  -------------------  ----------------------
/opt/airflow/dags/ehr_data_pipeline.py                           1           0  0.36s           2026-06-04T15:22:33                      12
/opt/airflow/dags/datahub_ingestion.py   2713  0.01s             1           0  0.13s           2026-06-04T15:22:03                      12
================================================================================
[2026-06-04T15:22:58.244+0000] {manager.py:821} INFO - Searching for files in /opt/airflow/dags
[2026-06-04T15:22:58.246+0000] {manager.py:824} INFO - There are 2 files in /opt/airflow/dags
[2026-06-04T15:23:04.327+0000] {manager.py:997} INFO - 
================================================================================
DAG File Processing Stats

File Path                                 PID  Runtime      # DAGs    # Errors  Last Runtime    Last Run               Last # of DB Queries
--------------------------------------  -----  ---------  --------  ----------  --------------  -------------------  ----------------------
/opt/airflow/dags/datahub_ingestion.py   2723  0.01s             1           0  0.36s           2026-06-04T15:22:34                      12
/opt/airflow/dags/ehr_data_pipeline.py                           1           0  0.12s           2026-06-04T15:23:03                      12
================================================================================
[2026-06-04T15:23:34.686+0000] {manager.py:997} INFO - 
================================================================================
DAG File Processing Stats

File Path                                 PID  Runtime      # DAGs    # Errors  Last Runtime    Last Run               Last # of DB Queries
--------------------------------------  -----  ---------  --------  ----------  --------------  -------------------  ----------------------
/opt/airflow/dags/datahub_ingestion.py   2733  0.01s             1           0  0.13s           2026-06-04T15:23:04                      12
/opt/airflow/dags/ehr_data_pipeline.py                           1           0  0.13s           2026-06-04T15:23:33                      12
================================================================================
[2026-06-04T15:24:05.027+0000] {manager.py:997} INFO - 
================================================================================
DAG File Processing Stats

File Path                                 PID  Runtime      # DAGs    # Errors  Last Runtime    Last Run               Last # of DB Queries
--------------------------------------  -----  ---------  --------  ----------  --------------  -------------------  ----------------------
/opt/airflow/dags/ehr_data_pipeline.py                           1           0  0.28s           2026-06-04T15:24:04                      12
/opt/airflow/dags/datahub_ingestion.py   2743  0.00s             1           0  0.12s           2026-06-04T15:23:34                      12
================================================================================
[2026-06-04T15:24:35.520+0000] {manager.py:997} INFO - 
================================================================================
DAG File Processing Stats

File Path                                 PID  Runtime      # DAGs    # Errors  Last Runtime    Last Run               Last # of DB Queries
--------------------------------------  -----  ---------  --------  ----------  --------------  -------------------  ----------------------
/opt/airflow/dags/datahub_ingestion.py   2753  0.01s             1           0  0.26s           2026-06-04T15:24:05                      12
/opt/airflow/dags/ehr_data_pipeline.py                           1           0  0.15s           2026-06-04T15:24:34                      12
================================================================================
[2026-06-04T15:25:05.850+0000] {manager.py:997} INFO - 
================================================================================
DAG File Processing Stats

File Path                                 PID  Runtime      # DAGs    # Errors  Last Runtime    Last Run               Last # of DB Queries
--------------------------------------  -----  ---------  --------  ----------  --------------  -------------------  ----------------------
/opt/airflow/dags/datahub_ingestion.py   2763  0.01s             1           0  0.13s           2026-06-04T15:24:35                      12
/opt/airflow/dags/ehr_data_pipeline.py                           1           0  0.13s           2026-06-04T15:25:04                      12
================================================================================
[2026-06-04T15:25:36.157+0000] {manager.py:997} INFO - 
================================================================================
DAG File Processing Stats

File Path                                 PID  Runtime      # DAGs    # Errors  Last Runtime    Last Run               Last # of DB Queries
--------------------------------------  -----  ---------  --------  ----------  --------------  -------------------  ----------------------
/opt/airflow/dags/ehr_data_pipeline.py                           1           0  0.29s           2026-06-04T15:25:35                      12
/opt/airflow/dags/datahub_ingestion.py   2773  0.01s             1           0  0.12s           2026-06-04T15:25:05                      12
================================================================================
[2026-06-04T15:26:06.624+0000] {manager.py:997} INFO - 
================================================================================
DAG File Processing Stats

File Path                                 PID  Runtime      # DAGs    # Errors  Last Runtime    Last Run               Last # of DB Queries
--------------------------------------  -----  ---------  --------  ----------  --------------  -------------------  ----------------------
/opt/airflow/dags/datahub_ingestion.py   2783  0.01s             1           0  0.28s           2026-06-04T15:25:36                      12
/opt/airflow/dags/ehr_data_pipeline.py                           1           0  0.13s           2026-06-04T15:26:05                      12
================================================================================
[2026-06-04T15:26:36.991+0000] {manager.py:997} INFO - 
================================================================================
DAG File Processing Stats

File Path                                 PID  Runtime      # DAGs    # Errors  Last Runtime    Last Run               Last # of DB Queries
--------------------------------------  -----  ---------  --------  ----------  --------------  -------------------  ----------------------
/opt/airflow/dags/ehr_data_pipeline.py                           1           0  0.14s           2026-06-04T15:26:36                      12
/opt/airflow/dags/datahub_ingestion.py   2793  0.01s             1           0  0.13s           2026-06-04T15:26:06                      12
================================================================================
[2026-06-04T15:27:07.349+0000] {manager.py:997} INFO - 
================================================================================
DAG File Processing Stats

File Path                                 PID  Runtime      # DAGs    # Errors  Last Runtime    Last Run               Last # of DB Queries
--------------------------------------  -----  ---------  --------  ----------  --------------  -------------------  ----------------------
/opt/airflow/dags/ehr_data_pipeline.py                           1           0  0.30s           2026-06-04T15:27:06                      12
/opt/airflow/dags/datahub_ingestion.py   2803  0.01s             1           0  0.15s           2026-06-04T15:26:37                      12
================================================================================
[2026-06-04T15:27:37.874+0000] {manager.py:997} INFO - 
================================================================================
DAG File Processing Stats

File Path                                 PID  Runtime      # DAGs    # Errors  Last Runtime    Last Run               Last # of DB Queries
--------------------------------------  -----  ---------  --------  ----------  --------------  -------------------  ----------------------
/opt/airflow/dags/datahub_ingestion.py   2813  0.01s             1           0  0.28s           2026-06-04T15:27:07                      12
/opt/airflow/dags/ehr_data_pipeline.py                           1           0  0.15s           2026-06-04T15:27:36                      12
================================================================================
[2026-06-04T15:27:59.134+0000] {manager.py:821} INFO - Searching for files in /opt/airflow/dags
[2026-06-04T15:27:59.138+0000] {manager.py:824} INFO - There are 2 files in /opt/airflow/dags
[2026-06-04T15:28:08.263+0000] {manager.py:997} INFO - 
================================================================================
DAG File Processing Stats

File Path                                 PID  Runtime      # DAGs    # Errors  Last Runtime    Last Run               Last # of DB Queries
--------------------------------------  -----  ---------  --------  ----------  --------------  -------------------  ----------------------
/opt/airflow/dags/datahub_ingestion.py   2823  0.01s             1           0  0.15s           2026-06-04T15:27:38                      12
/opt/airflow/dags/ehr_data_pipeline.py                           1           0  0.13s           2026-06-04T15:28:07                      12
================================================================================
[2026-06-04T15:28:38.627+0000] {manager.py:997} INFO - 
================================================================================
DAG File Processing Stats

File Path                                 PID  Runtime      # DAGs    # Errors  Last Runtime    Last Run               Last # of DB Queries
--------------------------------------  -----  ---------  --------  ----------  --------------  -------------------  ----------------------
/opt/airflow/dags/ehr_data_pipeline.py                           1           0  0.31s           2026-06-04T15:28:37                      12
/opt/airflow/dags/datahub_ingestion.py   2833  0.01s             1           0  0.12s           2026-06-04T15:28:08                      12
================================================================================
[2026-06-04T15:29:09.130+0000] {manager.py:997} INFO - 
================================================================================
DAG File Processing Stats

File Path                                 PID  Runtime      # DAGs    # Errors  Last Runtime    Last Run               Last # of DB Queries
--------------------------------------  -----  ---------  --------  ----------  --------------  -------------------  ----------------------
/opt/airflow/dags/datahub_ingestion.py   2843  0.01s             1           0  0.29s           2026-06-04T15:28:38                      12
/opt/airflow/dags/ehr_data_pipeline.py                           1           0  0.12s           2026-06-04T15:29:08                      12
================================================================================
[2026-06-04T15:29:39.489+0000] {manager.py:997} INFO - 
================================================================================
DAG File Processing Stats

File Path                                 PID  Runtime      # DAGs    # Errors  Last Runtime    Last Run               Last # of DB Queries
--------------------------------------  -----  ---------  --------  ----------  --------------  -------------------  ----------------------
/opt/airflow/dags/ehr_data_pipeline.py                           1           0  0.14s           2026-06-04T15:29:38                      12
/opt/airflow/dags/datahub_ingestion.py   2853  0.01s             1           0  0.12s           2026-06-04T15:29:09                      12
================================================================================
[2026-06-04T15:30:09.861+0000] {manager.py:997} INFO - 
================================================================================
DAG File Processing Stats

File Path                                 PID  Runtime      # DAGs    # Errors  Last Runtime    Last Run               Last # of DB Queries
--------------------------------------  -----  ---------  --------  ----------  --------------  -------------------  ----------------------
/opt/airflow/dags/ehr_data_pipeline.py                           1           0  0.30s           2026-06-04T15:30:09                      12
/opt/airflow/dags/datahub_ingestion.py   2863  0.01s             1           0  0.13s           2026-06-04T15:29:39                      12
================================================================================
[2026-06-04T15:30:40.373+0000] {manager.py:997} INFO - 
================================================================================
DAG File Processing Stats

File Path                                 PID  Runtime      # DAGs    # Errors  Last Runtime    Last Run               Last # of DB Queries
--------------------------------------  -----  ---------  --------  ----------  --------------  -------------------  ----------------------
/opt/airflow/dags/datahub_ingestion.py   2873  0.01s             1           0  0.29s           2026-06-04T15:30:10                      12
/opt/airflow/dags/ehr_data_pipeline.py                           1           0  0.12s           2026-06-04T15:30:39                      12
================================================================================
[2026-06-04T15:31:10.729+0000] {manager.py:997} INFO - 
================================================================================
DAG File Processing Stats

File Path                                 PID  Runtime      # DAGs    # Errors  Last Runtime    Last Run               Last # of DB Queries
--------------------------------------  -----  ---------  --------  ----------  --------------  -------------------  ----------------------
/opt/airflow/dags/ehr_data_pipeline.py                           1           0  0.15s           2026-06-04T15:31:09                      12
/opt/airflow/dags/datahub_ingestion.py   2883  0.01s             1           0  0.11s           2026-06-04T15:30:40                      12
================================================================================
[2026-06-04T15:31:41.096+0000] {manager.py:997} INFO - 
================================================================================
DAG File Processing Stats

File Path                                 PID  Runtime      # DAGs    # Errors  Last Runtime    Last Run               Last # of DB Queries
--------------------------------------  -----  ---------  --------  ----------  --------------  -------------------  ----------------------
/opt/airflow/dags/ehr_data_pipeline.py                           1           0  0.29s           2026-06-04T15:31:40                      12
/opt/airflow/dags/datahub_ingestion.py   2893  0.01s             1           0  0.13s           2026-06-04T15:31:10                      12
================================================================================
[2026-06-04T15:32:11.616+0000] {manager.py:997} INFO - 
================================================================================
DAG File Processing Stats

File Path                                 PID  Runtime      # DAGs    # Errors  Last Runtime    Last Run               Last # of DB Queries
--------------------------------------  -----  ---------  --------  ----------  --------------  -------------------  ----------------------
/opt/airflow/dags/datahub_ingestion.py   2903  0.01s             1           0  0.29s           2026-06-04T15:31:41                      12
/opt/airflow/dags/ehr_data_pipeline.py                           1           0  0.13s           2026-06-04T15:32:10                      12
================================================================================
[2026-06-04T15:32:41.981+0000] {manager.py:997} INFO - 
================================================================================
DAG File Processing Stats

File Path                                 PID  Runtime      # DAGs    # Errors  Last Runtime    Last Run               Last # of DB Queries
--------------------------------------  -----  ---------  --------  ----------  --------------  -------------------  ----------------------
/opt/airflow/dags/datahub_ingestion.py   2913  0.01s             1           0  0.14s           2026-06-04T15:32:11                      12
/opt/airflow/dags/ehr_data_pipeline.py                           1           0  0.12s           2026-06-04T15:32:41                      12
================================================================================
[2026-06-04T15:32:59.176+0000] {manager.py:821} INFO - Searching for files in /opt/airflow/dags
[2026-06-04T15:32:59.180+0000] {manager.py:824} INFO - There are 2 files in /opt/airflow/dags
[2026-06-04T15:33:12.337+0000] {manager.py:997} INFO - 
================================================================================
DAG File Processing Stats

File Path                                 PID  Runtime      # DAGs    # Errors  Last Runtime    Last Run               Last # of DB Queries
--------------------------------------  -----  ---------  --------  ----------  --------------  -------------------  ----------------------
/opt/airflow/dags/ehr_data_pipeline.py                           1           0  0.28s           2026-06-04T15:33:11                      12
/opt/airflow/dags/datahub_ingestion.py   2923  0.01s             1           0  0.13s           2026-06-04T15:32:42                      12
================================================================================
[2026-06-04T15:33:42.853+0000] {manager.py:997} INFO - 
================================================================================
DAG File Processing Stats

File Path                                 PID  Runtime      # DAGs    # Errors  Last Runtime    Last Run               Last # of DB Queries
--------------------------------------  -----  ---------  --------  ----------  --------------  -------------------  ----------------------
/opt/airflow/dags/datahub_ingestion.py   2933  0.01s             1           0  0.29s           2026-06-04T15:33:12                      12
/opt/airflow/dags/ehr_data_pipeline.py                           1           0  0.13s           2026-06-04T15:33:41                      12
================================================================================
[2026-06-04T15:34:13.199+0000] {manager.py:997} INFO - 
================================================================================
DAG File Processing Stats

File Path                                 PID  Runtime      # DAGs    # Errors  Last Runtime    Last Run               Last # of DB Queries
--------------------------------------  -----  ---------  --------  ----------  --------------  -------------------  ----------------------
/opt/airflow/dags/ehr_data_pipeline.py                           1           0  0.14s           2026-06-04T15:34:12                      12
/opt/airflow/dags/datahub_ingestion.py   2943  0.01s             1           0  0.12s           2026-06-04T15:33:42                      12
================================================================================
[2026-06-04T15:34:43.506+0000] {manager.py:997} INFO - 
================================================================================
DAG File Processing Stats

File Path                                 PID  Runtime      # DAGs    # Errors  Last Runtime    Last Run               Last # of DB Queries
--------------------------------------  -----  ---------  --------  ----------  --------------  -------------------  ----------------------
/opt/airflow/dags/ehr_data_pipeline.py                           1           0  0.27s           2026-06-04T15:34:42                      12
/opt/airflow/dags/datahub_ingestion.py   2953  0.01s             1           0  0.12s           2026-06-04T15:34:13                      12
================================================================================
[2026-06-04T15:35:13.967+0000] {manager.py:997} INFO - 
================================================================================
DAG File Processing Stats

File Path                                 PID  Runtime      # DAGs    # Errors  Last Runtime    Last Run               Last # of DB Queries
--------------------------------------  -----  ---------  --------  ----------  --------------  -------------------  ----------------------
/opt/airflow/dags/datahub_ingestion.py   2963  0.01s             1           0  0.28s           2026-06-04T15:34:43                      12
/opt/airflow/dags/ehr_data_pipeline.py                           1           0  0.11s           2026-06-04T15:35:13                      12
================================================================================
[2026-06-04T15:35:44.269+0000] {manager.py:997} INFO - 
================================================================================
DAG File Processing Stats

File Path                                 PID  Runtime      # DAGs    # Errors  Last Runtime    Last Run               Last # of DB Queries
--------------------------------------  -----  ---------  --------  ----------  --------------  -------------------  ----------------------
/opt/airflow/dags/ehr_data_pipeline.py                           1           0  0.14s           2026-06-04T15:35:43                      12
/opt/airflow/dags/datahub_ingestion.py   2973  0.01s             1           0  0.12s           2026-06-04T15:35:14                      12
================================================================================
[2026-06-04T15:36:14.619+0000] {manager.py:997} INFO - 
================================================================================
DAG File Processing Stats

File Path                                 PID  Runtime      # DAGs    # Errors  Last Runtime    Last Run               Last # of DB Queries
--------------------------------------  -----  ---------  --------  ----------  --------------  -------------------  ----------------------
/opt/airflow/dags/ehr_data_pipeline.py                           1           0  0.30s           2026-06-04T15:36:13                      12
/opt/airflow/dags/datahub_ingestion.py   2983  0.01s             1           0  0.14s           2026-06-04T15:35:44                      12
================================================================================
[2026-06-04T15:36:45.142+0000] {manager.py:997} INFO - 
================================================================================
DAG File Processing Stats

File Path                                 PID  Runtime      # DAGs    # Errors  Last Runtime    Last Run               Last # of DB Queries
--------------------------------------  -----  ---------  --------  ----------  --------------  -------------------  ----------------------
/opt/airflow/dags/datahub_ingestion.py   2993  0.00s             1           0  0.29s           2026-06-04T15:36:14                      12
/opt/airflow/dags/ehr_data_pipeline.py                           1           0  0.13s           2026-06-04T15:36:44                      12
================================================================================
[2026-06-04T15:37:15.506+0000] {manager.py:997} INFO - 
================================================================================
DAG File Processing Stats

File Path                                 PID  Runtime      # DAGs    # Errors  Last Runtime    Last Run               Last # of DB Queries
--------------------------------------  -----  ---------  --------  ----------  --------------  -------------------  ----------------------
/opt/airflow/dags/ehr_data_pipeline.py                           1           0  0.15s           2026-06-04T15:37:14                      12
/opt/airflow/dags/datahub_ingestion.py   3003  0.01s             1           0  0.13s           2026-06-04T15:36:45                      12
================================================================================
[2026-06-04T15:37:45.867+0000] {manager.py:997} INFO - 
================================================================================
DAG File Processing Stats

File Path                                 PID  Runtime      # DAGs    # Errors  Last Runtime    Last Run               Last # of DB Queries
--------------------------------------  -----  ---------  --------  ----------  --------------  -------------------  ----------------------
/opt/airflow/dags/ehr_data_pipeline.py                           1           0  0.28s           2026-06-04T15:37:45                      12
/opt/airflow/dags/datahub_ingestion.py   3013  0.00s             1           0  0.14s           2026-06-04T15:37:15                      12
================================================================================
[2026-06-04T15:37:59.214+0000] {manager.py:821} INFO - Searching for files in /opt/airflow/dags
[2026-06-04T15:37:59.217+0000] {manager.py:824} INFO - There are 2 files in /opt/airflow/dags
[2026-06-04T15:38:16.406+0000] {manager.py:997} INFO - 
================================================================================
DAG File Processing Stats

File Path                                 PID  Runtime      # DAGs    # Errors  Last Runtime    Last Run               Last # of DB Queries
--------------------------------------  -----  ---------  --------  ----------  --------------  -------------------  ----------------------
/opt/airflow/dags/datahub_ingestion.py   3023  0.01s             1           0  0.28s           2026-06-04T15:37:46                      12
/opt/airflow/dags/ehr_data_pipeline.py                           1           0  0.13s           2026-06-04T15:38:15                      12
================================================================================
[2026-06-04T15:38:46.766+0000] {manager.py:997} INFO - 
================================================================================
DAG File Processing Stats

File Path                                 PID  Runtime      # DAGs    # Errors  Last Runtime    Last Run               Last # of DB Queries
--------------------------------------  -----  ---------  --------  ----------  --------------  -------------------  ----------------------
/opt/airflow/dags/datahub_ingestion.py   3033  0.01s             1           0  0.13s           2026-06-04T15:38:16                      12
/opt/airflow/dags/ehr_data_pipeline.py                           1           0  0.13s           2026-06-04T15:38:45                      12
================================================================================
[2026-06-04T15:39:17.123+0000] {manager.py:997} INFO - 
================================================================================
DAG File Processing Stats

File Path                                 PID  Runtime      # DAGs    # Errors  Last Runtime    Last Run               Last # of DB Queries
--------------------------------------  -----  ---------  --------  ----------  --------------  -------------------  ----------------------
/opt/airflow/dags/ehr_data_pipeline.py                           1           0  0.28s           2026-06-04T15:39:16                      12
/opt/airflow/dags/datahub_ingestion.py   3043  0.01s             1           0  0.13s           2026-06-04T15:38:46                      12
================================================================================
[2026-06-04T15:39:47.637+0000] {manager.py:997} INFO - 
================================================================================
DAG File Processing Stats

File Path                                 PID  Runtime      # DAGs    # Errors  Last Runtime    Last Run               Last # of DB Queries
--------------------------------------  -----  ---------  --------  ----------  --------------  -------------------  ----------------------
/opt/airflow/dags/datahub_ingestion.py   3053  0.01s             1           0  0.28s           2026-06-04T15:39:17                      12
/opt/airflow/dags/ehr_data_pipeline.py                           1           0  0.15s           2026-06-04T15:39:46                      12
================================================================================
[2026-06-04T15:40:17.996+0000] {manager.py:997} INFO - 
================================================================================
DAG File Processing Stats

File Path                                 PID  Runtime      # DAGs    # Errors  Last Runtime    Last Run               Last # of DB Queries
--------------------------------------  -----  ---------  --------  ----------  --------------  -------------------  ----------------------
/opt/airflow/dags/ehr_data_pipeline.py                           1           0  0.14s           2026-06-04T15:40:17                      12
/opt/airflow/dags/datahub_ingestion.py   3063  0.01s             1           0  0.13s           2026-06-04T15:39:47                      12
================================================================================
[2026-06-04T15:40:48.333+0000] {manager.py:997} INFO - 
================================================================================
DAG File Processing Stats

File Path                                 PID  Runtime      # DAGs    # Errors  Last Runtime    Last Run               Last # of DB Queries
--------------------------------------  -----  ---------  --------  ----------  --------------  -------------------  ----------------------
/opt/airflow/dags/ehr_data_pipeline.py                           1           0  0.28s           2026-06-04T15:40:47                      12
/opt/airflow/dags/datahub_ingestion.py   3073  0.01s             1           0  0.12s           2026-06-04T15:40:18                      12
================================================================================
[2026-06-04T15:41:18.845+0000] {manager.py:997} INFO - 
================================================================================
DAG File Processing Stats

File Path                                 PID  Runtime      # DAGs    # Errors  Last Runtime    Last Run               Last # of DB Queries
--------------------------------------  -----  ---------  --------  ----------  --------------  -------------------  ----------------------
/opt/airflow/dags/datahub_ingestion.py   3083  0.01s             1           0  0.29s           2026-06-04T15:40:48                      12
/opt/airflow/dags/ehr_data_pipeline.py                           1           0  0.12s           2026-06-04T15:41:17                      12
================================================================================
[2026-06-04T15:41:49.191+0000] {manager.py:997} INFO - 
================================================================================
DAG File Processing Stats

File Path                                 PID  Runtime      # DAGs    # Errors  Last Runtime    Last Run               Last # of DB Queries
--------------------------------------  -----  ---------  --------  ----------  --------------  -------------------  ----------------------
/opt/airflow/dags/ehr_data_pipeline.py                           1           0  0.13s           2026-06-04T15:41:48                      12
/opt/airflow/dags/datahub_ingestion.py   3093  0.01s             1           0  0.13s           2026-06-04T15:41:18                      12
================================================================================
[2026-06-04T15:42:19.548+0000] {manager.py:997} INFO - 
================================================================================
DAG File Processing Stats

File Path                                 PID  Runtime      # DAGs    # Errors  Last Runtime    Last Run               Last # of DB Queries
--------------------------------------  -----  ---------  --------  ----------  --------------  -------------------  ----------------------
/opt/airflow/dags/ehr_data_pipeline.py                           1           0  0.31s           2026-06-04T15:42:18                      12
/opt/airflow/dags/datahub_ingestion.py   3103  0.01s             1           0  0.13s           2026-06-04T15:41:49                      12
================================================================================
[2026-06-04T15:42:50.062+0000] {manager.py:997} INFO - 
================================================================================
DAG File Processing Stats

File Path                                 PID  Runtime      # DAGs    # Errors  Last Runtime    Last Run               Last # of DB Queries
--------------------------------------  -----  ---------  --------  ----------  --------------  -------------------  ----------------------
/opt/airflow/dags/datahub_ingestion.py   3113  0.01s             1           0  0.29s           2026-06-04T15:42:19                      12
/opt/airflow/dags/ehr_data_pipeline.py                           1           0  0.15s           2026-06-04T15:42:49                      12
================================================================================
[2026-06-04T15:42:59.239+0000] {manager.py:821} INFO - Searching for files in /opt/airflow/dags
[2026-06-04T15:42:59.242+0000] {manager.py:824} INFO - There are 2 files in /opt/airflow/dags
[2026-06-04T15:43:20.413+0000] {manager.py:997} INFO - 
================================================================================
DAG File Processing Stats

File Path                                 PID  Runtime      # DAGs    # Errors  Last Runtime    Last Run               Last # of DB Queries
--------------------------------------  -----  ---------  --------  ----------  --------------  -------------------  ----------------------
/opt/airflow/dags/ehr_data_pipeline.py                           1           0  0.15s           2026-06-04T15:43:19                      12
/opt/airflow/dags/datahub_ingestion.py   3123  0.01s             1           0  0.13s           2026-06-04T15:42:50                      12
================================================================================
[2026-06-04T15:43:50.739+0000] {manager.py:997} INFO - 
================================================================================
DAG File Processing Stats

File Path                                 PID  Runtime      # DAGs    # Errors  Last Runtime    Last Run               Last # of DB Queries
--------------------------------------  -----  ---------  --------  ----------  --------------  -------------------  ----------------------
/opt/airflow/dags/ehr_data_pipeline.py                           1           0  0.31s           2026-06-04T15:43:49                      12
/opt/airflow/dags/datahub_ingestion.py   3133  0.01s             1           0  0.13s           2026-06-04T15:43:20                      12
================================================================================
[2026-06-04T15:44:21.249+0000] {manager.py:997} INFO - 
================================================================================
DAG File Processing Stats

File Path                                 PID  Runtime      # DAGs    # Errors  Last Runtime    Last Run               Last # of DB Queries
--------------------------------------  -----  ---------  --------  ----------  --------------  -------------------  ----------------------
/opt/airflow/dags/ehr_data_pipeline.py                           1           0  0.33s           2026-06-04T15:44:20                      12
/opt/airflow/dags/datahub_ingestion.py   3143  0.01s             1           0  0.29s           2026-06-04T15:43:51                      12
================================================================================
[2026-06-04T15:44:51.628+0000] {manager.py:997} INFO - 
================================================================================
DAG File Processing Stats

File Path                                 PID  Runtime      # DAGs    # Errors  Last Runtime    Last Run               Last # of DB Queries
--------------------------------------  -----  ---------  --------  ----------  --------------  -------------------  ----------------------
/opt/airflow/dags/ehr_data_pipeline.py                           1           0  0.17s           2026-06-04T15:44:50                      12
/opt/airflow/dags/datahub_ingestion.py   3153  0.01s             1           0  0.15s           2026-06-04T15:44:21                      12
================================================================================
[2026-06-04T15:45:22.088+0000] {manager.py:997} INFO - 
================================================================================
DAG File Processing Stats

File Path                                 PID  Runtime      # DAGs    # Errors  Last Runtime    Last Run               Last # of DB Queries
--------------------------------------  -----  ---------  --------  ----------  --------------  -------------------  ----------------------
/opt/airflow/dags/ehr_data_pipeline.py                           1           0  0.38s           2026-06-04T15:45:21                      12
/opt/airflow/dags/datahub_ingestion.py   3163  0.01s             1           0  0.18s           2026-06-04T15:44:51                      12
================================================================================
[2026-06-04T15:45:52.734+0000] {manager.py:997} INFO - 
================================================================================
DAG File Processing Stats

File Path                                 PID  Runtime      # DAGs    # Errors  Last Runtime    Last Run               Last # of DB Queries
--------------------------------------  -----  ---------  --------  ----------  --------------  -------------------  ----------------------
/opt/airflow/dags/datahub_ingestion.py   3173  0.01s             1           0  0.39s           2026-06-04T15:45:22                      12
/opt/airflow/dags/ehr_data_pipeline.py                           1           0  0.37s           2026-06-04T15:45:52                      12
================================================================================
[2026-06-04T15:46:23.005+0000] {manager.py:997} INFO - 
================================================================================
DAG File Processing Stats

File Path                                 PID  Runtime      # DAGs    # Errors  Last Runtime    Last Run               Last # of DB Queries
--------------------------------------  -----  ---------  --------  ----------  --------------  -------------------  ----------------------
/opt/airflow/dags/ehr_data_pipeline.py   3178  0.87s             1           0  0.37s           2026-06-04T15:45:52                      12
/opt/airflow/dags/datahub_ingestion.py   3181  0.01s             1           0  0.18s           2026-06-04T15:45:52                      12
================================================================================
[2026-06-04T15:46:53.387+0000] {manager.py:997} INFO - 
================================================================================
DAG File Processing Stats

File Path                                 PID  Runtime      # DAGs    # Errors  Last Runtime    Last Run               Last # of DB Queries
--------------------------------------  -----  ---------  --------  ----------  --------------  -------------------  ----------------------
/opt/airflow/dags/ehr_data_pipeline.py                           1           0  24.64s          2026-06-04T15:46:46                      12
/opt/airflow/dags/datahub_ingestion.py   3188  0.01s             1           0  0.18s           2026-06-04T15:46:23                      12
================================================================================
[2026-06-04T15:47:23.637+0000] {manager.py:997} INFO - 
================================================================================
DAG File Processing Stats

File Path                               PID    Runtime      # DAGs    # Errors  Last Runtime    Last Run               Last # of DB Queries
--------------------------------------  -----  ---------  --------  ----------  --------------  -------------------  ----------------------
/opt/airflow/dags/ehr_data_pipeline.py                           1           0  1.73s           2026-06-04T15:47:18                      12
/opt/airflow/dags/datahub_ingestion.py                           1           0  0.38s           2026-06-04T15:46:53                      12
================================================================================
[2026-06-04T15:47:53.933+0000] {manager.py:997} INFO - 
================================================================================
DAG File Processing Stats

File Path                               PID    Runtime      # DAGs    # Errors  Last Runtime    Last Run               Last # of DB Queries
--------------------------------------  -----  ---------  --------  ----------  --------------  -------------------  ----------------------
/opt/airflow/dags/datahub_ingestion.py                           1           0  0.38s           2026-06-04T15:47:25                      12
/opt/airflow/dags/ehr_data_pipeline.py                           1           0  0.14s           2026-06-04T15:47:49                      12
================================================================================
[2026-06-04T15:47:59.264+0000] {manager.py:821} INFO - Searching for files in /opt/airflow/dags
[2026-06-04T15:47:59.279+0000] {manager.py:824} INFO - There are 2 files in /opt/airflow/dags
[2026-06-04T15:48:24.315+0000] {manager.py:997} INFO - 
================================================================================
DAG File Processing Stats

File Path                               PID    Runtime      # DAGs    # Errors  Last Runtime    Last Run               Last # of DB Queries
--------------------------------------  -----  ---------  --------  ----------  --------------  -------------------  ----------------------
/opt/airflow/dags/datahub_ingestion.py                           1           0  0.17s           2026-06-04T15:47:55                      12
/opt/airflow/dags/ehr_data_pipeline.py                           1           0  0.15s           2026-06-04T15:48:19                      12
================================================================================
[2026-06-04T15:48:54.690+0000] {manager.py:997} INFO - 
================================================================================
DAG File Processing Stats

File Path                               PID    Runtime      # DAGs    # Errors  Last Runtime    Last Run               Last # of DB Queries
--------------------------------------  -----  ---------  --------  ----------  --------------  -------------------  ----------------------
/opt/airflow/dags/datahub_ingestion.py                           1           0  0.17s           2026-06-04T15:48:25                      12
/opt/airflow/dags/ehr_data_pipeline.py                           1           0  0.16s           2026-06-04T15:48:49                      12
================================================================================
[2026-06-04T15:49:25.305+0000] {manager.py:997} INFO - 
================================================================================
DAG File Processing Stats

File Path                               PID    Runtime      # DAGs    # Errors  Last Runtime    Last Run               Last # of DB Queries
--------------------------------------  -----  ---------  --------  ----------  --------------  -------------------  ----------------------
/opt/airflow/dags/datahub_ingestion.py                           1           0  0.38s           2026-06-04T15:48:56                      12
/opt/airflow/dags/ehr_data_pipeline.py                           1           0  0.37s           2026-06-04T15:49:20                      12
================================================================================
[2026-06-04T15:49:55.927+0000] {manager.py:997} INFO - 
================================================================================
DAG File Processing Stats

File Path                               PID    Runtime      # DAGs    # Errors  Last Runtime    Last Run               Last # of DB Queries
--------------------------------------  -----  ---------  --------  ----------  --------------  -------------------  ----------------------
/opt/airflow/dags/ehr_data_pipeline.py                           1           0  0.57s           2026-06-04T15:49:51                      12
/opt/airflow/dags/datahub_ingestion.py                           1           0  0.37s           2026-06-04T15:49:26                      12
================================================================================
[2026-06-04T15:50:26.542+0000] {manager.py:997} INFO - 
================================================================================
DAG File Processing Stats

File Path                                 PID  Runtime      # DAGs    # Errors  Last Runtime    Last Run               Last # of DB Queries
--------------------------------------  -----  ---------  --------  ----------  --------------  -------------------  ----------------------
/opt/airflow/dags/ehr_data_pipeline.py   3253  5.05s             1           0  0.57s           2026-06-04T15:49:51                      12
/opt/airflow/dags/datahub_ingestion.py                           1           0  0.37s           2026-06-04T15:49:57                      12
================================================================================
[2026-06-04T15:50:56.973+0000] {manager.py:997} INFO - 
================================================================================
DAG File Processing Stats

File Path                               PID    Runtime      # DAGs    # Errors  Last Runtime    Last Run               Last # of DB Queries
--------------------------------------  -----  ---------  --------  ----------  --------------  -------------------  ----------------------
/opt/airflow/dags/ehr_data_pipeline.py                           1           0  15.85s          2026-06-04T15:50:37                      12
/opt/airflow/dags/datahub_ingestion.py                           1           0  9.77s           2026-06-04T15:50:37                      12
================================================================================
[2026-06-04T15:51:27.779+0000] {manager.py:997} INFO - 
================================================================================
DAG File Processing Stats

File Path                               PID    Runtime      # DAGs    # Errors  Last Runtime    Last Run               Last # of DB Queries
--------------------------------------  -----  ---------  --------  ----------  --------------  -------------------  ----------------------
/opt/airflow/dags/ehr_data_pipeline.py                           1           0  0.18s           2026-06-04T15:51:07                      12
/opt/airflow/dags/datahub_ingestion.py                           1           0  0.17s           2026-06-04T15:51:07                      12
================================================================================
[2026-06-04T15:51:58.132+0000] {manager.py:997} INFO - 
================================================================================
DAG File Processing Stats

File Path                               PID    Runtime      # DAGs    # Errors  Last Runtime    Last Run               Last # of DB Queries
--------------------------------------  -----  ---------  --------  ----------  --------------  -------------------  ----------------------
/opt/airflow/dags/ehr_data_pipeline.py                           1           0  0.18s           2026-06-04T15:51:38                      12
/opt/airflow/dags/datahub_ingestion.py                           1           0  0.17s           2026-06-04T15:51:38                      12
================================================================================
[2026-06-04T15:52:28.444+0000] {manager.py:997} INFO - 
================================================================================
DAG File Processing Stats

File Path                               PID    Runtime      # DAGs    # Errors  Last Runtime    Last Run               Last # of DB Queries
--------------------------------------  -----  ---------  --------  ----------  --------------  -------------------  ----------------------
/opt/airflow/dags/ehr_data_pipeline.py                           1           0  0.18s           2026-06-04T15:52:08                      12
/opt/airflow/dags/datahub_ingestion.py                           1           0  0.17s           2026-06-04T15:52:08                      12
================================================================================
[2026-06-04T15:52:58.835+0000] {manager.py:997} INFO - 
================================================================================
DAG File Processing Stats

File Path                               PID    Runtime      # DAGs    # Errors  Last Runtime    Last Run               Last # of DB Queries
--------------------------------------  -----  ---------  --------  ----------  --------------  -------------------  ----------------------
/opt/airflow/dags/ehr_data_pipeline.py                           1           0  0.16s           2026-06-04T15:52:38                      12
/opt/airflow/dags/datahub_ingestion.py                           1           0  0.14s           2026-06-04T15:52:38                      12
================================================================================
[2026-06-04T15:52:59.846+0000] {manager.py:821} INFO - Searching for files in /opt/airflow/dags
[2026-06-04T15:52:59.854+0000] {manager.py:824} INFO - There are 2 files in /opt/airflow/dags
[2026-06-04T15:53:29.265+0000] {manager.py:997} INFO - 
================================================================================
DAG File Processing Stats

File Path                               PID    Runtime      # DAGs    # Errors  Last Runtime    Last Run               Last # of DB Queries
--------------------------------------  -----  ---------  --------  ----------  --------------  -------------------  ----------------------
/opt/airflow/dags/ehr_data_pipeline.py                           1           0  0.16s           2026-06-04T15:53:09                      12
/opt/airflow/dags/datahub_ingestion.py                           1           0  0.15s           2026-06-04T15:53:09                      12
================================================================================
[2026-06-04T15:54:06.113+0000] {manager.py:997} INFO - 
================================================================================
DAG File Processing Stats

File Path                               PID    Runtime      # DAGs    # Errors  Last Runtime    Last Run               Last # of DB Queries
--------------------------------------  -----  ---------  --------  ----------  --------------  -------------------  ----------------------
/opt/airflow/dags/ehr_data_pipeline.py                           1           0  0.17s           2026-06-04T15:53:40                      12
/opt/airflow/dags/datahub_ingestion.py                           1           0  0.16s           2026-06-04T15:53:40                      12
================================================================================
[2026-06-04T15:54:44.141+0000] {manager.py:997} INFO - 
================================================================================
DAG File Processing Stats

File Path                                 PID  Runtime      # DAGs    # Errors  Last Runtime    Last Run               Last # of DB Queries
--------------------------------------  -----  ---------  --------  ----------  --------------  -------------------  ----------------------
/opt/airflow/dags/ehr_data_pipeline.py   3333  0.02s             1           0  0.17s           2026-06-04T15:54:14                      12
/opt/airflow/dags/datahub_ingestion.py   3336  0.01s             1           0  0.15s           2026-06-04T15:54:14                      12
================================================================================
[2026-06-04T15:55:14.497+0000] {manager.py:997} INFO - 
================================================================================
DAG File Processing Stats

File Path                                 PID  Runtime      # DAGs    # Errors  Last Runtime    Last Run               Last # of DB Queries
--------------------------------------  -----  ---------  --------  ----------  --------------  -------------------  ----------------------
/opt/airflow/dags/ehr_data_pipeline.py   3343  0.02s             1           0  0.17s           2026-06-04T15:54:44                      12
/opt/airflow/dags/datahub_ingestion.py   3346  0.01s             1           0  0.16s           2026-06-04T15:54:44                      12
================================================================================
[2026-06-04T15:55:47.742+0000] {manager.py:997} INFO - 
================================================================================
DAG File Processing Stats

File Path                                 PID  Runtime      # DAGs    # Errors  Last Runtime    Last Run               Last # of DB Queries
--------------------------------------  -----  ---------  --------  ----------  --------------  -------------------  ----------------------
/opt/airflow/dags/ehr_data_pipeline.py   3353  0.02s             1           0  3.01s           2026-06-04T15:55:17                      12
/opt/airflow/dags/datahub_ingestion.py   3356  0.01s             1           0  3.00s           2026-06-04T15:55:17                      12
================================================================================
[2026-06-04T15:56:18.180+0000] {manager.py:997} INFO - 
================================================================================
DAG File Processing Stats

File Path                                 PID  Runtime      # DAGs    # Errors  Last Runtime    Last Run               Last # of DB Queries
--------------------------------------  -----  ---------  --------  ----------  --------------  -------------------  ----------------------
/opt/airflow/dags/ehr_data_pipeline.py   3363  0.03s             1           0  0.23s           2026-06-04T15:55:47                      12
/opt/airflow/dags/datahub_ingestion.py   3366  0.01s             1           0  0.16s           2026-06-04T15:55:47                      12
================================================================================
[2026-06-04T15:56:48.597+0000] {manager.py:997} INFO - 
================================================================================
DAG File Processing Stats

File Path                                 PID  Runtime      # DAGs    # Errors  Last Runtime    Last Run               Last # of DB Queries
--------------------------------------  -----  ---------  --------  ----------  --------------  -------------------  ----------------------
/opt/airflow/dags/datahub_ingestion.py                           1           0  15.44s          2026-06-04T15:56:33                      12
/opt/airflow/dags/ehr_data_pipeline.py   3373  0.01s             1           0  0.19s           2026-06-04T15:56:18                      12
================================================================================
[2026-06-04T15:57:19.027+0000] {manager.py:997} INFO - 
================================================================================
DAG File Processing Stats

File Path                                 PID  Runtime      # DAGs    # Errors  Last Runtime    Last Run               Last # of DB Queries
--------------------------------------  -----  ---------  --------  ----------  --------------  -------------------  ----------------------
/opt/airflow/dags/ehr_data_pipeline.py   3383  0.01s             1           0  0.19s           2026-06-04T15:56:48                      12
/opt/airflow/dags/datahub_ingestion.py                           1           0  0.17s           2026-06-04T15:57:04                      12
================================================================================
[2026-06-04T15:57:49.311+0000] {manager.py:997} INFO - 
================================================================================
DAG File Processing Stats

File Path                                 PID  Runtime      # DAGs    # Errors  Last Runtime    Last Run               Last # of DB Queries
--------------------------------------  -----  ---------  --------  ----------  --------------  -------------------  ----------------------
/opt/airflow/dags/datahub_ingestion.py                           1           0  1.96s           2026-06-04T15:57:36                      12
/opt/airflow/dags/ehr_data_pipeline.py   3393  0.01s             1           0  0.18s           2026-06-04T15:57:19                      12
================================================================================
[2026-06-04T15:58:00.459+0000] {manager.py:821} INFO - Searching for files in /opt/airflow/dags
[2026-06-04T15:58:00.472+0000] {manager.py:824} INFO - There are 2 files in /opt/airflow/dags
[2026-06-04T15:58:19.690+0000] {manager.py:997} INFO - 
================================================================================
DAG File Processing Stats

File Path                                 PID  Runtime      # DAGs    # Errors  Last Runtime    Last Run               Last # of DB Queries
--------------------------------------  -----  ---------  --------  ----------  --------------  -------------------  ----------------------
/opt/airflow/dags/ehr_data_pipeline.py   3403  0.01s             1           0  0.17s           2026-06-04T15:57:49                      12
/opt/airflow/dags/datahub_ingestion.py                           1           0  0.16s           2026-06-04T15:58:06                      12
================================================================================
[2026-06-04T15:58:50.043+0000] {manager.py:997} INFO - 
================================================================================
DAG File Processing Stats

File Path                                 PID  Runtime      # DAGs    # Errors  Last Runtime    Last Run               Last # of DB Queries
--------------------------------------  -----  ---------  --------  ----------  --------------  -------------------  ----------------------
/opt/airflow/dags/datahub_ingestion.py                           1           0  0.16s           2026-06-04T15:58:37                      12
/opt/airflow/dags/ehr_data_pipeline.py   3413  0.01s             1           0  0.16s           2026-06-04T15:58:19                      12
================================================================================
[2026-06-04T15:59:20.424+0000] {manager.py:997} INFO - 
================================================================================
DAG File Processing Stats

File Path                                 PID  Runtime      # DAGs    # Errors  Last Runtime    Last Run               Last # of DB Queries
--------------------------------------  -----  ---------  --------  ----------  --------------  -------------------  ----------------------
/opt/airflow/dags/ehr_data_pipeline.py   3423  0.01s             1           0  0.17s           2026-06-04T15:58:50                      12
/opt/airflow/dags/datahub_ingestion.py                           1           0  0.16s           2026-06-04T15:59:07                      12
================================================================================
[2026-06-04T15:59:50.800+0000] {manager.py:997} INFO - 
================================================================================
DAG File Processing Stats

File Path                                 PID  Runtime      # DAGs    # Errors  Last Runtime    Last Run               Last # of DB Queries
--------------------------------------  -----  ---------  --------  ----------  --------------  -------------------  ----------------------
/opt/airflow/dags/ehr_data_pipeline.py   3433  0.01s             1           0  0.17s           2026-06-04T15:59:20                      12
/opt/airflow/dags/datahub_ingestion.py                           1           0  0.17s           2026-06-04T15:59:37                      12
================================================================================
[2026-06-04T16:00:21.201+0000] {manager.py:997} INFO - 
================================================================================
DAG File Processing Stats

File Path                                 PID  Runtime      # DAGs    # Errors  Last Runtime    Last Run               Last # of DB Queries
--------------------------------------  -----  ---------  --------  ----------  --------------  -------------------  ----------------------
/opt/airflow/dags/ehr_data_pipeline.py   3443  0.01s             1           0  0.19s           2026-06-04T15:59:50                      12
/opt/airflow/dags/datahub_ingestion.py                           1           0  0.17s           2026-06-04T16:00:08                      12
================================================================================
[2026-06-04T16:00:51.561+0000] {manager.py:997} INFO - 
================================================================================
DAG File Processing Stats

File Path                                 PID  Runtime      # DAGs    # Errors  Last Runtime    Last Run               Last # of DB Queries
--------------------------------------  -----  ---------  --------  ----------  --------------  -------------------  ----------------------
/opt/airflow/dags/datahub_ingestion.py                           1           0  0.16s           2026-06-04T16:00:38                      12
/opt/airflow/dags/ehr_data_pipeline.py   3453  0.01s             1           0  0.16s           2026-06-04T16:00:21                      12
================================================================================
[2026-06-04T16:01:21.924+0000] {manager.py:997} INFO - 
================================================================================
DAG File Processing Stats

File Path                                 PID  Runtime      # DAGs    # Errors  Last Runtime    Last Run               Last # of DB Queries
--------------------------------------  -----  ---------  --------  ----------  --------------  -------------------  ----------------------
/opt/airflow/dags/datahub_ingestion.py                           1           0  0.23s           2026-06-04T16:01:08                      12
/opt/airflow/dags/ehr_data_pipeline.py   3463  0.01s             1           0  0.15s           2026-06-04T16:00:51                      12
================================================================================
[2026-06-04T16:01:52.305+0000] {manager.py:997} INFO - 
================================================================================
DAG File Processing Stats

File Path                                 PID  Runtime      # DAGs    # Errors  Last Runtime    Last Run               Last # of DB Queries
--------------------------------------  -----  ---------  --------  ----------  --------------  -------------------  ----------------------
/opt/airflow/dags/datahub_ingestion.py                           1           0  0.17s           2026-06-04T16:01:39                      12
/opt/airflow/dags/ehr_data_pipeline.py   3473  0.01s             1           0  0.17s           2026-06-04T16:01:22                      12
================================================================================
[2026-06-04T16:02:22.730+0000] {manager.py:997} INFO - 
================================================================================
DAG File Processing Stats

File Path                                 PID  Runtime      # DAGs    # Errors  Last Runtime    Last Run               Last # of DB Queries
--------------------------------------  -----  ---------  --------  ----------  --------------  -------------------  ----------------------
/opt/airflow/dags/datahub_ingestion.py                           1           0  0.18s           2026-06-04T16:02:09                      12
/opt/airflow/dags/ehr_data_pipeline.py   3483  0.01s             1           0  0.18s           2026-06-04T16:01:52                      12
================================================================================
[2026-06-04T16:02:53.145+0000] {manager.py:997} INFO - 
================================================================================
DAG File Processing Stats

File Path                                 PID  Runtime      # DAGs    # Errors  Last Runtime    Last Run               Last # of DB Queries
--------------------------------------  -----  ---------  --------  ----------  --------------  -------------------  ----------------------
/opt/airflow/dags/datahub_ingestion.py                           1           0  0.18s           2026-06-04T16:02:40                      12
/opt/airflow/dags/ehr_data_pipeline.py   3493  0.01s             1           0  0.17s           2026-06-04T16:02:22                      12
================================================================================
[2026-06-04T16:03:01.335+0000] {manager.py:821} INFO - Searching for files in /opt/airflow/dags
[2026-06-04T16:03:01.345+0000] {manager.py:824} INFO - There are 2 files in /opt/airflow/dags
[2026-06-04T16:03:23.598+0000] {manager.py:997} INFO - 
================================================================================
DAG File Processing Stats

File Path                                 PID  Runtime      # DAGs    # Errors  Last Runtime    Last Run               Last # of DB Queries
--------------------------------------  -----  ---------  --------  ----------  --------------  -------------------  ----------------------
/opt/airflow/dags/ehr_data_pipeline.py   3503  0.01s             1           0  0.18s           2026-06-04T16:02:53                      12
/opt/airflow/dags/datahub_ingestion.py                           1           0  0.18s           2026-06-04T16:03:10                      12
================================================================================
[2026-06-04T16:03:54.009+0000] {manager.py:997} INFO - 
================================================================================
DAG File Processing Stats

File Path                                 PID  Runtime      # DAGs    # Errors  Last Runtime    Last Run               Last # of DB Queries
--------------------------------------  -----  ---------  --------  ----------  --------------  -------------------  ----------------------
/opt/airflow/dags/ehr_data_pipeline.py   3513  0.01s             1           0  0.18s           2026-06-04T16:03:23                      12
/opt/airflow/dags/datahub_ingestion.py                           1           0  0.18s           2026-06-04T16:03:41                      12
================================================================================
[2026-06-04T16:04:24.385+0000] {manager.py:997} INFO - 
================================================================================
DAG File Processing Stats

File Path                                 PID  Runtime      # DAGs    # Errors  Last Runtime    Last Run               Last # of DB Queries
--------------------------------------  -----  ---------  --------  ----------  --------------  -------------------  ----------------------
/opt/airflow/dags/datahub_ingestion.py                           1           0  0.16s           2026-06-04T16:04:11                      12
/opt/airflow/dags/ehr_data_pipeline.py   3523  0.01s             1           0  0.15s           2026-06-04T16:03:54                      12
================================================================================
[2026-06-04T16:04:54.761+0000] {manager.py:997} INFO - 
================================================================================
DAG File Processing Stats

File Path                                 PID  Runtime      # DAGs    # Errors  Last Runtime    Last Run               Last # of DB Queries
--------------------------------------  -----  ---------  --------  ----------  --------------  -------------------  ----------------------
/opt/airflow/dags/ehr_data_pipeline.py   3533  0.01s             1           0  0.17s           2026-06-04T16:04:24                      12
/opt/airflow/dags/datahub_ingestion.py                           1           0  0.15s           2026-06-04T16:04:41                      12
================================================================================
[2026-06-04T16:05:25.135+0000] {manager.py:997} INFO - 
================================================================================
DAG File Processing Stats

File Path                                 PID  Runtime      # DAGs    # Errors  Last Runtime    Last Run               Last # of DB Queries
--------------------------------------  -----  ---------  --------  ----------  --------------  -------------------  ----------------------
/opt/airflow/dags/ehr_data_pipeline.py   3543  0.01s             1           0  0.17s           2026-06-04T16:04:54                      12
/opt/airflow/dags/datahub_ingestion.py                           1           0  0.16s           2026-06-04T16:05:12                      12
================================================================================
[2026-06-04T16:05:55.528+0000] {manager.py:997} INFO - 
================================================================================
DAG File Processing Stats

File Path                                 PID  Runtime      # DAGs    # Errors  Last Runtime    Last Run               Last # of DB Queries
--------------------------------------  -----  ---------  --------  ----------  --------------  -------------------  ----------------------
/opt/airflow/dags/ehr_data_pipeline.py   3553  0.01s             1           0  0.17s           2026-06-04T16:05:25                      12
/opt/airflow/dags/datahub_ingestion.py                           1           0  0.16s           2026-06-04T16:05:42                      12
================================================================================
[2026-06-04T16:06:25.958+0000] {manager.py:997} INFO - 
================================================================================
DAG File Processing Stats

File Path                                 PID  Runtime      # DAGs    # Errors  Last Runtime    Last Run               Last # of DB Queries
--------------------------------------  -----  ---------  --------  ----------  --------------  -------------------  ----------------------
/opt/airflow/dags/ehr_data_pipeline.py   3563  0.01s             1           0  0.20s           2026-06-04T16:05:55                      12
/opt/airflow/dags/datahub_ingestion.py                           1           0  0.17s           2026-06-04T16:06:12                      12
================================================================================
[2026-06-04T16:06:56.387+0000] {manager.py:997} INFO - 
================================================================================
DAG File Processing Stats

File Path                                 PID  Runtime      # DAGs    # Errors  Last Runtime    Last Run               Last # of DB Queries
--------------------------------------  -----  ---------  --------  ----------  --------------  -------------------  ----------------------
/opt/airflow/dags/ehr_data_pipeline.py   3573  0.01s             1           0  0.19s           2026-06-04T16:06:26                      12
/opt/airflow/dags/datahub_ingestion.py                           1           0  0.17s           2026-06-04T16:06:43                      12
================================================================================
[2026-06-04T16:07:26.822+0000] {manager.py:997} INFO - 
================================================================================
DAG File Processing Stats

File Path                                 PID  Runtime      # DAGs    # Errors  Last Runtime    Last Run               Last # of DB Queries
--------------------------------------  -----  ---------  --------  ----------  --------------  -------------------  ----------------------
/opt/airflow/dags/ehr_data_pipeline.py   3583  0.01s             1           0  0.18s           2026-06-04T16:06:56                      12
/opt/airflow/dags/datahub_ingestion.py                           1           0  0.17s           2026-06-04T16:07:13                      12
================================================================================
[2026-06-04T16:07:57.210+0000] {manager.py:997} INFO - 
================================================================================
DAG File Processing Stats

File Path                                 PID  Runtime      # DAGs    # Errors  Last Runtime    Last Run               Last # of DB Queries
--------------------------------------  -----  ---------  --------  ----------  --------------  -------------------  ----------------------
/opt/airflow/dags/ehr_data_pipeline.py   3593  0.01s             1           0  0.16s           2026-06-04T16:07:26                      12
/opt/airflow/dags/datahub_ingestion.py                           1           0  0.14s           2026-06-04T16:07:44                      12
================================================================================
[2026-06-04T16:08:01.379+0000] {manager.py:821} INFO - Searching for files in /opt/airflow/dags
[2026-06-04T16:08:01.388+0000] {manager.py:824} INFO - There are 2 files in /opt/airflow/dags
[2026-06-04T16:08:27.611+0000] {manager.py:997} INFO - 
================================================================================
DAG File Processing Stats

File Path                                 PID  Runtime      # DAGs    # Errors  Last Runtime    Last Run               Last # of DB Queries
--------------------------------------  -----  ---------  --------  ----------  --------------  -------------------  ----------------------
/opt/airflow/dags/datahub_ingestion.py                           1           0  0.17s           2026-06-04T16:08:14                      12
/opt/airflow/dags/ehr_data_pipeline.py   3603  0.01s             1           0  0.15s           2026-06-04T16:07:57                      12
================================================================================
[2026-06-04T16:08:58.003+0000] {manager.py:997} INFO - 
================================================================================
DAG File Processing Stats

File Path                                 PID  Runtime      # DAGs    # Errors  Last Runtime    Last Run               Last # of DB Queries
--------------------------------------  -----  ---------  --------  ----------  --------------  -------------------  ----------------------
/opt/airflow/dags/ehr_data_pipeline.py   3613  0.01s             1           0  0.17s           2026-06-04T16:08:27                      12
/opt/airflow/dags/datahub_ingestion.py                           1           0  0.16s           2026-06-04T16:08:44                      12
================================================================================
[2026-06-04T16:09:28.431+0000] {manager.py:997} INFO - 
================================================================================
DAG File Processing Stats

File Path                                 PID  Runtime      # DAGs    # Errors  Last Runtime    Last Run               Last # of DB Queries
--------------------------------------  -----  ---------  --------  ----------  --------------  -------------------  ----------------------
/opt/airflow/dags/ehr_data_pipeline.py   3623  0.01s             1           0  0.18s           2026-06-04T16:08:58                      12
/opt/airflow/dags/datahub_ingestion.py                           1           0  0.17s           2026-06-04T16:09:15                      12
================================================================================
[2026-06-04T16:09:58.862+0000] {manager.py:997} INFO - 
================================================================================
DAG File Processing Stats

File Path                                 PID  Runtime      # DAGs    # Errors  Last Runtime    Last Run               Last # of DB Queries
--------------------------------------  -----  ---------  --------  ----------  --------------  -------------------  ----------------------
/opt/airflow/dags/ehr_data_pipeline.py   3633  0.01s             1           0  0.18s           2026-06-04T16:09:28                      12
/opt/airflow/dags/datahub_ingestion.py                           1           0  0.17s           2026-06-04T16:09:45                      12
================================================================================
[2026-06-04T16:10:29.285+0000] {manager.py:997} INFO - 
================================================================================
DAG File Processing Stats

File Path                                 PID  Runtime      # DAGs    # Errors  Last Runtime    Last Run               Last # of DB Queries
--------------------------------------  -----  ---------  --------  ----------  --------------  -------------------  ----------------------
/opt/airflow/dags/datahub_ingestion.py                           1           0  0.17s           2026-06-04T16:10:16                      12
/opt/airflow/dags/ehr_data_pipeline.py   3643  0.01s             1           0  0.17s           2026-06-04T16:09:59                      12
================================================================================
[2026-06-04T16:10:59.702+0000] {manager.py:997} INFO - 
================================================================================
DAG File Processing Stats

File Path                                 PID  Runtime      # DAGs    # Errors  Last Runtime    Last Run               Last # of DB Queries
--------------------------------------  -----  ---------  --------  ----------  --------------  -------------------  ----------------------
/opt/airflow/dags/ehr_data_pipeline.py   3653  0.01s             1           0  0.18s           2026-06-04T16:10:29                      12
/opt/airflow/dags/datahub_ingestion.py                           1           0  0.15s           2026-06-04T16:10:46                      12
================================================================================
[2026-06-04T16:11:29.966+0000] {manager.py:997} INFO - 
================================================================================
DAG File Processing Stats

File Path                                 PID  Runtime      # DAGs    # Errors  Last Runtime    Last Run               Last # of DB Queries
--------------------------------------  -----  ---------  --------  ----------  --------------  -------------------  ----------------------
/opt/airflow/dags/ehr_data_pipeline.py   3663  0.01s             1           0  0.21s           2026-06-04T16:10:59                      12
/opt/airflow/dags/datahub_ingestion.py                           1           0  0.14s           2026-06-04T16:11:16                      12
================================================================================
[2026-06-04T16:12:00.368+0000] {manager.py:997} INFO - 
================================================================================
DAG File Processing Stats

File Path                                 PID  Runtime      # DAGs    # Errors  Last Runtime    Last Run               Last # of DB Queries
--------------------------------------  -----  ---------  --------  ----------  --------------  -------------------  ----------------------
/opt/airflow/dags/ehr_data_pipeline.py   3673  0.01s             1           0  0.22s           2026-06-04T16:11:30                      12
/opt/airflow/dags/datahub_ingestion.py                           1           0  0.14s           2026-06-04T16:11:47                      12
================================================================================
[2026-06-04T16:12:30.766+0000] {manager.py:997} INFO - 
================================================================================
DAG File Processing Stats

File Path                                 PID  Runtime      # DAGs    # Errors  Last Runtime    Last Run               Last # of DB Queries
--------------------------------------  -----  ---------  --------  ----------  --------------  -------------------  ----------------------
/opt/airflow/dags/ehr_data_pipeline.py   3683  0.01s             1           0  0.18s           2026-06-04T16:12:00                      12
/opt/airflow/dags/datahub_ingestion.py                           1           0  0.15s           2026-06-04T16:12:17                      12
================================================================================
[2026-06-04T16:13:01.161+0000] {manager.py:997} INFO - 
================================================================================
DAG File Processing Stats

File Path                                 PID  Runtime      # DAGs    # Errors  Last Runtime    Last Run               Last # of DB Queries
--------------------------------------  -----  ---------  --------  ----------  --------------  -------------------  ----------------------
/opt/airflow/dags/ehr_data_pipeline.py   3693  0.01s             1           0  0.18s           2026-06-04T16:12:30                      12
/opt/airflow/dags/datahub_ingestion.py                           1           0  0.15s           2026-06-04T16:12:48                      12
================================================================================
[2026-06-04T16:13:02.177+0000] {manager.py:821} INFO - Searching for files in /opt/airflow/dags
[2026-06-04T16:13:02.186+0000] {manager.py:824} INFO - There are 2 files in /opt/airflow/dags
[2026-06-04T16:13:31.552+0000] {manager.py:997} INFO - 
================================================================================
DAG File Processing Stats

File Path                                 PID  Runtime      # DAGs    # Errors  Last Runtime    Last Run               Last # of DB Queries
--------------------------------------  -----  ---------  --------  ----------  --------------  -------------------  ----------------------
/opt/airflow/dags/datahub_ingestion.py                           1           0  0.43s           2026-06-04T16:13:18                      12
/opt/airflow/dags/ehr_data_pipeline.py   3703  0.01s             1           0  0.18s           2026-06-04T16:13:01                      12
================================================================================
[2026-06-04T16:14:01.969+0000] {manager.py:997} INFO - 
================================================================================
DAG File Processing Stats

File Path                                 PID  Runtime      # DAGs    # Errors  Last Runtime    Last Run               Last # of DB Queries
--------------------------------------  -----  ---------  --------  ----------  --------------  -------------------  ----------------------
/opt/airflow/dags/ehr_data_pipeline.py   3713  0.01s             1           0  0.18s           2026-06-04T16:13:31                      12
/opt/airflow/dags/datahub_ingestion.py                           1           0  0.14s           2026-06-04T16:13:48                      12
================================================================================
[2026-06-04T16:14:32.333+0000] {manager.py:997} INFO - 
================================================================================
DAG File Processing Stats

File Path                                 PID  Runtime      # DAGs    # Errors  Last Runtime    Last Run               Last # of DB Queries
--------------------------------------  -----  ---------  --------  ----------  --------------  -------------------  ----------------------
/opt/airflow/dags/datahub_ingestion.py                           1           0  0.62s           2026-06-04T16:14:19                      12
/opt/airflow/dags/ehr_data_pipeline.py   3723  0.01s             1           0  0.17s           2026-06-04T16:14:02                      12
================================================================================
[2026-06-04T16:15:02.733+0000] {manager.py:997} INFO - 
================================================================================
DAG File Processing Stats

File Path                                 PID  Runtime      # DAGs    # Errors  Last Runtime    Last Run               Last # of DB Queries
--------------------------------------  -----  ---------  --------  ----------  --------------  -------------------  ----------------------
/opt/airflow/dags/ehr_data_pipeline.py   3733  0.01s             1           0  0.18s           2026-06-04T16:14:32                      12
/opt/airflow/dags/datahub_ingestion.py                           1           0  0.15s           2026-06-04T16:14:50                      12
================================================================================
[2026-06-04T16:15:33.001+0000] {manager.py:997} INFO - 
================================================================================
DAG File Processing Stats

File Path                                 PID  Runtime      # DAGs    # Errors  Last Runtime    Last Run               Last # of DB Queries
--------------------------------------  -----  ---------  --------  ----------  --------------  -------------------  ----------------------
/opt/airflow/dags/ehr_data_pipeline.py   3743  0.01s             1           0  0.23s           2026-06-04T16:15:02                      12
/opt/airflow/dags/datahub_ingestion.py                           1           0  0.16s           2026-06-04T16:15:21                      12
================================================================================
[2026-06-04T16:16:03.429+0000] {manager.py:997} INFO - 
================================================================================
DAG File Processing Stats

File Path                                 PID  Runtime      # DAGs    # Errors  Last Runtime    Last Run               Last # of DB Queries
--------------------------------------  -----  ---------  --------  ----------  --------------  -------------------  ----------------------
/opt/airflow/dags/ehr_data_pipeline.py   3753  0.01s             1           0  0.21s           2026-06-04T16:15:33                      12
/opt/airflow/dags/datahub_ingestion.py                           1           0  0.16s           2026-06-04T16:15:51                      12
================================================================================
[2026-06-04T16:16:33.848+0000] {manager.py:997} INFO - 
================================================================================
DAG File Processing Stats

File Path                                 PID  Runtime      # DAGs    # Errors  Last Runtime    Last Run               Last # of DB Queries
--------------------------------------  -----  ---------  --------  ----------  --------------  -------------------  ----------------------
/opt/airflow/dags/ehr_data_pipeline.py   3763  0.01s             1           0  0.19s           2026-06-04T16:16:03                      12
/opt/airflow/dags/datahub_ingestion.py                           1           0  0.18s           2026-06-04T16:16:21                      12
================================================================================
[2026-06-04T16:17:04.284+0000] {manager.py:997} INFO - 
================================================================================
DAG File Processing Stats

File Path                                 PID  Runtime      # DAGs    # Errors  Last Runtime    Last Run               Last # of DB Queries
--------------------------------------  -----  ---------  --------  ----------  --------------  -------------------  ----------------------
/opt/airflow/dags/ehr_data_pipeline.py   3773  0.01s             1           0  0.20s           2026-06-04T16:16:34                      12
/opt/airflow/dags/datahub_ingestion.py                           1           0  0.17s           2026-06-04T16:16:52                      12
================================================================================
[2026-06-04T16:17:34.596+0000] {manager.py:997} INFO - 
================================================================================
DAG File Processing Stats

File Path                                 PID  Runtime      # DAGs    # Errors  Last Runtime    Last Run               Last # of DB Queries
--------------------------------------  -----  ---------  --------  ----------  --------------  -------------------  ----------------------
/opt/airflow/dags/ehr_data_pipeline.py   3783  0.01s             1           0  0.22s           2026-06-04T16:17:04                      12
/opt/airflow/dags/datahub_ingestion.py                           1           0  0.17s           2026-06-04T16:17:22                      12
================================================================================
[2026-06-04T16:18:03.007+0000] {manager.py:821} INFO - Searching for files in /opt/airflow/dags
[2026-06-04T16:18:03.017+0000] {manager.py:824} INFO - There are 2 files in /opt/airflow/dags
[2026-06-04T16:18:05.092+0000] {manager.py:997} INFO - 
================================================================================
DAG File Processing Stats

File Path                                 PID  Runtime      # DAGs    # Errors  Last Runtime    Last Run               Last # of DB Queries
--------------------------------------  -----  ---------  --------  ----------  --------------  -------------------  ----------------------
/opt/airflow/dags/ehr_data_pipeline.py   3793  0.01s             1           0  0.22s           2026-06-04T16:17:34                      12
/opt/airflow/dags/datahub_ingestion.py                           1           0  0.17s           2026-06-04T16:17:53                      12
================================================================================
[2026-06-04T16:18:35.530+0000] {manager.py:997} INFO - 
================================================================================
DAG File Processing Stats

File Path                                 PID  Runtime      # DAGs    # Errors  Last Runtime    Last Run               Last # of DB Queries
--------------------------------------  -----  ---------  --------  ----------  --------------  -------------------  ----------------------
/opt/airflow/dags/ehr_data_pipeline.py   3803  0.01s             1           0  0.20s           2026-06-04T16:18:05                      12
/opt/airflow/dags/datahub_ingestion.py                           1           0  0.19s           2026-06-04T16:18:23                      12
================================================================================
[2026-06-04T16:19:05.922+0000] {manager.py:997} INFO - 
================================================================================
DAG File Processing Stats

File Path                                 PID  Runtime      # DAGs    # Errors  Last Runtime    Last Run               Last # of DB Queries
--------------------------------------  -----  ---------  --------  ----------  --------------  -------------------  ----------------------
/opt/airflow/dags/datahub_ingestion.py                           1           0  2.74s           2026-06-04T16:18:56                      12
/opt/airflow/dags/ehr_data_pipeline.py   3813  0.01s             1           0  0.19s           2026-06-04T16:18:35                      12
================================================================================
[2026-06-04T16:19:36.203+0000] {manager.py:997} INFO - 
================================================================================
DAG File Processing Stats

File Path                                 PID  Runtime      # DAGs    # Errors  Last Runtime    Last Run               Last # of DB Queries
--------------------------------------  -----  ---------  --------  ----------  --------------  -------------------  ----------------------
/opt/airflow/dags/ehr_data_pipeline.py   3823  0.05s             1           0  0.20s           2026-06-04T16:19:06                      12
/opt/airflow/dags/datahub_ingestion.py                           1           0  0.16s           2026-06-04T16:19:27                      12
================================================================================
[2026-06-04T16:20:06.724+0000] {manager.py:997} INFO - 
================================================================================
DAG File Processing Stats

File Path                                 PID  Runtime      # DAGs    # Errors  Last Runtime    Last Run               Last # of DB Queries
--------------------------------------  -----  ---------  --------  ----------  --------------  -------------------  ----------------------
/opt/airflow/dags/ehr_data_pipeline.py   3833  0.01s             1           0  0.34s           2026-06-04T16:19:36                      12
/opt/airflow/dags/datahub_ingestion.py                           1           0  0.28s           2026-06-04T16:19:57                      12
================================================================================
[2026-06-04T16:20:37.174+0000] {manager.py:997} INFO - 
================================================================================
DAG File Processing Stats

File Path                                 PID  Runtime      # DAGs    # Errors  Last Runtime    Last Run               Last # of DB Queries
--------------------------------------  -----  ---------  --------  ----------  --------------  -------------------  ----------------------
/opt/airflow/dags/ehr_data_pipeline.py   3843  0.01s             1           0  0.22s           2026-06-04T16:20:06                      12
/opt/airflow/dags/datahub_ingestion.py                           1           0  0.17s           2026-06-04T16:20:28                      12
================================================================================
[2026-06-04T16:21:07.606+0000] {manager.py:997} INFO - 
================================================================================
DAG File Processing Stats

File Path                                 PID  Runtime      # DAGs    # Errors  Last Runtime    Last Run               Last # of DB Queries
--------------------------------------  -----  ---------  --------  ----------  --------------  -------------------  ----------------------
/opt/airflow/dags/ehr_data_pipeline.py   3853  0.01s             1           0  0.22s           2026-06-04T16:20:37                      12
/opt/airflow/dags/datahub_ingestion.py                           1           0  0.18s           2026-06-04T16:20:58                      12
================================================================================
[2026-06-04T16:21:38.113+0000] {manager.py:997} INFO - 
================================================================================
DAG File Processing Stats

File Path                               PID    Runtime      # DAGs    # Errors  Last Runtime    Last Run               Last # of DB Queries
--------------------------------------  -----  ---------  --------  ----------  --------------  -------------------  ----------------------
/opt/airflow/dags/datahub_ingestion.py                           1           0  0.21s           2026-06-04T16:21:29                      12
/opt/airflow/dags/ehr_data_pipeline.py                           1           0  0.16s           2026-06-04T16:21:13                      12
================================================================================
[2026-06-04T16:22:08.412+0000] {manager.py:997} INFO - 
================================================================================
DAG File Processing Stats

File Path                               PID    Runtime      # DAGs    # Errors  Last Runtime    Last Run               Last # of DB Queries
--------------------------------------  -----  ---------  --------  ----------  --------------  -------------------  ----------------------
/opt/airflow/dags/datahub_ingestion.py                           1           0  0.27s           2026-06-04T16:21:59                      12
/opt/airflow/dags/ehr_data_pipeline.py                           1           0  0.14s           2026-06-04T16:21:43                      12
================================================================================
[2026-06-04T16:22:38.745+0000] {manager.py:997} INFO - 
================================================================================
DAG File Processing Stats

File Path                                 PID  Runtime      # DAGs    # Errors  Last Runtime    Last Run               Last # of DB Queries
--------------------------------------  -----  ---------  --------  ----------  --------------  -------------------  ----------------------
/opt/airflow/dags/ehr_data_pipeline.py                           1           0  15.32s          2026-06-04T16:22:28                      12
/opt/airflow/dags/datahub_ingestion.py   4602  9.05s             1           0  0.27s           2026-06-04T16:21:59                      12
================================================================================
[2026-06-04T16:23:03.109+0000] {manager.py:821} INFO - Searching for files in /opt/airflow/dags
[2026-06-04T16:23:03.121+0000] {manager.py:824} INFO - There are 2 files in /opt/airflow/dags
[2026-06-04T16:23:09.003+0000] {manager.py:997} INFO - 
================================================================================
DAG File Processing Stats

File Path                                 PID  Runtime      # DAGs    # Errors  Last Runtime    Last Run               Last # of DB Queries
--------------------------------------  -----  ---------  --------  ----------  --------------  -------------------  ----------------------
/opt/airflow/dags/datahub_ingestion.py                           1           0  33.41s          2026-06-04T16:23:03                      12
/opt/airflow/dags/ehr_data_pipeline.py   4655  10.10s            1           0  15.32s          2026-06-04T16:22:28                      12
================================================================================
[2026-06-04T16:23:39.362+0000] {manager.py:997} INFO - 
================================================================================
DAG File Processing Stats

File Path                                 PID  Runtime      # DAGs    # Errors  Last Runtime    Last Run               Last # of DB Queries
--------------------------------------  -----  ---------  --------  ----------  --------------  -------------------  ----------------------
/opt/airflow/dags/datahub_ingestion.py   4670  6.05s             1           0  33.41s          2026-06-04T16:23:03                      12
/opt/airflow/dags/ehr_data_pipeline.py                           1           0  19.51s          2026-06-04T16:23:18                      12
================================================================================
[2026-06-04T16:24:09.721+0000] {manager.py:997} INFO - 
================================================================================
DAG File Processing Stats

File Path                               PID    Runtime      # DAGs    # Errors  Last Runtime    Last Run               Last # of DB Queries
--------------------------------------  -----  ---------  --------  ----------  --------------  -------------------  ----------------------
/opt/airflow/dags/datahub_ingestion.py                           1           0  8.28s           2026-06-04T16:23:41                      12
/opt/airflow/dags/ehr_data_pipeline.py                           1           0  0.24s           2026-06-04T16:23:48                      12
================================================================================
[2026-06-04T16:24:40.476+0000] {manager.py:997} INFO - 
================================================================================
DAG File Processing Stats

File Path                               PID    Runtime      # DAGs    # Errors  Last Runtime    Last Run               Last # of DB Queries
--------------------------------------  -----  ---------  --------  ----------  --------------  -------------------  ----------------------
/opt/airflow/dags/ehr_data_pipeline.py                           1           0  0.59s           2026-06-04T16:24:19                      12
/opt/airflow/dags/datahub_ingestion.py                           1           0  0.58s           2026-06-04T16:24:12                      12
================================================================================
[2026-06-04T16:25:10.826+0000] {manager.py:997} INFO - 
================================================================================
DAG File Processing Stats

File Path                               PID    Runtime      # DAGs    # Errors  Last Runtime    Last Run               Last # of DB Queries
--------------------------------------  -----  ---------  --------  ----------  --------------  -------------------  ----------------------
/opt/airflow/dags/ehr_data_pipeline.py                           1           0  0.22s           2026-06-04T16:24:49                      12
/opt/airflow/dags/datahub_ingestion.py                           1           0  0.19s           2026-06-04T16:24:42                      12
================================================================================
[2026-06-04T16:25:41.176+0000] {manager.py:997} INFO - 
================================================================================
DAG File Processing Stats

File Path                               PID    Runtime      # DAGs    # Errors  Last Runtime    Last Run               Last # of DB Queries
--------------------------------------  -----  ---------  --------  ----------  --------------  -------------------  ----------------------
/opt/airflow/dags/datahub_ingestion.py                           1           0  0.66s           2026-06-04T16:25:13                      12
/opt/airflow/dags/ehr_data_pipeline.py                           1           0  0.46s           2026-06-04T16:25:20                      12
================================================================================
[2026-06-04T16:26:11.215+0000] {manager.py:997} INFO - 
================================================================================
DAG File Processing Stats

File Path                               PID    Runtime      # DAGs    # Errors  Last Runtime    Last Run               Last # of DB Queries
--------------------------------------  -----  ---------  --------  ----------  --------------  -------------------  ----------------------
/opt/airflow/dags/ehr_data_pipeline.py                           1           0  0.44s           2026-06-04T16:25:51                      12
/opt/airflow/dags/datahub_ingestion.py                           1           0  0.27s           2026-06-04T16:25:43                      12
================================================================================
[2026-06-04T16:26:41.462+0000] {manager.py:997} INFO - 
================================================================================
DAG File Processing Stats

File Path                               PID    Runtime      # DAGs    # Errors  Last Runtime    Last Run               Last # of DB Queries
--------------------------------------  -----  ---------  --------  ----------  --------------  -------------------  ----------------------
/opt/airflow/dags/ehr_data_pipeline.py                           1           0  0.32s           2026-06-04T16:26:21                      12
/opt/airflow/dags/datahub_ingestion.py                           1           0  0.27s           2026-06-04T16:26:14                      12
================================================================================
[2026-06-04T16:27:11.895+0000] {manager.py:997} INFO - 
================================================================================
DAG File Processing Stats

File Path                               PID    Runtime      # DAGs    # Errors  Last Runtime    Last Run               Last # of DB Queries
--------------------------------------  -----  ---------  --------  ----------  --------------  -------------------  ----------------------
/opt/airflow/dags/ehr_data_pipeline.py                           1           0  0.52s           2026-06-04T16:26:52                      12
/opt/airflow/dags/datahub_ingestion.py                           1           0  0.23s           2026-06-04T16:26:44                      12
================================================================================
[2026-06-04T16:27:42.319+0000] {manager.py:997} INFO - 
================================================================================
DAG File Processing Stats

File Path                               PID    Runtime      # DAGs    # Errors  Last Runtime    Last Run               Last # of DB Queries
--------------------------------------  -----  ---------  --------  ----------  --------------  -------------------  ----------------------
/opt/airflow/dags/ehr_data_pipeline.py                           1           0  0.34s           2026-06-04T16:27:23                      12
/opt/airflow/dags/datahub_ingestion.py                           1           0  0.29s           2026-06-04T16:27:15                      12
================================================================================
[2026-06-04T16:28:03.527+0000] {manager.py:821} INFO - Searching for files in /opt/airflow/dags
[2026-06-04T16:28:03.533+0000] {manager.py:824} INFO - There are 2 files in /opt/airflow/dags
[2026-06-04T16:28:12.582+0000] {manager.py:997} INFO - 
================================================================================
DAG File Processing Stats

File Path                               PID    Runtime      # DAGs    # Errors  Last Runtime    Last Run               Last # of DB Queries
--------------------------------------  -----  ---------  --------  ----------  --------------  -------------------  ----------------------
/opt/airflow/dags/ehr_data_pipeline.py                           1           0  0.16s           2026-06-04T16:27:53                      12
/opt/airflow/dags/datahub_ingestion.py                           1           0  0.12s           2026-06-04T16:27:45                      12
================================================================================
[2026-06-04T16:28:42.843+0000] {manager.py:997} INFO - 
================================================================================
DAG File Processing Stats

File Path                               PID    Runtime      # DAGs    # Errors  Last Runtime    Last Run               Last # of DB Queries
--------------------------------------  -----  ---------  --------  ----------  --------------  -------------------  ----------------------
/opt/airflow/dags/datahub_ingestion.py                           1           0  0.22s           2026-06-04T16:28:15                      12
/opt/airflow/dags/ehr_data_pipeline.py                           1           0  0.12s           2026-06-04T16:28:23                      12
================================================================================
[2026-06-04T16:29:18.149+0000] {manager.py:997} INFO - 
================================================================================
DAG File Processing Stats

File Path                                 PID  Runtime      # DAGs    # Errors  Last Runtime    Last Run               Last # of DB Queries
--------------------------------------  -----  ---------  --------  ----------  --------------  -------------------  ----------------------
/opt/airflow/dags/datahub_ingestion.py   6920  0.01s             1           0  0.26s           2026-06-04T16:28:47                      12
/opt/airflow/dags/ehr_data_pipeline.py                           1           0  0.17s           2026-06-04T16:28:54                      12
================================================================================
[2026-06-04T16:29:50.885+0000] {manager.py:997} INFO - 
================================================================================
DAG File Processing Stats

File Path                                 PID  Runtime      # DAGs    # Errors  Last Runtime    Last Run               Last # of DB Queries
--------------------------------------  -----  ---------  --------  ----------  --------------  -------------------  ----------------------
/opt/airflow/dags/datahub_ingestion.py   7345  0.01s             1           0  2.58s           2026-06-04T16:29:20                      12
/opt/airflow/dags/ehr_data_pipeline.py                           1           0  0.19s           2026-06-04T16:29:24                      12
================================================================================
[2026-06-04T16:30:21.297+0000] {manager.py:997} INFO - 
================================================================================
DAG File Processing Stats

File Path                                 PID  Runtime      # DAGs    # Errors  Last Runtime    Last Run               Last # of DB Queries
--------------------------------------  -----  ---------  --------  ----------  --------------  -------------------  ----------------------
/opt/airflow/dags/ehr_data_pipeline.py                           1           0  0.31s           2026-06-04T16:29:55                      12
/opt/airflow/dags/datahub_ingestion.py   7594  0.02s             1           0  0.25s           2026-06-04T16:29:51                      12
================================================================================
[2026-06-04T16:30:51.381+0000] {manager.py:997} INFO - 
================================================================================
DAG File Processing Stats

File Path                               PID    Runtime      # DAGs    # Errors  Last Runtime    Last Run               Last # of DB Queries
--------------------------------------  -----  ---------  --------  ----------  --------------  -------------------  ----------------------
/opt/airflow/dags/datahub_ingestion.py                           1           0  0.30s           2026-06-04T16:30:21                      12
/opt/airflow/dags/ehr_data_pipeline.py                           1           0  0.15s           2026-06-04T16:30:45                      17
================================================================================
[2026-06-04T16:31:21.817+0000] {manager.py:997} INFO - 
================================================================================
DAG File Processing Stats

File Path                               PID    Runtime      # DAGs    # Errors  Last Runtime    Last Run               Last # of DB Queries
--------------------------------------  -----  ---------  --------  ----------  --------------  -------------------  ----------------------
/opt/airflow/dags/ehr_data_pipeline.py                           1           0  0.23s           2026-06-04T16:31:15                      12
/opt/airflow/dags/datahub_ingestion.py                           1           0  0.18s           2026-06-04T16:30:52                      12
================================================================================
[2026-06-04T16:31:52.209+0000] {manager.py:997} INFO - 
================================================================================
DAG File Processing Stats

File Path                               PID    Runtime      # DAGs    # Errors  Last Runtime    Last Run               Last # of DB Queries
--------------------------------------  -----  ---------  --------  ----------  --------------  -------------------  ----------------------
/opt/airflow/dags/datahub_ingestion.py                           1           0  0.18s           2026-06-04T16:31:23                      12
/opt/airflow/dags/ehr_data_pipeline.py                           1           0  0.17s           2026-06-04T16:31:46                      12
================================================================================
[2026-06-04T16:32:22.589+0000] {manager.py:997} INFO - 
================================================================================
DAG File Processing Stats

File Path                               PID    Runtime      # DAGs    # Errors  Last Runtime    Last Run               Last # of DB Queries
--------------------------------------  -----  ---------  --------  ----------  --------------  -------------------  ----------------------
/opt/airflow/dags/ehr_data_pipeline.py                           1           0  0.19s           2026-06-04T16:32:16                      12
/opt/airflow/dags/datahub_ingestion.py                           1           0  0.17s           2026-06-04T16:31:53                      12
================================================================================
[2026-06-04T16:32:52.956+0000] {manager.py:997} INFO - 
================================================================================
DAG File Processing Stats

File Path                               PID    Runtime      # DAGs    # Errors  Last Runtime    Last Run               Last # of DB Queries
--------------------------------------  -----  ---------  --------  ----------  --------------  -------------------  ----------------------
/opt/airflow/dags/ehr_data_pipeline.py                           1           0  0.19s           2026-06-04T16:32:46                      12
/opt/airflow/dags/datahub_ingestion.py                           1           0  0.17s           2026-06-04T16:32:23                      12
================================================================================
[2026-06-04T16:33:04.103+0000] {manager.py:821} INFO - Searching for files in /opt/airflow/dags
[2026-06-04T16:33:04.112+0000] {manager.py:824} INFO - There are 2 files in /opt/airflow/dags
[2026-06-04T16:33:23.302+0000] {manager.py:997} INFO - 
================================================================================
DAG File Processing Stats

File Path                               PID    Runtime      # DAGs    # Errors  Last Runtime    Last Run               Last # of DB Queries
--------------------------------------  -----  ---------  --------  ----------  --------------  -------------------  ----------------------
/opt/airflow/dags/ehr_data_pipeline.py                           1           0  0.17s           2026-06-04T16:33:17                      12
/opt/airflow/dags/datahub_ingestion.py                           1           0  0.13s           2026-06-04T16:32:54                      12
================================================================================
[2026-06-04T16:33:53.705+0000] {manager.py:997} INFO - 
================================================================================
DAG File Processing Stats

File Path                               PID    Runtime      # DAGs    # Errors  Last Runtime    Last Run               Last # of DB Queries
--------------------------------------  -----  ---------  --------  ----------  --------------  -------------------  ----------------------
/opt/airflow/dags/ehr_data_pipeline.py                           1           0  0.17s           2026-06-04T16:33:47                      12
/opt/airflow/dags/datahub_ingestion.py                           1           0  0.14s           2026-06-04T16:33:24                      12
================================================================================
[2026-06-04T16:34:24.090+0000] {manager.py:997} INFO - 
================================================================================
DAG File Processing Stats

File Path                               PID    Runtime      # DAGs    # Errors  Last Runtime    Last Run               Last # of DB Queries
--------------------------------------  -----  ---------  --------  ----------  --------------  -------------------  ----------------------
/opt/airflow/dags/ehr_data_pipeline.py                           1           0  0.20s           2026-06-04T16:34:18                      12
/opt/airflow/dags/datahub_ingestion.py                           1           0  0.19s           2026-06-04T16:33:54                      12
================================================================================
[2026-06-04T16:34:54.465+0000] {manager.py:997} INFO - 
================================================================================
DAG File Processing Stats

File Path                               PID    Runtime      # DAGs    # Errors  Last Runtime    Last Run               Last # of DB Queries
--------------------------------------  -----  ---------  --------  ----------  --------------  -------------------  ----------------------
/opt/airflow/dags/datahub_ingestion.py                           1           0  0.16s           2026-06-04T16:34:25                      12
/opt/airflow/dags/ehr_data_pipeline.py                           1           0  0.15s           2026-06-04T16:34:48                      12
================================================================================
[2026-06-04T16:35:24.820+0000] {manager.py:997} INFO - 
================================================================================
DAG File Processing Stats

File Path                               PID    Runtime      # DAGs    # Errors  Last Runtime    Last Run               Last # of DB Queries
--------------------------------------  -----  ---------  --------  ----------  --------------  -------------------  ----------------------
/opt/airflow/dags/ehr_data_pipeline.py                           1           0  0.21s           2026-06-04T16:35:18                      12
/opt/airflow/dags/datahub_ingestion.py                           1           0  0.16s           2026-06-04T16:34:55                      12
================================================================================
[2026-06-04T16:35:55.178+0000] {manager.py:997} INFO - 
================================================================================
DAG File Processing Stats

File Path                               PID    Runtime      # DAGs    # Errors  Last Runtime    Last Run               Last # of DB Queries
--------------------------------------  -----  ---------  --------  ----------  --------------  -------------------  ----------------------
/opt/airflow/dags/ehr_data_pipeline.py                           1           0  0.21s           2026-06-04T16:35:49                      12
/opt/airflow/dags/datahub_ingestion.py                           1           0  0.16s           2026-06-04T16:35:25                      12
================================================================================
[2026-06-04T16:36:25.554+0000] {manager.py:997} INFO - 
================================================================================
DAG File Processing Stats

File Path                               PID    Runtime      # DAGs    # Errors  Last Runtime    Last Run               Last # of DB Queries
--------------------------------------  -----  ---------  --------  ----------  --------------  -------------------  ----------------------
/opt/airflow/dags/datahub_ingestion.py                           1           0  0.17s           2026-06-04T16:35:56                      12
/opt/airflow/dags/ehr_data_pipeline.py                           1           0  0.17s           2026-06-04T16:36:19                      12
================================================================================
[2026-06-04T16:36:55.902+0000] {manager.py:997} INFO - 
================================================================================
DAG File Processing Stats

File Path                               PID    Runtime      # DAGs    # Errors  Last Runtime    Last Run               Last # of DB Queries
--------------------------------------  -----  ---------  --------  ----------  --------------  -------------------  ----------------------
/opt/airflow/dags/datahub_ingestion.py                           1           0  0.16s           2026-06-04T16:36:26                      12
/opt/airflow/dags/ehr_data_pipeline.py                           1           0  0.15s           2026-06-04T16:36:49                      12
================================================================================
[2026-06-04T16:37:21.152+0000] {manager.py:465} INFO - Exiting gracefully upon receiving signal 15
