[2026-06-04T14:14:09.995+0000] {local_task_job_runner.py:123} INFO - ::group::Pre task execution logs
[2026-06-04T14:14:10.016+0000] {taskinstance.py:2612} INFO - Dependencies all met for dep_context=non-requeueable deps ti=<TaskInstance: ehr_data_pipeline.gold_transform manual__2026-06-04T14:11:14.322275+00:00 [queued]>
[2026-06-04T14:14:10.026+0000] {taskinstance.py:2612} INFO - Dependencies all met for dep_context=requeueable deps ti=<TaskInstance: ehr_data_pipeline.gold_transform manual__2026-06-04T14:11:14.322275+00:00 [queued]>
[2026-06-04T14:14:10.026+0000] {taskinstance.py:2865} INFO - Starting attempt 1 of 1
[2026-06-04T14:14:10.045+0000] {taskinstance.py:2888} INFO - Executing <Task(PythonOperator): gold_transform> on 2026-06-04 14:11:14.322275+00:00
[2026-06-04T14:14:10.052+0000] {standard_task_runner.py:104} INFO - Running: ['***', 'tasks', 'run', 'ehr_data_pipeline', 'gold_transform', 'manual__2026-06-04T14:11:14.322275+00:00', '--job-id', '37', '--raw', '--subdir', 'DAGS_FOLDER/ehr_data_pipeline.py', '--cfg-path', '/tmp/tmp6gbc2gek']
[2026-06-04T14:14:10.054+0000] {standard_task_runner.py:105} INFO - Job 37: Subtask gold_transform
[2026-06-04T14:14:10.057+0000] {logging_mixin.py:190} WARNING - /home/***/.local/lib/python3.12/site-packages/***/task/task_runner/standard_task_runner.py:70 DeprecationWarning: This process (pid=1135) is multi-threaded, use of fork() may lead to deadlocks in the child.
[2026-06-04T14:14:10.058+0000] {standard_task_runner.py:72} INFO - Started process 1136 to run task
[2026-06-04T14:14:10.099+0000] {task_command.py:467} INFO - Running <TaskInstance: ehr_data_pipeline.gold_transform manual__2026-06-04T14:11:14.322275+00:00 [running]> on host g120.grove.adaptcentre.ie
[2026-06-04T14:14:10.175+0000] {taskinstance.py:3131} INFO - Exporting env vars: AIRFLOW_CTX_DAG_OWNER='***' AIRFLOW_CTX_DAG_ID='ehr_data_pipeline' AIRFLOW_CTX_TASK_ID='gold_transform' AIRFLOW_CTX_EXECUTION_DATE='2026-06-04T14:11:14.322275+00:00' AIRFLOW_CTX_TRY_NUMBER='1' AIRFLOW_CTX_DAG_RUN_ID='manual__2026-06-04T14:11:14.322275+00:00'
[2026-06-04T14:14:10.175+0000] {taskinstance.py:731} INFO - ::endgroup::
[2026-06-04T14:17:05.049+0000] {logging_mixin.py:190} INFO - :: loading settings :: url = jar:file:/home/***/.local/lib/python3.12/site-packages/pyspark/jars/ivy-2.5.1.jar!/org/apache/ivy/core/settings/ivysettings.xml
Ivy Default Cache set to: /home/***/.ivy2/cache
The jars for the packages stored in: /home/***/.ivy2/jars
io.delta#delta-spark_2.12 added as a dependency
org.apache.hadoop#hadoop-aws added as a dependency
com.amazonaws#aws-java-sdk-bundle added as a dependency
:: resolving dependencies :: org.apache.spark#spark-submit-parent-2b4306ae-5b02-4e35-8256-09ed3530be6b;1.0
	confs: [default]
	found io.delta#delta-spark_2.12;3.3.0 in central
	found io.delta#delta-storage;3.3.0 in central
	found org.antlr#antlr4-runtime;4.9.3 in central
	found org.apache.hadoop#hadoop-aws;3.3.4 in central
	found com.amazonaws#aws-java-sdk-bundle;1.12.262 in central
	found org.wildfly.openssl#wildfly-openssl;1.0.7.Final in central
:: resolution report :: resolve 310ms :: artifacts dl 14ms
	:: modules in use:
	com.amazonaws#aws-java-sdk-bundle;1.12.262 from central in [default]
	io.delta#delta-spark_2.12;3.3.0 from central in [default]
	io.delta#delta-storage;3.3.0 from central in [default]
	org.antlr#antlr4-runtime;4.9.3 from central in [default]
	org.apache.hadoop#hadoop-aws;3.3.4 from central in [default]
	org.wildfly.openssl#wildfly-openssl;1.0.7.Final from central in [default]
	---------------------------------------------------------------------
	|                  |            modules            ||   artifacts   |
	|       conf       | number| search|dwnlded|evicted|| number|dwnlded|
	---------------------------------------------------------------------
	|      default     |   6   |   0   |   0   |   0   ||   6   |   0   |
	---------------------------------------------------------------------
:: retrieving :: org.apache.spark#spark-submit-parent-2b4306ae-5b02-4e35-8256-09ed3530be6b
	confs: [default]
	0 artifacts copied, 6 already retrieved (0kB/7ms)
26/06/04 14:14:12 WARN NativeCodeLoader: Unable to load native-hadoop library for your platform... using builtin-java classes where applicable
/opt/***/scripts/4_transform_to_gold.py:303: DeprecationWarning: datetime.datetime.utcnow() is deprecated and scheduled for removal in a future version. Use timezone-aware objects to represent datetimes in UTC: datetime.datetime.now(datetime.UTC).
  run_id    = datetime.utcnow().strftime("%Y%m%d_%H%M%S")
2026-06-04 14:14:13.529 | INFO     | __main__:main:305 - ============================================================
2026-06-04 14:14:13.529 | INFO     | __main__:main:306 - EHR GOLD TRANSFORMATION — run_id=20260604_141413
2026-06-04 14:14:13.529 | INFO     | __main__:main:307 - ============================================================
2026-06-04 14:14:13.529 | INFO     | utils:build_spark_session:69 - Connecting to Spark cluster: local[*] for EHR-Gold-Transformation
26/06/04 14:14:13 INFO SparkContext: Running Spark version 3.5.6
26/06/04 14:14:13 INFO SparkContext: OS info Linux, 5.10.0-42-amd64, amd64
26/06/04 14:14:13 INFO SparkContext: Java version 17.0.11
26/06/04 14:14:13 INFO ResourceUtils: ==============================================================
26/06/04 14:14:13 INFO ResourceUtils: No custom resources configured for spark.driver.
26/06/04 14:14:13 INFO ResourceUtils: ==============================================================
26/06/04 14:14:13 INFO SparkContext: Submitted application: EHR-Gold-Transformation
26/06/04 14:14:13 INFO ResourceProfile: Default ResourceProfile created, executor resources: Map(cores -> name: cores, amount: 2, script: , vendor: , memory -> name: memory, amount: 16384, script: , vendor: , offHeap -> name: offHeap, amount: 0, script: , vendor: ), task resources: Map(cpus -> name: cpus, amount: 1.0)
26/06/04 14:14:13 INFO ResourceProfile: Limiting resource is cpus at 2 tasks per executor
26/06/04 14:14:13 INFO ResourceProfileManager: Added ResourceProfile id: 0
26/06/04 14:14:13 INFO SecurityManager: Changing view acls to: ***
26/06/04 14:14:13 INFO SecurityManager: Changing modify acls to: ***
26/06/04 14:14:13 INFO SecurityManager: Changing view acls groups to: 
26/06/04 14:14:13 INFO SecurityManager: Changing modify acls groups to: 
26/06/04 14:14:13 INFO SecurityManager: SecurityManager: authentication disabled; ui acls disabled; users with view permissions: ***; groups with view permissions: EMPTY; users with modify permissions: ***; groups with modify permissions: EMPTY
26/06/04 14:14:13 INFO Utils: Successfully started service 'sparkDriver' on port 44547.
26/06/04 14:14:13 INFO SparkEnv: Registering MapOutputTracker
26/06/04 14:14:13 INFO SparkEnv: Registering BlockManagerMaster
26/06/04 14:14:13 INFO BlockManagerMasterEndpoint: Using org.apache.spark.storage.DefaultTopologyMapper for getting topology information
26/06/04 14:14:13 INFO BlockManagerMasterEndpoint: BlockManagerMasterEndpoint up
26/06/04 14:14:13 INFO SparkEnv: Registering BlockManagerMasterHeartbeat
26/06/04 14:14:14 INFO DiskBlockManager: Created local directory at /tmp/blockmgr-f4220d5f-cbdd-40a4-ac12-acaef0d506b0
26/06/04 14:14:14 INFO MemoryStore: MemoryStore started with capacity 434.4 MiB
26/06/04 14:14:14 INFO SparkEnv: Registering OutputCommitCoordinator
26/06/04 14:14:14 INFO JettyUtils: Start Jetty 0.0.0.0:4040 for SparkUI
26/06/04 14:14:14 INFO Utils: Successfully started service 'SparkUI' on port 4040.
26/06/04 14:14:14 INFO SparkContext: Added JAR file:///home/***/.ivy2/jars/io.delta_delta-spark_2.12-3.3.0.jar at spark://host.containers.internal:44547/jars/io.delta_delta-spark_2.12-3.3.0.jar with timestamp 1780582453648
26/06/04 14:14:14 INFO SparkContext: Added JAR file:///home/***/.ivy2/jars/org.apache.hadoop_hadoop-aws-3.3.4.jar at spark://host.containers.internal:44547/jars/org.apache.hadoop_hadoop-aws-3.3.4.jar with timestamp 1780582453648
26/06/04 14:14:14 INFO SparkContext: Added JAR file:///home/***/.ivy2/jars/com.amazonaws_aws-java-sdk-bundle-1.12.262.jar at spark://host.containers.internal:44547/jars/com.amazonaws_aws-java-sdk-bundle-1.12.262.jar with timestamp 1780582453648
26/06/04 14:14:14 INFO SparkContext: Added JAR file:///home/***/.ivy2/jars/io.delta_delta-storage-3.3.0.jar at spark://host.containers.internal:44547/jars/io.delta_delta-storage-3.3.0.jar with timestamp 1780582453648
26/06/04 14:14:14 INFO SparkContext: Added JAR file:///home/***/.ivy2/jars/org.antlr_antlr4-runtime-4.9.3.jar at spark://host.containers.internal:44547/jars/org.antlr_antlr4-runtime-4.9.3.jar with timestamp 1780582453648
26/06/04 14:14:14 INFO SparkContext: Added JAR file:///home/***/.ivy2/jars/org.wildfly.openssl_wildfly-openssl-1.0.7.Final.jar at spark://host.containers.internal:44547/jars/org.wildfly.openssl_wildfly-openssl-1.0.7.Final.jar with timestamp 1780582453648
26/06/04 14:14:14 INFO SparkContext: Added file file:///home/***/.ivy2/jars/io.delta_delta-spark_2.12-3.3.0.jar at file:///home/***/.ivy2/jars/io.delta_delta-spark_2.12-3.3.0.jar with timestamp 1780582453648
26/06/04 14:14:14 INFO Utils: Copying /home/***/.ivy2/jars/io.delta_delta-spark_2.12-3.3.0.jar to /tmp/spark-361ad77a-7b11-4b3c-a427-e6964e559709/userFiles-1c9ecda1-c910-48b7-a650-e1bbd81e7d4c/io.delta_delta-spark_2.12-3.3.0.jar
26/06/04 14:14:14 INFO SparkContext: Added file file:///home/***/.ivy2/jars/org.apache.hadoop_hadoop-aws-3.3.4.jar at file:///home/***/.ivy2/jars/org.apache.hadoop_hadoop-aws-3.3.4.jar with timestamp 1780582453648
26/06/04 14:14:14 INFO Utils: Copying /home/***/.ivy2/jars/org.apache.hadoop_hadoop-aws-3.3.4.jar to /tmp/spark-361ad77a-7b11-4b3c-a427-e6964e559709/userFiles-1c9ecda1-c910-48b7-a650-e1bbd81e7d4c/org.apache.hadoop_hadoop-aws-3.3.4.jar
26/06/04 14:14:14 INFO SparkContext: Added file file:///home/***/.ivy2/jars/com.amazonaws_aws-java-sdk-bundle-1.12.262.jar at file:///home/***/.ivy2/jars/com.amazonaws_aws-java-sdk-bundle-1.12.262.jar with timestamp 1780582453648
26/06/04 14:14:14 INFO Utils: Copying /home/***/.ivy2/jars/com.amazonaws_aws-java-sdk-bundle-1.12.262.jar to /tmp/spark-361ad77a-7b11-4b3c-a427-e6964e559709/userFiles-1c9ecda1-c910-48b7-a650-e1bbd81e7d4c/com.amazonaws_aws-java-sdk-bundle-1.12.262.jar
26/06/04 14:14:14 INFO SparkContext: Added file file:///home/***/.ivy2/jars/io.delta_delta-storage-3.3.0.jar at file:///home/***/.ivy2/jars/io.delta_delta-storage-3.3.0.jar with timestamp 1780582453648
26/06/04 14:14:14 INFO Utils: Copying /home/***/.ivy2/jars/io.delta_delta-storage-3.3.0.jar to /tmp/spark-361ad77a-7b11-4b3c-a427-e6964e559709/userFiles-1c9ecda1-c910-48b7-a650-e1bbd81e7d4c/io.delta_delta-storage-3.3.0.jar
26/06/04 14:14:14 INFO SparkContext: Added file file:///home/***/.ivy2/jars/org.antlr_antlr4-runtime-4.9.3.jar at file:///home/***/.ivy2/jars/org.antlr_antlr4-runtime-4.9.3.jar with timestamp 1780582453648
26/06/04 14:14:14 INFO Utils: Copying /home/***/.ivy2/jars/org.antlr_antlr4-runtime-4.9.3.jar to /tmp/spark-361ad77a-7b11-4b3c-a427-e6964e559709/userFiles-1c9ecda1-c910-48b7-a650-e1bbd81e7d4c/org.antlr_antlr4-runtime-4.9.3.jar
26/06/04 14:14:14 INFO SparkContext: Added file file:///home/***/.ivy2/jars/org.wildfly.openssl_wildfly-openssl-1.0.7.Final.jar at file:///home/***/.ivy2/jars/org.wildfly.openssl_wildfly-openssl-1.0.7.Final.jar with timestamp 1780582453648
26/06/04 14:14:14 INFO Utils: Copying /home/***/.ivy2/jars/org.wildfly.openssl_wildfly-openssl-1.0.7.Final.jar to /tmp/spark-361ad77a-7b11-4b3c-a427-e6964e559709/userFiles-1c9ecda1-c910-48b7-a650-e1bbd81e7d4c/org.wildfly.openssl_wildfly-openssl-1.0.7.Final.jar
26/06/04 14:14:14 INFO Executor: Starting executor ID driver on host host.containers.internal
26/06/04 14:14:14 INFO Executor: OS info Linux, 5.10.0-42-amd64, amd64
26/06/04 14:14:14 INFO Executor: Java version 17.0.11
26/06/04 14:14:14 INFO Executor: Starting executor with user classpath (userClassPathFirst = false): ''
26/06/04 14:14:14 INFO Executor: Created or updated repl class loader org.apache.spark.util.MutableURLClassLoader@a81a2a for default.
26/06/04 14:14:14 INFO Executor: Fetching file:///home/***/.ivy2/jars/io.delta_delta-storage-3.3.0.jar with timestamp 1780582453648
26/06/04 14:14:14 INFO Utils: /home/***/.ivy2/jars/io.delta_delta-storage-3.3.0.jar has been previously copied to /tmp/spark-361ad77a-7b11-4b3c-a427-e6964e559709/userFiles-1c9ecda1-c910-48b7-a650-e1bbd81e7d4c/io.delta_delta-storage-3.3.0.jar
26/06/04 14:14:14 INFO Executor: Fetching file:///home/***/.ivy2/jars/org.apache.hadoop_hadoop-aws-3.3.4.jar with timestamp 1780582453648
26/06/04 14:14:14 INFO Utils: /home/***/.ivy2/jars/org.apache.hadoop_hadoop-aws-3.3.4.jar has been previously copied to /tmp/spark-361ad77a-7b11-4b3c-a427-e6964e559709/userFiles-1c9ecda1-c910-48b7-a650-e1bbd81e7d4c/org.apache.hadoop_hadoop-aws-3.3.4.jar
26/06/04 14:14:14 INFO Executor: Fetching file:///home/***/.ivy2/jars/io.delta_delta-spark_2.12-3.3.0.jar with timestamp 1780582453648
26/06/04 14:14:14 INFO Utils: /home/***/.ivy2/jars/io.delta_delta-spark_2.12-3.3.0.jar has been previously copied to /tmp/spark-361ad77a-7b11-4b3c-a427-e6964e559709/userFiles-1c9ecda1-c910-48b7-a650-e1bbd81e7d4c/io.delta_delta-spark_2.12-3.3.0.jar
26/06/04 14:14:14 INFO Executor: Fetching file:///home/***/.ivy2/jars/org.antlr_antlr4-runtime-4.9.3.jar with timestamp 1780582453648
26/06/04 14:14:14 INFO Utils: /home/***/.ivy2/jars/org.antlr_antlr4-runtime-4.9.3.jar has been previously copied to /tmp/spark-361ad77a-7b11-4b3c-a427-e6964e559709/userFiles-1c9ecda1-c910-48b7-a650-e1bbd81e7d4c/org.antlr_antlr4-runtime-4.9.3.jar
26/06/04 14:14:14 INFO Executor: Fetching file:///home/***/.ivy2/jars/org.wildfly.openssl_wildfly-openssl-1.0.7.Final.jar with timestamp 1780582453648
26/06/04 14:14:14 INFO Utils: /home/***/.ivy2/jars/org.wildfly.openssl_wildfly-openssl-1.0.7.Final.jar has been previously copied to /tmp/spark-361ad77a-7b11-4b3c-a427-e6964e559709/userFiles-1c9ecda1-c910-48b7-a650-e1bbd81e7d4c/org.wildfly.openssl_wildfly-openssl-1.0.7.Final.jar
26/06/04 14:14:14 INFO Executor: Fetching file:///home/***/.ivy2/jars/com.amazonaws_aws-java-sdk-bundle-1.12.262.jar with timestamp 1780582453648
26/06/04 14:14:14 INFO Utils: /home/***/.ivy2/jars/com.amazonaws_aws-java-sdk-bundle-1.12.262.jar has been previously copied to /tmp/spark-361ad77a-7b11-4b3c-a427-e6964e559709/userFiles-1c9ecda1-c910-48b7-a650-e1bbd81e7d4c/com.amazonaws_aws-java-sdk-bundle-1.12.262.jar
26/06/04 14:14:14 INFO Executor: Fetching spark://host.containers.internal:44547/jars/org.wildfly.openssl_wildfly-openssl-1.0.7.Final.jar with timestamp 1780582453648
26/06/04 14:14:14 INFO TransportClientFactory: Successfully created connection to host.containers.internal/192.168.1.120:44547 after 18 ms (0 ms spent in bootstraps)
26/06/04 14:14:14 INFO Utils: Fetching spark://host.containers.internal:44547/jars/org.wildfly.openssl_wildfly-openssl-1.0.7.Final.jar to /tmp/spark-361ad77a-7b11-4b3c-a427-e6964e559709/userFiles-1c9ecda1-c910-48b7-a650-e1bbd81e7d4c/fetchFileTemp1476052629940282682.tmp
26/06/04 14:14:14 INFO Utils: /tmp/spark-361ad77a-7b11-4b3c-a427-e6964e559709/userFiles-1c9ecda1-c910-48b7-a650-e1bbd81e7d4c/fetchFileTemp1476052629940282682.tmp has been previously copied to /tmp/spark-361ad77a-7b11-4b3c-a427-e6964e559709/userFiles-1c9ecda1-c910-48b7-a650-e1bbd81e7d4c/org.wildfly.openssl_wildfly-openssl-1.0.7.Final.jar
26/06/04 14:14:14 INFO Executor: Adding file:/tmp/spark-361ad77a-7b11-4b3c-a427-e6964e559709/userFiles-1c9ecda1-c910-48b7-a650-e1bbd81e7d4c/org.wildfly.openssl_wildfly-openssl-1.0.7.Final.jar to class loader default
26/06/04 14:14:14 INFO Executor: Fetching spark://host.containers.internal:44547/jars/org.antlr_antlr4-runtime-4.9.3.jar with timestamp 1780582453648
26/06/04 14:14:15 INFO Utils: Fetching spark://host.containers.internal:44547/jars/org.antlr_antlr4-runtime-4.9.3.jar to /tmp/spark-361ad77a-7b11-4b3c-a427-e6964e559709/userFiles-1c9ecda1-c910-48b7-a650-e1bbd81e7d4c/fetchFileTemp11743389403549509771.tmp
26/06/04 14:14:15 INFO Utils: /tmp/spark-361ad77a-7b11-4b3c-a427-e6964e559709/userFiles-1c9ecda1-c910-48b7-a650-e1bbd81e7d4c/fetchFileTemp11743389403549509771.tmp has been previously copied to /tmp/spark-361ad77a-7b11-4b3c-a427-e6964e559709/userFiles-1c9ecda1-c910-48b7-a650-e1bbd81e7d4c/org.antlr_antlr4-runtime-4.9.3.jar
26/06/04 14:14:15 INFO Executor: Adding file:/tmp/spark-361ad77a-7b11-4b3c-a427-e6964e559709/userFiles-1c9ecda1-c910-48b7-a650-e1bbd81e7d4c/org.antlr_antlr4-runtime-4.9.3.jar to class loader default
26/06/04 14:14:15 INFO Executor: Fetching spark://host.containers.internal:44547/jars/com.amazonaws_aws-java-sdk-bundle-1.12.262.jar with timestamp 1780582453648
26/06/04 14:14:15 INFO Utils: Fetching spark://host.containers.internal:44547/jars/com.amazonaws_aws-java-sdk-bundle-1.12.262.jar to /tmp/spark-361ad77a-7b11-4b3c-a427-e6964e559709/userFiles-1c9ecda1-c910-48b7-a650-e1bbd81e7d4c/fetchFileTemp5270189606431670155.tmp
26/06/04 14:14:16 INFO Utils: /tmp/spark-361ad77a-7b11-4b3c-a427-e6964e559709/userFiles-1c9ecda1-c910-48b7-a650-e1bbd81e7d4c/fetchFileTemp5270189606431670155.tmp has been previously copied to /tmp/spark-361ad77a-7b11-4b3c-a427-e6964e559709/userFiles-1c9ecda1-c910-48b7-a650-e1bbd81e7d4c/com.amazonaws_aws-java-sdk-bundle-1.12.262.jar
26/06/04 14:14:16 INFO Executor: Adding file:/tmp/spark-361ad77a-7b11-4b3c-a427-e6964e559709/userFiles-1c9ecda1-c910-48b7-a650-e1bbd81e7d4c/com.amazonaws_aws-java-sdk-bundle-1.12.262.jar to class loader default
26/06/04 14:14:16 INFO Executor: Fetching spark://host.containers.internal:44547/jars/io.delta_delta-storage-3.3.0.jar with timestamp 1780582453648
26/06/04 14:14:16 INFO Utils: Fetching spark://host.containers.internal:44547/jars/io.delta_delta-storage-3.3.0.jar to /tmp/spark-361ad77a-7b11-4b3c-a427-e6964e559709/userFiles-1c9ecda1-c910-48b7-a650-e1bbd81e7d4c/fetchFileTemp12444785176978167949.tmp
26/06/04 14:14:16 INFO Utils: /tmp/spark-361ad77a-7b11-4b3c-a427-e6964e559709/userFiles-1c9ecda1-c910-48b7-a650-e1bbd81e7d4c/fetchFileTemp12444785176978167949.tmp has been previously copied to /tmp/spark-361ad77a-7b11-4b3c-a427-e6964e559709/userFiles-1c9ecda1-c910-48b7-a650-e1bbd81e7d4c/io.delta_delta-storage-3.3.0.jar
26/06/04 14:14:16 INFO Executor: Adding file:/tmp/spark-361ad77a-7b11-4b3c-a427-e6964e559709/userFiles-1c9ecda1-c910-48b7-a650-e1bbd81e7d4c/io.delta_delta-storage-3.3.0.jar to class loader default
26/06/04 14:14:16 INFO Executor: Fetching spark://host.containers.internal:44547/jars/io.delta_delta-spark_2.12-3.3.0.jar with timestamp 1780582453648
26/06/04 14:14:16 INFO Utils: Fetching spark://host.containers.internal:44547/jars/io.delta_delta-spark_2.12-3.3.0.jar to /tmp/spark-361ad77a-7b11-4b3c-a427-e6964e559709/userFiles-1c9ecda1-c910-48b7-a650-e1bbd81e7d4c/fetchFileTemp9018237883513597143.tmp
26/06/04 14:14:16 INFO Utils: /tmp/spark-361ad77a-7b11-4b3c-a427-e6964e559709/userFiles-1c9ecda1-c910-48b7-a650-e1bbd81e7d4c/fetchFileTemp9018237883513597143.tmp has been previously copied to /tmp/spark-361ad77a-7b11-4b3c-a427-e6964e559709/userFiles-1c9ecda1-c910-48b7-a650-e1bbd81e7d4c/io.delta_delta-spark_2.12-3.3.0.jar
26/06/04 14:14:16 INFO Executor: Adding file:/tmp/spark-361ad77a-7b11-4b3c-a427-e6964e559709/userFiles-1c9ecda1-c910-48b7-a650-e1bbd81e7d4c/io.delta_delta-spark_2.12-3.3.0.jar to class loader default
26/06/04 14:14:16 INFO Executor: Fetching spark://host.containers.internal:44547/jars/org.apache.hadoop_hadoop-aws-3.3.4.jar with timestamp 1780582453648
26/06/04 14:14:16 INFO Utils: Fetching spark://host.containers.internal:44547/jars/org.apache.hadoop_hadoop-aws-3.3.4.jar to /tmp/spark-361ad77a-7b11-4b3c-a427-e6964e559709/userFiles-1c9ecda1-c910-48b7-a650-e1bbd81e7d4c/fetchFileTemp12246380183966255172.tmp
26/06/04 14:14:16 INFO Utils: /tmp/spark-361ad77a-7b11-4b3c-a427-e6964e559709/userFiles-1c9ecda1-c910-48b7-a650-e1bbd81e7d4c/fetchFileTemp12246380183966255172.tmp has been previously copied to /tmp/spark-361ad77a-7b11-4b3c-a427-e6964e559709/userFiles-1c9ecda1-c910-48b7-a650-e1bbd81e7d4c/org.apache.hadoop_hadoop-aws-3.3.4.jar
26/06/04 14:14:16 INFO Executor: Adding file:/tmp/spark-361ad77a-7b11-4b3c-a427-e6964e559709/userFiles-1c9ecda1-c910-48b7-a650-e1bbd81e7d4c/org.apache.hadoop_hadoop-aws-3.3.4.jar to class loader default
26/06/04 14:14:16 INFO Utils: Successfully started service 'org.apache.spark.network.netty.NettyBlockTransferService' on port 39003.
26/06/04 14:14:16 INFO NettyBlockTransferService: Server created on host.containers.internal:39003
26/06/04 14:14:16 INFO BlockManager: Using org.apache.spark.storage.RandomBlockReplicationPolicy for block replication policy
26/06/04 14:14:16 INFO BlockManagerMaster: Registering BlockManager BlockManagerId(driver, host.containers.internal, 39003, None)
26/06/04 14:14:16 INFO BlockManagerMasterEndpoint: Registering block manager host.containers.internal:39003 with 434.4 MiB RAM, BlockManagerId(driver, host.containers.internal, 39003, None)
26/06/04 14:14:16 INFO BlockManagerMaster: Registered BlockManager BlockManagerId(driver, host.containers.internal, 39003, None)
26/06/04 14:14:16 INFO BlockManager: Initialized BlockManager: BlockManagerId(driver, host.containers.internal, 39003, None)
26/06/04 14:14:16 INFO SingleEventLogFileWriter: Logging events to file:/.tmp/spark-logs/local-1780582454688.inprogress
2026-06-04 14:14:16.699 | INFO     | utils:build_spark_session:101 - Spark version: 3.5.6
2026-06-04 14:14:16.699 | INFO     | __main__:transform_dim_patient:66 - Building dim_patient...
26/06/04 14:14:17 WARN MetricsConfig: Cannot locate configuration: tried hadoop-metrics2-s3a-file-system.properties,hadoop-metrics2.properties
26/06/04 14:14:21 WARN SparkStringUtils: Truncated the string representation of a plan since it was too large. This behavior can be adjusted by setting 'spark.sql.debug.maxToStringFields'.
2026-06-04 14:14:32.992 | INFO     | __main__:transform_dim_ward:88 - Building dim_ward...
2026-06-04 14:14:38.556 | INFO     | __main__:transform_dim_event_type:107 - Building dim_event_type...
2026-06-04 14:14:43.911 | INFO     | __main__:transform_dim_vital:145 - Building dim_vital...
2026-06-04 14:14:47.173 | INFO     | __main__:transform_dim_lab:152 - Building dim_lab...
2026-06-04 14:14:49.938 | INFO     | __main__:transform_dim_medication:159 - Building dim_medication...
2026-06-04 14:14:52.490 | INFO     | __main__:transform_dim_diagnosis:170 - Building dim_diagnosis...
2026-06-04 14:14:54.804 | INFO     | __main__:transform_fact_visit:182 - Building fact_visit...
2026-06-04 14:15:25.048 | INFO     | __main__:transform_fact_clinical_event:207 - Building fact_clinical_event...
26/06/04 14:17:03 ERROR Utils: Aborting task
org.apache.hadoop.fs.s3a.AWSBadRequestException: Writing Object on topics/fact_clinical_event/event_year=2023/event_month=12/part-00016-61d4a556-95f4-4ac0-b6fd-e2c69dd26151.c000.snappy.parquet: com.amazonaws.services.s3.model.AmazonS3Exception: You did not provide the number of bytes specified by the Content-Length HTTP header. (Service: Amazon S3; Status Code: 400; Error Code: IncompleteBody; Request ID: 18B5E66EE7BE18CE; S3 Extended Request ID: dd9025bab4ad464b049177c95eb6ebf374d3b3fd1af9251148b658df7ac2e3e8; Proxy: null), S3 Extended Request ID: dd9025bab4ad464b049177c95eb6ebf374d3b3fd1af9251148b658df7ac2e3e8:IncompleteBody: You did not provide the number of bytes specified by the Content-Length HTTP header. (Service: Amazon S3; Status Code: 400; Error Code: IncompleteBody; Request ID: 18B5E66EE7BE18CE; S3 Extended Request ID: dd9025bab4ad464b049177c95eb6ebf374d3b3fd1af9251148b658df7ac2e3e8; Proxy: null)
	at org.apache.hadoop.fs.s3a.S3AUtils.translateException(S3AUtils.java:249)
	at org.apache.hadoop.fs.s3a.Invoker.once(Invoker.java:119)
	at org.apache.hadoop.fs.s3a.Invoker.lambda$retry$4(Invoker.java:322)
	at org.apache.hadoop.fs.s3a.Invoker.retryUntranslated(Invoker.java:414)
	at org.apache.hadoop.fs.s3a.Invoker.retry(Invoker.java:318)
	at org.apache.hadoop.fs.s3a.Invoker.retry(Invoker.java:293)
	at org.apache.hadoop.fs.s3a.WriteOperationHelper.retry(WriteOperationHelper.java:208)
	at org.apache.hadoop.fs.s3a.WriteOperationHelper.putObject(WriteOperationHelper.java:563)
	at org.apache.hadoop.fs.s3a.S3ABlockOutputStream.lambda$putObject$0(S3ABlockOutputStream.java:562)
	at org.apache.hadoop.thirdparty.com.google.common.util.concurrent.TrustedListenableFutureTask$TrustedFutureInterruptibleTask.runInterruptibly(TrustedListenableFutureTask.java:125)
	at org.apache.hadoop.thirdparty.com.google.common.util.concurrent.InterruptibleTask.run(InterruptibleTask.java:69)
	at org.apache.hadoop.thirdparty.com.google.common.util.concurrent.TrustedListenableFutureTask.run(TrustedListenableFutureTask.java:78)
	at org.apache.hadoop.util.SemaphoredDelegatingExecutor$RunnableWithPermitRelease.run(SemaphoredDelegatingExecutor.java:196)
	at org.apache.hadoop.util.SemaphoredDelegatingExecutor$RunnableWithPermitRelease.run(SemaphoredDelegatingExecutor.java:196)
	at java.base/java.util.concurrent.ThreadPoolExecutor.runWorker(Unknown Source)
	at java.base/java.util.concurrent.ThreadPoolExecutor$Worker.run(Unknown Source)
	at java.base/java.lang.Thread.run(Unknown Source)
Caused by: com.amazonaws.services.s3.model.AmazonS3Exception: You did not provide the number of bytes specified by the Content-Length HTTP header. (Service: Amazon S3; Status Code: 400; Error Code: IncompleteBody; Request ID: 18B5E66EE7BE18CE; S3 Extended Request ID: dd9025bab4ad464b049177c95eb6ebf374d3b3fd1af9251148b658df7ac2e3e8; Proxy: null), S3 Extended Request ID: dd9025bab4ad464b049177c95eb6ebf374d3b3fd1af9251148b658df7ac2e3e8
	at com.amazonaws.http.AmazonHttpClient$RequestExecutor.handleErrorResponse(AmazonHttpClient.java:1879)
	at com.amazonaws.http.AmazonHttpClient$RequestExecutor.handleServiceErrorResponse(AmazonHttpClient.java:1418)
	at com.amazonaws.http.AmazonHttpClient$RequestExecutor.executeOneRequest(AmazonHttpClient.java:1387)
	at com.amazonaws.http.AmazonHttpClient$RequestExecutor.executeHelper(AmazonHttpClient.java:1157)
	at com.amazonaws.http.AmazonHttpClient$RequestExecutor.doExecute(AmazonHttpClient.java:814)
	at com.amazonaws.http.AmazonHttpClient$RequestExecutor.executeWithTimer(AmazonHttpClient.java:781)
	at com.amazonaws.http.AmazonHttpClient$RequestExecutor.execute(AmazonHttpClient.java:755)
	at com.amazonaws.http.AmazonHttpClient$RequestExecutor.access$500(AmazonHttpClient.java:715)
	at com.amazonaws.http.AmazonHttpClient$RequestExecutionBuilderImpl.execute(AmazonHttpClient.java:697)
	at com.amazonaws.http.AmazonHttpClient.execute(AmazonHttpClient.java:561)
	at com.amazonaws.http.AmazonHttpClient.execute(AmazonHttpClient.java:541)
	at com.amazonaws.services.s3.AmazonS3Client.invoke(AmazonS3Client.java:5456)
	at com.amazonaws.services.s3.AmazonS3Client.invoke(AmazonS3Client.java:5403)
	at com.amazonaws.services.s3.AmazonS3Client.access$300(AmazonS3Client.java:421)
	at com.amazonaws.services.s3.AmazonS3Client$PutObjectStrategy.invokeServiceCall(AmazonS3Client.java:6531)
	at com.amazonaws.services.s3.AmazonS3Client.uploadObject(AmazonS3Client.java:1861)
	at com.amazonaws.services.s3.AmazonS3Client.putObject(AmazonS3Client.java:1821)
	at org.apache.hadoop.fs.s3a.S3AFileSystem.lambda$putObjectDirect$17(S3AFileSystem.java:2877)
	at org.apache.hadoop.fs.statistics.impl.IOStatisticsBinding.trackDurationOfSupplier(IOStatisticsBinding.java:604)
	at org.apache.hadoop.fs.s3a.S3AFileSystem.putObjectDirect(S3AFileSystem.java:2874)
	at org.apache.hadoop.fs.s3a.WriteOperationHelper.lambda$putObject$7(WriteOperationHelper.java:566)
	at org.apache.hadoop.fs.store.audit.AuditingFunctions.lambda$withinAuditSpan$0(AuditingFunctions.java:62)
	at org.apache.hadoop.fs.s3a.Invoker.once(Invoker.java:117)
	... 15 more
26/06/04 14:17:03 ERROR DeltaFileFormatWriter: Job job_20260604141539386109008541081271_0164 aborted.
26/06/04 14:17:03 ERROR Utils: Aborting task
org.apache.hadoop.fs.s3a.AWSBadRequestException: Writing Object on topics/fact_clinical_event/event_year=2023/event_month=9/part-00010-5d4347b7-758f-4fb7-9866-03b5428fe532.c000.snappy.parquet: com.amazonaws.services.s3.model.AmazonS3Exception: You did not provide the number of bytes specified by the Content-Length HTTP header. (Service: Amazon S3; Status Code: 400; Error Code: IncompleteBody; Request ID: 18B5E66E6BE03125; S3 Extended Request ID: dd9025bab4ad464b049177c95eb6ebf374d3b3fd1af9251148b658df7ac2e3e8; Proxy: null), S3 Extended Request ID: dd9025bab4ad464b049177c95eb6ebf374d3b3fd1af9251148b658df7ac2e3e8:IncompleteBody: You did not provide the number of bytes specified by the Content-Length HTTP header. (Service: Amazon S3; Status Code: 400; Error Code: IncompleteBody; Request ID: 18B5E66E6BE03125; S3 Extended Request ID: dd9025bab4ad464b049177c95eb6ebf374d3b3fd1af9251148b658df7ac2e3e8; Proxy: null)
	at org.apache.hadoop.fs.s3a.S3AUtils.translateException(S3AUtils.java:249)
	at org.apache.hadoop.fs.s3a.Invoker.once(Invoker.java:119)
	at org.apache.hadoop.fs.s3a.Invoker.lambda$retry$4(Invoker.java:322)
	at org.apache.hadoop.fs.s3a.Invoker.retryUntranslated(Invoker.java:414)
	at org.apache.hadoop.fs.s3a.Invoker.retry(Invoker.java:318)
	at org.apache.hadoop.fs.s3a.Invoker.retry(Invoker.java:293)
	at org.apache.hadoop.fs.s3a.WriteOperationHelper.retry(WriteOperationHelper.java:208)
	at org.apache.hadoop.fs.s3a.WriteOperationHelper.putObject(WriteOperationHelper.java:563)
	at org.apache.hadoop.fs.s3a.S3ABlockOutputStream.lambda$putObject$0(S3ABlockOutputStream.java:562)
	at org.apache.hadoop.thirdparty.com.google.common.util.concurrent.TrustedListenableFutureTask$TrustedFutureInterruptibleTask.runInterruptibly(TrustedListenableFutureTask.java:125)
	at org.apache.hadoop.thirdparty.com.google.common.util.concurrent.InterruptibleTask.run(InterruptibleTask.java:69)
	at org.apache.hadoop.thirdparty.com.google.common.util.concurrent.TrustedListenableFutureTask.run(TrustedListenableFutureTask.java:78)
	at org.apache.hadoop.util.SemaphoredDelegatingExecutor$RunnableWithPermitRelease.run(SemaphoredDelegatingExecutor.java:196)
	at org.apache.hadoop.util.SemaphoredDelegatingExecutor$RunnableWithPermitRelease.run(SemaphoredDelegatingExecutor.java:196)
	at java.base/java.util.concurrent.ThreadPoolExecutor.runWorker(Unknown Source)
	at java.base/java.util.concurrent.ThreadPoolExecutor$Worker.run(Unknown Source)
	at java.base/java.lang.Thread.run(Unknown Source)
Caused by: com.amazonaws.services.s3.model.AmazonS3Exception: You did not provide the number of bytes specified by the Content-Length HTTP header. (Service: Amazon S3; Status Code: 400; Error Code: IncompleteBody; Request ID: 18B5E66E6BE03125; S3 Extended Request ID: dd9025bab4ad464b049177c95eb6ebf374d3b3fd1af9251148b658df7ac2e3e8; Proxy: null), S3 Extended Request ID: dd9025bab4ad464b049177c95eb6ebf374d3b3fd1af9251148b658df7ac2e3e8
	at com.amazonaws.http.AmazonHttpClient$RequestExecutor.handleErrorResponse(AmazonHttpClient.java:1879)
	at com.amazonaws.http.AmazonHttpClient$RequestExecutor.handleServiceErrorResponse(AmazonHttpClient.java:1418)
	at com.amazonaws.http.AmazonHttpClient$RequestExecutor.executeOneRequest(AmazonHttpClient.java:1387)
	at com.amazonaws.http.AmazonHttpClient$RequestExecutor.executeHelper(AmazonHttpClient.java:1157)
	at com.amazonaws.http.AmazonHttpClient$RequestExecutor.doExecute(AmazonHttpClient.java:814)
	at com.amazonaws.http.AmazonHttpClient$RequestExecutor.executeWithTimer(AmazonHttpClient.java:781)
	at com.amazonaws.http.AmazonHttpClient$RequestExecutor.execute(AmazonHttpClient.java:755)
	at com.amazonaws.http.AmazonHttpClient$RequestExecutor.access$500(AmazonHttpClient.java:715)
	at com.amazonaws.http.AmazonHttpClient$RequestExecutionBuilderImpl.execute(AmazonHttpClient.java:697)
	at com.amazonaws.http.AmazonHttpClient.execute(AmazonHttpClient.java:561)
	at com.amazonaws.http.AmazonHttpClient.execute(AmazonHttpClient.java:541)
	at com.amazonaws.services.s3.AmazonS3Client.invoke(AmazonS3Client.java:5456)
	at com.amazonaws.services.s3.AmazonS3Client.invoke(AmazonS3Client.java:5403)
	at com.amazonaws.services.s3.AmazonS3Client.access$300(AmazonS3Client.java:421)
	at com.amazonaws.services.s3.AmazonS3Client$PutObjectStrategy.invokeServiceCall(AmazonS3Client.java:6531)
	at com.amazonaws.services.s3.AmazonS3Client.uploadObject(AmazonS3Client.java:1861)
	at com.amazonaws.services.s3.AmazonS3Client.putObject(AmazonS3Client.java:1821)
	at org.apache.hadoop.fs.s3a.S3AFileSystem.lambda$putObjectDirect$17(S3AFileSystem.java:2877)
	at org.apache.hadoop.fs.statistics.impl.IOStatisticsBinding.trackDurationOfSupplier(IOStatisticsBinding.java:604)
	at org.apache.hadoop.fs.s3a.S3AFileSystem.putObjectDirect(S3AFileSystem.java:2874)
	at org.apache.hadoop.fs.s3a.WriteOperationHelper.lambda$putObject$7(WriteOperationHelper.java:566)
	at org.apache.hadoop.fs.store.audit.AuditingFunctions.lambda$withinAuditSpan$0(AuditingFunctions.java:62)
	at org.apache.hadoop.fs.s3a.Invoker.once(Invoker.java:117)
	... 15 more
26/06/04 14:17:03 ERROR DeltaFileFormatWriter: Job job_20260604141539386109008541081271_0164 aborted.
26/06/04 14:17:04 ERROR Executor: Exception in task 16.0 in stage 164.0 (TID 2228)
org.apache.spark.SparkException: [TASK_WRITE_FAILED] Task failed while writing rows to s3a://lakehouse/topics/fact_clinical_event.
	at org.apache.spark.sql.errors.QueryExecutionErrors$.taskFailedWhileWritingRowsError(QueryExecutionErrors.scala:775)
	at org.apache.spark.sql.delta.files.DeltaFileFormatWriter$.executeTask(DeltaFileFormatWriter.scala:467)
	at org.apache.spark.sql.delta.files.DeltaFileFormatWriter$.$anonfun$executeWrite$3(DeltaFileFormatWriter.scala:279)
	at org.apache.spark.scheduler.ResultTask.runTask(ResultTask.scala:93)
	at org.apache.spark.TaskContext.runTaskWithListeners(TaskContext.scala:166)
	at org.apache.spark.scheduler.Task.run(Task.scala:141)
	at org.apache.spark.executor.Executor$TaskRunner.$anonfun$run$4(Executor.scala:621)
	at org.apache.spark.util.SparkErrorUtils.tryWithSafeFinally(SparkErrorUtils.scala:64)
	at org.apache.spark.util.SparkErrorUtils.tryWithSafeFinally$(SparkErrorUtils.scala:61)
	at org.apache.spark.util.Utils$.tryWithSafeFinally(Utils.scala:94)
	at org.apache.spark.executor.Executor$TaskRunner.run(Executor.scala:624)
	at java.base/java.util.concurrent.ThreadPoolExecutor.runWorker(Unknown Source)
	at java.base/java.util.concurrent.ThreadPoolExecutor$Worker.run(Unknown Source)
	at java.base/java.lang.Thread.run(Unknown Source)
Caused by: org.apache.hadoop.fs.s3a.AWSBadRequestException: Writing Object on topics/fact_clinical_event/event_year=2023/event_month=12/part-00016-61d4a556-95f4-4ac0-b6fd-e2c69dd26151.c000.snappy.parquet: com.amazonaws.services.s3.model.AmazonS3Exception: You did not provide the number of bytes specified by the Content-Length HTTP header. (Service: Amazon S3; Status Code: 400; Error Code: IncompleteBody; Request ID: 18B5E66EE7BE18CE; S3 Extended Request ID: dd9025bab4ad464b049177c95eb6ebf374d3b3fd1af9251148b658df7ac2e3e8; Proxy: null), S3 Extended Request ID: dd9025bab4ad464b049177c95eb6ebf374d3b3fd1af9251148b658df7ac2e3e8:IncompleteBody: You did not provide the number of bytes specified by the Content-Length HTTP header. (Service: Amazon S3; Status Code: 400; Error Code: IncompleteBody; Request ID: 18B5E66EE7BE18CE; S3 Extended Request ID: dd9025bab4ad464b049177c95eb6ebf374d3b3fd1af9251148b658df7ac2e3e8; Proxy: null)
	at org.apache.hadoop.fs.s3a.S3AUtils.translateException(S3AUtils.java:249)
	at org.apache.hadoop.fs.s3a.Invoker.once(Invoker.java:119)
	at org.apache.hadoop.fs.s3a.Invoker.lambda$retry$4(Invoker.java:322)
	at org.apache.hadoop.fs.s3a.Invoker.retryUntranslated(Invoker.java:414)
	at org.apache.hadoop.fs.s3a.Invoker.retry(Invoker.java:318)
	at org.apache.hadoop.fs.s3a.Invoker.retry(Invoker.java:293)
	at org.apache.hadoop.fs.s3a.WriteOperationHelper.retry(WriteOperationHelper.java:208)
	at org.apache.hadoop.fs.s3a.WriteOperationHelper.putObject(WriteOperationHelper.java:563)
	at org.apache.hadoop.fs.s3a.S3ABlockOutputStream.lambda$putObject$0(S3ABlockOutputStream.java:562)
	at org.apache.hadoop.thirdparty.com.google.common.util.concurrent.TrustedListenableFutureTask$TrustedFutureInterruptibleTask.runInterruptibly(TrustedListenableFutureTask.java:125)
	at org.apache.hadoop.thirdparty.com.google.common.util.concurrent.InterruptibleTask.run(InterruptibleTask.java:69)
	at org.apache.hadoop.thirdparty.com.google.common.util.concurrent.TrustedListenableFutureTask.run(TrustedListenableFutureTask.java:78)
	at org.apache.hadoop.util.SemaphoredDelegatingExecutor$RunnableWithPermitRelease.run(SemaphoredDelegatingExecutor.java:196)
	at org.apache.hadoop.util.SemaphoredDelegatingExecutor$RunnableWithPermitRelease.run(SemaphoredDelegatingExecutor.java:196)
	... 3 more
Caused by: com.amazonaws.services.s3.model.AmazonS3Exception: You did not provide the number of bytes specified by the Content-Length HTTP header. (Service: Amazon S3; Status Code: 400; Error Code: IncompleteBody; Request ID: 18B5E66EE7BE18CE; S3 Extended Request ID: dd9025bab4ad464b049177c95eb6ebf374d3b3fd1af9251148b658df7ac2e3e8; Proxy: null), S3 Extended Request ID: dd9025bab4ad464b049177c95eb6ebf374d3b3fd1af9251148b658df7ac2e3e8
	at com.amazonaws.http.AmazonHttpClient$RequestExecutor.handleErrorResponse(AmazonHttpClient.java:1879)
	at com.amazonaws.http.AmazonHttpClient$RequestExecutor.handleServiceErrorResponse(AmazonHttpClient.java:1418)
	at com.amazonaws.http.AmazonHttpClient$RequestExecutor.executeOneRequest(AmazonHttpClient.java:1387)
	at com.amazonaws.http.AmazonHttpClient$RequestExecutor.executeHelper(AmazonHttpClient.java:1157)
	at com.amazonaws.http.AmazonHttpClient$RequestExecutor.doExecute(AmazonHttpClient.java:814)
	at com.amazonaws.http.AmazonHttpClient$RequestExecutor.executeWithTimer(AmazonHttpClient.java:781)
	at com.amazonaws.http.AmazonHttpClient$RequestExecutor.execute(AmazonHttpClient.java:755)
	at com.amazonaws.http.AmazonHttpClient$RequestExecutor.access$500(AmazonHttpClient.java:715)
	at com.amazonaws.http.AmazonHttpClient$RequestExecutionBuilderImpl.execute(AmazonHttpClient.java:697)
	at com.amazonaws.http.AmazonHttpClient.execute(AmazonHttpClient.java:561)
	at com.amazonaws.http.AmazonHttpClient.execute(AmazonHttpClient.java:541)
	at com.amazonaws.services.s3.AmazonS3Client.invoke(AmazonS3Client.java:5456)
	at com.amazonaws.services.s3.AmazonS3Client.invoke(AmazonS3Client.java:5403)
	at com.amazonaws.services.s3.AmazonS3Client.access$300(AmazonS3Client.java:421)
	at com.amazonaws.services.s3.AmazonS3Client$PutObjectStrategy.invokeServiceCall(AmazonS3Client.java:6531)
	at com.amazonaws.services.s3.AmazonS3Client.uploadObject(AmazonS3Client.java:1861)
	at com.amazonaws.services.s3.AmazonS3Client.putObject(AmazonS3Client.java:1821)
	at org.apache.hadoop.fs.s3a.S3AFileSystem.lambda$putObjectDirect$17(S3AFileSystem.java:2877)
	at org.apache.hadoop.fs.statistics.impl.IOStatisticsBinding.trackDurationOfSupplier(IOStatisticsBinding.java:604)
	at org.apache.hadoop.fs.s3a.S3AFileSystem.putObjectDirect(S3AFileSystem.java:2874)
	at org.apache.hadoop.fs.s3a.WriteOperationHelper.lambda$putObject$7(WriteOperationHelper.java:566)
	at org.apache.hadoop.fs.store.audit.AuditingFunctions.lambda$withinAuditSpan$0(AuditingFunctions.java:62)
	at org.apache.hadoop.fs.s3a.Invoker.once(Invoker.java:117)
	... 15 more
26/06/04 14:17:04 ERROR Executor: Exception in task 10.0 in stage 164.0 (TID 2222)
org.apache.spark.SparkException: [TASK_WRITE_FAILED] Task failed while writing rows to s3a://lakehouse/topics/fact_clinical_event.
	at org.apache.spark.sql.errors.QueryExecutionErrors$.taskFailedWhileWritingRowsError(QueryExecutionErrors.scala:775)
	at org.apache.spark.sql.delta.files.DeltaFileFormatWriter$.executeTask(DeltaFileFormatWriter.scala:467)
	at org.apache.spark.sql.delta.files.DeltaFileFormatWriter$.$anonfun$executeWrite$3(DeltaFileFormatWriter.scala:279)
	at org.apache.spark.scheduler.ResultTask.runTask(ResultTask.scala:93)
	at org.apache.spark.TaskContext.runTaskWithListeners(TaskContext.scala:166)
	at org.apache.spark.scheduler.Task.run(Task.scala:141)
	at org.apache.spark.executor.Executor$TaskRunner.$anonfun$run$4(Executor.scala:621)
	at org.apache.spark.util.SparkErrorUtils.tryWithSafeFinally(SparkErrorUtils.scala:64)
	at org.apache.spark.util.SparkErrorUtils.tryWithSafeFinally$(SparkErrorUtils.scala:61)
	at org.apache.spark.util.Utils$.tryWithSafeFinally(Utils.scala:94)
	at org.apache.spark.executor.Executor$TaskRunner.run(Executor.scala:624)
	at java.base/java.util.concurrent.ThreadPoolExecutor.runWorker(Unknown Source)
	at java.base/java.util.concurrent.ThreadPoolExecutor$Worker.run(Unknown Source)
	at java.base/java.lang.Thread.run(Unknown Source)
Caused by: org.apache.hadoop.fs.s3a.AWSBadRequestException: Writing Object on topics/fact_clinical_event/event_year=2023/event_month=9/part-00010-5d4347b7-758f-4fb7-9866-03b5428fe532.c000.snappy.parquet: com.amazonaws.services.s3.model.AmazonS3Exception: You did not provide the number of bytes specified by the Content-Length HTTP header. (Service: Amazon S3; Status Code: 400; Error Code: IncompleteBody; Request ID: 18B5E66E6BE03125; S3 Extended Request ID: dd9025bab4ad464b049177c95eb6ebf374d3b3fd1af9251148b658df7ac2e3e8; Proxy: null), S3 Extended Request ID: dd9025bab4ad464b049177c95eb6ebf374d3b3fd1af9251148b658df7ac2e3e8:IncompleteBody: You did not provide the number of bytes specified by the Content-Length HTTP header. (Service: Amazon S3; Status Code: 400; Error Code: IncompleteBody; Request ID: 18B5E66E6BE03125; S3 Extended Request ID: dd9025bab4ad464b049177c95eb6ebf374d3b3fd1af9251148b658df7ac2e3e8; Proxy: null)
	at org.apache.hadoop.fs.s3a.S3AUtils.translateException(S3AUtils.java:249)
	at org.apache.hadoop.fs.s3a.Invoker.once(Invoker.java:119)
	at org.apache.hadoop.fs.s3a.Invoker.lambda$retry$4(Invoker.java:322)
	at org.apache.hadoop.fs.s3a.Invoker.retryUntranslated(Invoker.java:414)
	at org.apache.hadoop.fs.s3a.Invoker.retry(Invoker.java:318)
	at org.apache.hadoop.fs.s3a.Invoker.retry(Invoker.java:293)
	at org.apache.hadoop.fs.s3a.WriteOperationHelper.retry(WriteOperationHelper.java:208)
	at org.apache.hadoop.fs.s3a.WriteOperationHelper.putObject(WriteOperationHelper.java:563)
	at org.apache.hadoop.fs.s3a.S3ABlockOutputStream.lambda$putObject$0(S3ABlockOutputStream.java:562)
	at org.apache.hadoop.thirdparty.com.google.common.util.concurrent.TrustedListenableFutureTask$TrustedFutureInterruptibleTask.runInterruptibly(TrustedListenableFutureTask.java:125)
	at org.apache.hadoop.thirdparty.com.google.common.util.concurrent.InterruptibleTask.run(InterruptibleTask.java:69)
	at org.apache.hadoop.thirdparty.com.google.common.util.concurrent.TrustedListenableFutureTask.run(TrustedListenableFutureTask.java:78)
	at org.apache.hadoop.util.SemaphoredDelegatingExecutor$RunnableWithPermitRelease.run(SemaphoredDelegatingExecutor.java:196)
	at org.apache.hadoop.util.SemaphoredDelegatingExecutor$RunnableWithPermitRelease.run(SemaphoredDelegatingExecutor.java:196)
	... 3 more
Caused by: com.amazonaws.services.s3.model.AmazonS3Exception: You did not provide the number of bytes specified by the Content-Length HTTP header. (Service: Amazon S3; Status Code: 400; Error Code: IncompleteBody; Request ID: 18B5E66E6BE03125; S3 Extended Request ID: dd9025bab4ad464b049177c95eb6ebf374d3b3fd1af9251148b658df7ac2e3e8; Proxy: null), S3 Extended Request ID: dd9025bab4ad464b049177c95eb6ebf374d3b3fd1af9251148b658df7ac2e3e8
	at com.amazonaws.http.AmazonHttpClient$RequestExecutor.handleErrorResponse(AmazonHttpClient.java:1879)
	at com.amazonaws.http.AmazonHttpClient$RequestExecutor.handleServiceErrorResponse(AmazonHttpClient.java:1418)
	at com.amazonaws.http.AmazonHttpClient$RequestExecutor.executeOneRequest(AmazonHttpClient.java:1387)
	at com.amazonaws.http.AmazonHttpClient$RequestExecutor.executeHelper(AmazonHttpClient.java:1157)
	at com.amazonaws.http.AmazonHttpClient$RequestExecutor.doExecute(AmazonHttpClient.java:814)
	at com.amazonaws.http.AmazonHttpClient$RequestExecutor.executeWithTimer(AmazonHttpClient.java:781)
	at com.amazonaws.http.AmazonHttpClient$RequestExecutor.execute(AmazonHttpClient.java:755)
	at com.amazonaws.http.AmazonHttpClient$RequestExecutor.access$500(AmazonHttpClient.java:715)
	at com.amazonaws.http.AmazonHttpClient$RequestExecutionBuilderImpl.execute(AmazonHttpClient.java:697)
	at com.amazonaws.http.AmazonHttpClient.execute(AmazonHttpClient.java:561)
	at com.amazonaws.http.AmazonHttpClient.execute(AmazonHttpClient.java:541)
	at com.amazonaws.services.s3.AmazonS3Client.invoke(AmazonS3Client.java:5456)
	at com.amazonaws.services.s3.AmazonS3Client.invoke(AmazonS3Client.java:5403)
	at com.amazonaws.services.s3.AmazonS3Client.access$300(AmazonS3Client.java:421)
	at com.amazonaws.services.s3.AmazonS3Client$PutObjectStrategy.invokeServiceCall(AmazonS3Client.java:6531)
	at com.amazonaws.services.s3.AmazonS3Client.uploadObject(AmazonS3Client.java:1861)
	at com.amazonaws.services.s3.AmazonS3Client.putObject(AmazonS3Client.java:1821)
	at org.apache.hadoop.fs.s3a.S3AFileSystem.lambda$putObjectDirect$17(S3AFileSystem.java:2877)
	at org.apache.hadoop.fs.statistics.impl.IOStatisticsBinding.trackDurationOfSupplier(IOStatisticsBinding.java:604)
	at org.apache.hadoop.fs.s3a.S3AFileSystem.putObjectDirect(S3AFileSystem.java:2874)
	at org.apache.hadoop.fs.s3a.WriteOperationHelper.lambda$putObject$7(WriteOperationHelper.java:566)
	at org.apache.hadoop.fs.store.audit.AuditingFunctions.lambda$withinAuditSpan$0(AuditingFunctions.java:62)
	at org.apache.hadoop.fs.s3a.Invoker.once(Invoker.java:117)
	... 15 more
26/06/04 14:17:04 WARN TaskSetManager: Lost task 16.0 in stage 164.0 (TID 2228) (host.containers.internal executor driver): org.apache.spark.SparkException: [TASK_WRITE_FAILED] Task failed while writing rows to s3a://lakehouse/topics/fact_clinical_event.
	at org.apache.spark.sql.errors.QueryExecutionErrors$.taskFailedWhileWritingRowsError(QueryExecutionErrors.scala:775)
	at org.apache.spark.sql.delta.files.DeltaFileFormatWriter$.executeTask(DeltaFileFormatWriter.scala:467)
	at org.apache.spark.sql.delta.files.DeltaFileFormatWriter$.$anonfun$executeWrite$3(DeltaFileFormatWriter.scala:279)
	at org.apache.spark.scheduler.ResultTask.runTask(ResultTask.scala:93)
	at org.apache.spark.TaskContext.runTaskWithListeners(TaskContext.scala:166)
	at org.apache.spark.scheduler.Task.run(Task.scala:141)
	at org.apache.spark.executor.Executor$TaskRunner.$anonfun$run$4(Executor.scala:621)
	at org.apache.spark.util.SparkErrorUtils.tryWithSafeFinally(SparkErrorUtils.scala:64)
	at org.apache.spark.util.SparkErrorUtils.tryWithSafeFinally$(SparkErrorUtils.scala:61)
	at org.apache.spark.util.Utils$.tryWithSafeFinally(Utils.scala:94)
	at org.apache.spark.executor.Executor$TaskRunner.run(Executor.scala:624)
	at java.base/java.util.concurrent.ThreadPoolExecutor.runWorker(Unknown Source)
	at java.base/java.util.concurrent.ThreadPoolExecutor$Worker.run(Unknown Source)
	at java.base/java.lang.Thread.run(Unknown Source)
Caused by: org.apache.hadoop.fs.s3a.AWSBadRequestException: Writing Object on topics/fact_clinical_event/event_year=2023/event_month=12/part-00016-61d4a556-95f4-4ac0-b6fd-e2c69dd26151.c000.snappy.parquet: com.amazonaws.services.s3.model.AmazonS3Exception: You did not provide the number of bytes specified by the Content-Length HTTP header. (Service: Amazon S3; Status Code: 400; Error Code: IncompleteBody; Request ID: 18B5E66EE7BE18CE; S3 Extended Request ID: dd9025bab4ad464b049177c95eb6ebf374d3b3fd1af9251148b658df7ac2e3e8; Proxy: null), S3 Extended Request ID: dd9025bab4ad464b049177c95eb6ebf374d3b3fd1af9251148b658df7ac2e3e8:IncompleteBody: You did not provide the number of bytes specified by the Content-Length HTTP header. (Service: Amazon S3; Status Code: 400; Error Code: IncompleteBody; Request ID: 18B5E66EE7BE18CE; S3 Extended Request ID: dd9025bab4ad464b049177c95eb6ebf374d3b3fd1af9251148b658df7ac2e3e8; Proxy: null)
	at org.apache.hadoop.fs.s3a.S3AUtils.translateException(S3AUtils.java:249)
	at org.apache.hadoop.fs.s3a.Invoker.once(Invoker.java:119)
	at org.apache.hadoop.fs.s3a.Invoker.lambda$retry$4(Invoker.java:322)
	at org.apache.hadoop.fs.s3a.Invoker.retryUntranslated(Invoker.java:414)
	at org.apache.hadoop.fs.s3a.Invoker.retry(Invoker.java:318)
	at org.apache.hadoop.fs.s3a.Invoker.retry(Invoker.java:293)
	at org.apache.hadoop.fs.s3a.WriteOperationHelper.retry(WriteOperationHelper.java:208)
	at org.apache.hadoop.fs.s3a.WriteOperationHelper.putObject(WriteOperationHelper.java:563)
	at org.apache.hadoop.fs.s3a.S3ABlockOutputStream.lambda$putObject$0(S3ABlockOutputStream.java:562)
	at org.apache.hadoop.thirdparty.com.google.common.util.concurrent.TrustedListenableFutureTask$TrustedFutureInterruptibleTask.runInterruptibly(TrustedListenableFutureTask.java:125)
	at org.apache.hadoop.thirdparty.com.google.common.util.concurrent.InterruptibleTask.run(InterruptibleTask.java:69)
	at org.apache.hadoop.thirdparty.com.google.common.util.concurrent.TrustedListenableFutureTask.run(TrustedListenableFutureTask.java:78)
	at org.apache.hadoop.util.SemaphoredDelegatingExecutor$RunnableWithPermitRelease.run(SemaphoredDelegatingExecutor.java:196)
	at org.apache.hadoop.util.SemaphoredDelegatingExecutor$RunnableWithPermitRelease.run(SemaphoredDelegatingExecutor.java:196)
	... 3 more
Caused by: com.amazonaws.services.s3.model.AmazonS3Exception: You did not provide the number of bytes specified by the Content-Length HTTP header. (Service: Amazon S3; Status Code: 400; Error Code: IncompleteBody; Request ID: 18B5E66EE7BE18CE; S3 Extended Request ID: dd9025bab4ad464b049177c95eb6ebf374d3b3fd1af9251148b658df7ac2e3e8; Proxy: null), S3 Extended Request ID: dd9025bab4ad464b049177c95eb6ebf374d3b3fd1af9251148b658df7ac2e3e8
	at com.amazonaws.http.AmazonHttpClient$RequestExecutor.handleErrorResponse(AmazonHttpClient.java:1879)
	at com.amazonaws.http.AmazonHttpClient$RequestExecutor.handleServiceErrorResponse(AmazonHttpClient.java:1418)
	at com.amazonaws.http.AmazonHttpClient$RequestExecutor.executeOneRequest(AmazonHttpClient.java:1387)
	at com.amazonaws.http.AmazonHttpClient$RequestExecutor.executeHelper(AmazonHttpClient.java:1157)
	at com.amazonaws.http.AmazonHttpClient$RequestExecutor.doExecute(AmazonHttpClient.java:814)
	at com.amazonaws.http.AmazonHttpClient$RequestExecutor.executeWithTimer(AmazonHttpClient.java:781)
	at com.amazonaws.http.AmazonHttpClient$RequestExecutor.execute(AmazonHttpClient.java:755)
	at com.amazonaws.http.AmazonHttpClient$RequestExecutor.access$500(AmazonHttpClient.java:715)
	at com.amazonaws.http.AmazonHttpClient$RequestExecutionBuilderImpl.execute(AmazonHttpClient.java:697)
	at com.amazonaws.http.AmazonHttpClient.execute(AmazonHttpClient.java:561)
	at com.amazonaws.http.AmazonHttpClient.execute(AmazonHttpClient.java:541)
	at com.amazonaws.services.s3.AmazonS3Client.invoke(AmazonS3Client.java:5456)
	at com.amazonaws.services.s3.AmazonS3Client.invoke(AmazonS3Client.java:5403)
	at com.amazonaws.services.s3.AmazonS3Client.access$300(AmazonS3Client.java:421)
	at com.amazonaws.services.s3.AmazonS3Client$PutObjectStrategy.invokeServiceCall(AmazonS3Client.java:6531)
	at com.amazonaws.services.s3.AmazonS3Client.uploadObject(AmazonS3Client.java:1861)
	at com.amazonaws.services.s3.AmazonS3Client.putObject(AmazonS3Client.java:1821)
	at org.apache.hadoop.fs.s3a.S3AFileSystem.lambda$putObjectDirect$17(S3AFileSystem.java:2877)
	at org.apache.hadoop.fs.statistics.impl.IOStatisticsBinding.trackDurationOfSupplier(IOStatisticsBinding.java:604)
	at org.apache.hadoop.fs.s3a.S3AFileSystem.putObjectDirect(S3AFileSystem.java:2874)
	at org.apache.hadoop.fs.s3a.WriteOperationHelper.lambda$putObject$7(WriteOperationHelper.java:566)
	at org.apache.hadoop.fs.store.audit.AuditingFunctions.lambda$withinAuditSpan$0(AuditingFunctions.java:62)
	at org.apache.hadoop.fs.s3a.Invoker.once(Invoker.java:117)
	... 15 more

26/06/04 14:17:04 ERROR TaskSetManager: Task 16 in stage 164.0 failed 1 times; aborting job
26/06/04 14:17:04 ERROR DeltaFileFormatWriter: Aborting job 15610039-45a6-482e-a49d-6975cc9fe892
org.apache.spark.SparkException: Job aborted due to stage failure: Task 16 in stage 164.0 failed 1 times, most recent failure: Lost task 16.0 in stage 164.0 (TID 2228) (host.containers.internal executor driver): org.apache.spark.SparkException: [TASK_WRITE_FAILED] Task failed while writing rows to s3a://lakehouse/topics/fact_clinical_event.
	at org.apache.spark.sql.errors.QueryExecutionErrors$.taskFailedWhileWritingRowsError(QueryExecutionErrors.scala:775)
	at org.apache.spark.sql.delta.files.DeltaFileFormatWriter$.executeTask(DeltaFileFormatWriter.scala:467)
	at org.apache.spark.sql.delta.files.DeltaFileFormatWriter$.$anonfun$executeWrite$3(DeltaFileFormatWriter.scala:279)
	at org.apache.spark.scheduler.ResultTask.runTask(ResultTask.scala:93)
	at org.apache.spark.TaskContext.runTaskWithListeners(TaskContext.scala:166)
	at org.apache.spark.scheduler.Task.run(Task.scala:141)
	at org.apache.spark.executor.Executor$TaskRunner.$anonfun$run$4(Executor.scala:621)
	at org.apache.spark.util.SparkErrorUtils.tryWithSafeFinally(SparkErrorUtils.scala:64)
	at org.apache.spark.util.SparkErrorUtils.tryWithSafeFinally$(SparkErrorUtils.scala:61)
	at org.apache.spark.util.Utils$.tryWithSafeFinally(Utils.scala:94)
	at org.apache.spark.executor.Executor$TaskRunner.run(Executor.scala:624)
	at java.base/java.util.concurrent.ThreadPoolExecutor.runWorker(Unknown Source)
	at java.base/java.util.concurrent.ThreadPoolExecutor$Worker.run(Unknown Source)
	at java.base/java.lang.Thread.run(Unknown Source)
Caused by: org.apache.hadoop.fs.s3a.AWSBadRequestException: Writing Object on topics/fact_clinical_event/event_year=2023/event_month=12/part-00016-61d4a556-95f4-4ac0-b6fd-e2c69dd26151.c000.snappy.parquet: com.amazonaws.services.s3.model.AmazonS3Exception: You did not provide the number of bytes specified by the Content-Length HTTP header. (Service: Amazon S3; Status Code: 400; Error Code: IncompleteBody; Request ID: 18B5E66EE7BE18CE; S3 Extended Request ID: dd9025bab4ad464b049177c95eb6ebf374d3b3fd1af9251148b658df7ac2e3e8; Proxy: null), S3 Extended Request ID: dd9025bab4ad464b049177c95eb6ebf374d3b3fd1af9251148b658df7ac2e3e8:IncompleteBody: You did not provide the number of bytes specified by the Content-Length HTTP header. (Service: Amazon S3; Status Code: 400; Error Code: IncompleteBody; Request ID: 18B5E66EE7BE18CE; S3 Extended Request ID: dd9025bab4ad464b049177c95eb6ebf374d3b3fd1af9251148b658df7ac2e3e8; Proxy: null)
	at org.apache.hadoop.fs.s3a.S3AUtils.translateException(S3AUtils.java:249)
	at org.apache.hadoop.fs.s3a.Invoker.once(Invoker.java:119)
	at org.apache.hadoop.fs.s3a.Invoker.lambda$retry$4(Invoker.java:322)
	at org.apache.hadoop.fs.s3a.Invoker.retryUntranslated(Invoker.java:414)
	at org.apache.hadoop.fs.s3a.Invoker.retry(Invoker.java:318)
	at org.apache.hadoop.fs.s3a.Invoker.retry(Invoker.java:293)
	at org.apache.hadoop.fs.s3a.WriteOperationHelper.retry(WriteOperationHelper.java:208)
	at org.apache.hadoop.fs.s3a.WriteOperationHelper.putObject(WriteOperationHelper.java:563)
	at org.apache.hadoop.fs.s3a.S3ABlockOutputStream.lambda$putObject$0(S3ABlockOutputStream.java:562)
	at org.apache.hadoop.thirdparty.com.google.common.util.concurrent.TrustedListenableFutureTask$TrustedFutureInterruptibleTask.runInterruptibly(TrustedListenableFutureTask.java:125)
	at org.apache.hadoop.thirdparty.com.google.common.util.concurrent.InterruptibleTask.run(InterruptibleTask.java:69)
	at org.apache.hadoop.thirdparty.com.google.common.util.concurrent.TrustedListenableFutureTask.run(TrustedListenableFutureTask.java:78)
	at org.apache.hadoop.util.SemaphoredDelegatingExecutor$RunnableWithPermitRelease.run(SemaphoredDelegatingExecutor.java:196)
	at org.apache.hadoop.util.SemaphoredDelegatingExecutor$RunnableWithPermitRelease.run(SemaphoredDelegatingExecutor.java:196)
	... 3 more
Caused by: com.amazonaws.services.s3.model.AmazonS3Exception: You did not provide the number of bytes specified by the Content-Length HTTP header. (Service: Amazon S3; Status Code: 400; Error Code: IncompleteBody; Request ID: 18B5E66EE7BE18CE; S3 Extended Request ID: dd9025bab4ad464b049177c95eb6ebf374d3b3fd1af9251148b658df7ac2e3e8; Proxy: null), S3 Extended Request ID: dd9025bab4ad464b049177c95eb6ebf374d3b3fd1af9251148b658df7ac2e3e8
	at com.amazonaws.http.AmazonHttpClient$RequestExecutor.handleErrorResponse(AmazonHttpClient.java:1879)
	at com.amazonaws.http.AmazonHttpClient$RequestExecutor.handleServiceErrorResponse(AmazonHttpClient.java:1418)
	at com.amazonaws.http.AmazonHttpClient$RequestExecutor.executeOneRequest(AmazonHttpClient.java:1387)
	at com.amazonaws.http.AmazonHttpClient$RequestExecutor.executeHelper(AmazonHttpClient.java:1157)
	at com.amazonaws.http.AmazonHttpClient$RequestExecutor.doExecute(AmazonHttpClient.java:814)
	at com.amazonaws.http.AmazonHttpClient$RequestExecutor.executeWithTimer(AmazonHttpClient.java:781)
	at com.amazonaws.http.AmazonHttpClient$RequestExecutor.execute(AmazonHttpClient.java:755)
	at com.amazonaws.http.AmazonHttpClient$RequestExecutor.access$500(AmazonHttpClient.java:715)
	at com.amazonaws.http.AmazonHttpClient$RequestExecutionBuilderImpl.execute(AmazonHttpClient.java:697)
	at com.amazonaws.http.AmazonHttpClient.execute(AmazonHttpClient.java:561)
	at com.amazonaws.http.AmazonHttpClient.execute(AmazonHttpClient.java:541)
	at com.amazonaws.services.s3.AmazonS3Client.invoke(AmazonS3Client.java:5456)
	at com.amazonaws.services.s3.AmazonS3Client.invoke(AmazonS3Client.java:5403)
	at com.amazonaws.services.s3.AmazonS3Client.access$300(AmazonS3Client.java:421)
	at com.amazonaws.services.s3.AmazonS3Client$PutObjectStrategy.invokeServiceCall(AmazonS3Client.java:6531)
	at com.amazonaws.services.s3.AmazonS3Client.uploadObject(AmazonS3Client.java:1861)
	at com.amazonaws.services.s3.AmazonS3Client.putObject(AmazonS3Client.java:1821)
	at org.apache.hadoop.fs.s3a.S3AFileSystem.lambda$putObjectDirect$17(S3AFileSystem.java:2877)
	at org.apache.hadoop.fs.statistics.impl.IOStatisticsBinding.trackDurationOfSupplier(IOStatisticsBinding.java:604)
	at org.apache.hadoop.fs.s3a.S3AFileSystem.putObjectDirect(S3AFileSystem.java:2874)
	at org.apache.hadoop.fs.s3a.WriteOperationHelper.lambda$putObject$7(WriteOperationHelper.java:566)
	at org.apache.hadoop.fs.store.audit.AuditingFunctions.lambda$withinAuditSpan$0(AuditingFunctions.java:62)
	at org.apache.hadoop.fs.s3a.Invoker.once(Invoker.java:117)
	... 15 more

Driver stacktrace:
	at org.apache.spark.scheduler.DAGScheduler.failJobAndIndependentStages(DAGScheduler.scala:2898)
	at org.apache.spark.scheduler.DAGScheduler.$anonfun$abortStage$2(DAGScheduler.scala:2834)
	at org.apache.spark.scheduler.DAGScheduler.$anonfun$abortStage$2$adapted(DAGScheduler.scala:2833)
	at scala.collection.mutable.ResizableArray.foreach(ResizableArray.scala:62)
	at scala.collection.mutable.ResizableArray.foreach$(ResizableArray.scala:55)
	at scala.collection.mutable.ArrayBuffer.foreach(ArrayBuffer.scala:49)
	at org.apache.spark.scheduler.DAGScheduler.abortStage(DAGScheduler.scala:2833)
	at org.apache.spark.scheduler.DAGScheduler.$anonfun$handleTaskSetFailed$1(DAGScheduler.scala:1253)
	at org.apache.spark.scheduler.DAGScheduler.$anonfun$handleTaskSetFailed$1$adapted(DAGScheduler.scala:1253)
	at scala.Option.foreach(Option.scala:407)
	at org.apache.spark.scheduler.DAGScheduler.handleTaskSetFailed(DAGScheduler.scala:1253)
	at org.apache.spark.scheduler.DAGSchedulerEventProcessLoop.doOnReceive(DAGScheduler.scala:3102)
	at org.apache.spark.scheduler.DAGSchedulerEventProcessLoop.onReceive(DAGScheduler.scala:3036)
	at org.apache.spark.scheduler.DAGSchedulerEventProcessLoop.onReceive(DAGScheduler.scala:3025)
	at org.apache.spark.util.EventLoop$$anon$1.run(EventLoop.scala:49)
	at org.apache.spark.scheduler.DAGScheduler.runJob(DAGScheduler.scala:995)
	at org.apache.spark.SparkContext.runJob(SparkContext.scala:2393)
	at org.apache.spark.sql.delta.files.DeltaFileFormatWriter$.$anonfun$executeWrite$1(DeltaFileFormatWriter.scala:267)
	at org.apache.spark.sql.delta.files.DeltaFileFormatWriter$.writeAndCommit(DeltaFileFormatWriter.scala:300)
	at org.apache.spark.sql.delta.files.DeltaFileFormatWriter$.executeWrite(DeltaFileFormatWriter.scala:236)
	at org.apache.spark.sql.delta.files.DeltaFileFormatWriter$.write(DeltaFileFormatWriter.scala:216)
	at org.apache.spark.sql.delta.files.TransactionalWrite.$anonfun$writeFiles$2(TransactionalWrite.scala:456)
	at scala.runtime.java8.JFunction0$mcV$sp.apply(JFunction0$mcV$sp.java:23)
	at org.apache.spark.sql.execution.SQLExecution$.$anonfun$withNewExecutionId$6(SQLExecution.scala:125)
	at org.apache.spark.sql.execution.SQLExecution$.withSQLConfPropagated(SQLExecution.scala:201)
	at org.apache.spark.sql.execution.SQLExecution$.$anonfun$withNewExecutionId$1(SQLExecution.scala:108)
	at org.apache.spark.sql.SparkSession.withActive(SparkSession.scala:900)
	at org.apache.spark.sql.execution.SQLExecution$.withNewExecutionId(SQLExecution.scala:66)
	at org.apache.spark.sql.delta.files.TransactionalWrite.writeFiles(TransactionalWrite.scala:414)
	at org.apache.spark.sql.delta.files.TransactionalWrite.writeFiles$(TransactionalWrite.scala:372)
	at org.apache.spark.sql.delta.OptimisticTransaction.writeFiles(OptimisticTransaction.scala:165)
	at org.apache.spark.sql.delta.files.TransactionalWrite.writeFiles(TransactionalWrite.scala:247)
	at org.apache.spark.sql.delta.files.TransactionalWrite.writeFiles$(TransactionalWrite.scala:243)
	at org.apache.spark.sql.delta.OptimisticTransaction.writeFiles(OptimisticTransaction.scala:165)
	at org.apache.spark.sql.delta.files.TransactionalWrite.writeFiles(TransactionalWrite.scala:236)
	at org.apache.spark.sql.delta.files.TransactionalWrite.writeFiles$(TransactionalWrite.scala:233)
	at org.apache.spark.sql.delta.OptimisticTransaction.writeFiles(OptimisticTransaction.scala:165)
	at org.apache.spark.sql.delta.commands.WriteIntoDelta.writeFiles(WriteIntoDelta.scala:377)
	at org.apache.spark.sql.delta.commands.WriteIntoDelta.writeAndReturnCommitData(WriteIntoDelta.scala:325)
	at org.apache.spark.sql.delta.commands.WriteIntoDelta.$anonfun$run$1(WriteIntoDelta.scala:108)
	at org.apache.spark.sql.delta.DeltaLog.withNewTransaction(DeltaLog.scala:241)
	at org.apache.spark.sql.delta.commands.WriteIntoDelta.run(WriteIntoDelta.scala:103)
	at org.apache.spark.sql.delta.sources.DeltaDataSource.createRelation(DeltaDataSource.scala:204)
	at org.apache.spark.sql.execution.datasources.SaveIntoDataSourceCommand.run(SaveIntoDataSourceCommand.scala:48)
	at org.apache.spark.sql.execution.command.ExecutedCommandExec.sideEffectResult$lzycompute(commands.scala:75)
	at org.apache.spark.sql.execution.command.ExecutedCommandExec.sideEffectResult(commands.scala:73)
	at org.apache.spark.sql.execution.command.ExecutedCommandExec.executeCollect(commands.scala:84)
	at org.apache.spark.sql.execution.QueryExecution$$anonfun$eagerlyExecuteCommands$1.$anonfun$applyOrElse$1(QueryExecution.scala:107)
	at org.apache.spark.sql.execution.SQLExecution$.$anonfun$withNewExecutionId$6(SQLExecution.scala:125)
	at org.apache.spark.sql.execution.SQLExecution$.withSQLConfPropagated(SQLExecution.scala:201)
	at org.apache.spark.sql.execution.SQLExecution$.$anonfun$withNewExecutionId$1(SQLExecution.scala:108)
	at org.apache.spark.sql.SparkSession.withActive(SparkSession.scala:900)
	at org.apache.spark.sql.execution.SQLExecution$.withNewExecutionId(SQLExecution.scala:66)
	at org.apache.spark.sql.execution.QueryExecution$$anonfun$eagerlyExecuteCommands$1.applyOrElse(QueryExecution.scala:107)
	at org.apache.spark.sql.execution.QueryExecution$$anonfun$eagerlyExecuteCommands$1.applyOrElse(QueryExecution.scala:98)
	at org.apache.spark.sql.catalyst.trees.TreeNode.$anonfun$transformDownWithPruning$1(TreeNode.scala:461)
	at org.apache.spark.sql.catalyst.trees.CurrentOrigin$.withOrigin(origin.scala:76)
	at org.apache.spark.sql.catalyst.trees.TreeNode.transformDownWithPruning(TreeNode.scala:461)
	at org.apache.spark.sql.catalyst.plans.logical.LogicalPlan.org$apache$spark$sql$catalyst$plans$logical$AnalysisHelper$$super$transformDownWithPruning(LogicalPlan.scala:32)
	at org.apache.spark.sql.catalyst.plans.logical.AnalysisHelper.transformDownWithPruning(AnalysisHelper.scala:267)
	at org.apache.spark.sql.catalyst.plans.logical.AnalysisHelper.transformDownWithPruning$(AnalysisHelper.scala:263)
	at org.apache.spark.sql.catalyst.plans.logical.LogicalPlan.transformDownWithPruning(LogicalPlan.scala:32)
	at org.apache.spark.sql.catalyst.plans.logical.LogicalPlan.transformDownWithPruning(LogicalPlan.scala:32)
	at org.apache.spark.sql.catalyst.trees.TreeNode.transformDown(TreeNode.scala:437)
	at org.apache.spark.sql.execution.QueryExecution.eagerlyExecuteCommands(QueryExecution.scala:98)
	at org.apache.spark.sql.execution.QueryExecution.commandExecuted$lzycompute(QueryExecution.scala:85)
	at org.apache.spark.sql.execution.QueryExecution.commandExecuted(QueryExecution.scala:83)
	at org.apache.spark.sql.execution.QueryExecution.assertCommandExecuted(QueryExecution.scala:142)
	at org.apache.spark.sql.DataFrameWriter.runCommand(DataFrameWriter.scala:869)
	at org.apache.spark.sql.DataFrameWriter.saveToV1Source(DataFrameWriter.scala:391)
	at org.apache.spark.sql.DataFrameWriter.saveInternal(DataFrameWriter.scala:307)
	at org.apache.spark.sql.DataFrameWriter.save(DataFrameWriter.scala:243)
	at java.base/jdk.internal.reflect.NativeMethodAccessorImpl.invoke0(Native Method)
	at java.base/jdk.internal.reflect.NativeMethodAccessorImpl.invoke(Unknown Source)
	at java.base/jdk.internal.reflect.DelegatingMethodAccessorImpl.invoke(Unknown Source)
	at java.base/java.lang.reflect.Method.invoke(Unknown Source)
	at py4j.reflection.MethodInvoker.invoke(MethodInvoker.java:244)
	at py4j.reflection.ReflectionEngine.invoke(ReflectionEngine.java:374)
	at py4j.Gateway.invoke(Gateway.java:282)
	at py4j.commands.AbstractCommand.invokeMethod(AbstractCommand.java:132)
	at py4j.commands.CallCommand.execute(CallCommand.java:79)
	at py4j.ClientServerConnection.waitForCommands(ClientServerConnection.java:182)
	at py4j.ClientServerConnection.run(ClientServerConnection.java:106)
	at java.base/java.lang.Thread.run(Unknown Source)
Caused by: org.apache.spark.SparkException: [TASK_WRITE_FAILED] Task failed while writing rows to s3a://lakehouse/topics/fact_clinical_event.
	at org.apache.spark.sql.errors.QueryExecutionErrors$.taskFailedWhileWritingRowsError(QueryExecutionErrors.scala:775)
	at org.apache.spark.sql.delta.files.DeltaFileFormatWriter$.executeTask(DeltaFileFormatWriter.scala:467)
	at org.apache.spark.sql.delta.files.DeltaFileFormatWriter$.$anonfun$executeWrite$3(DeltaFileFormatWriter.scala:279)
	at org.apache.spark.scheduler.ResultTask.runTask(ResultTask.scala:93)
	at org.apache.spark.TaskContext.runTaskWithListeners(TaskContext.scala:166)
	at org.apache.spark.scheduler.Task.run(Task.scala:141)
	at org.apache.spark.executor.Executor$TaskRunner.$anonfun$run$4(Executor.scala:621)
	at org.apache.spark.util.SparkErrorUtils.tryWithSafeFinally(SparkErrorUtils.scala:64)
	at org.apache.spark.util.SparkErrorUtils.tryWithSafeFinally$(SparkErrorUtils.scala:61)
	at org.apache.spark.util.Utils$.tryWithSafeFinally(Utils.scala:94)
	at org.apache.spark.executor.Executor$TaskRunner.run(Executor.scala:624)
	at java.base/java.util.concurrent.ThreadPoolExecutor.runWorker(Unknown Source)
	at java.base/java.util.concurrent.ThreadPoolExecutor$Worker.run(Unknown Source)
	... 1 more
Caused by: org.apache.hadoop.fs.s3a.AWSBadRequestException: Writing Object on topics/fact_clinical_event/event_year=2023/event_month=12/part-00016-61d4a556-95f4-4ac0-b6fd-e2c69dd26151.c000.snappy.parquet: com.amazonaws.services.s3.model.AmazonS3Exception: You did not provide the number of bytes specified by the Content-Length HTTP header. (Service: Amazon S3; Status Code: 400; Error Code: IncompleteBody; Request ID: 18B5E66EE7BE18CE; S3 Extended Request ID: dd9025bab4ad464b049177c95eb6ebf374d3b3fd1af9251148b658df7ac2e3e8; Proxy: null), S3 Extended Request ID: dd9025bab4ad464b049177c95eb6ebf374d3b3fd1af9251148b658df7ac2e3e8:IncompleteBody: You did not provide the number of bytes specified by the Content-Length HTTP header. (Service: Amazon S3; Status Code: 400; Error Code: IncompleteBody; Request ID: 18B5E66EE7BE18CE; S3 Extended Request ID: dd9025bab4ad464b049177c95eb6ebf374d3b3fd1af9251148b658df7ac2e3e8; Proxy: null)
	at org.apache.hadoop.fs.s3a.S3AUtils.translateException(S3AUtils.java:249)
	at org.apache.hadoop.fs.s3a.Invoker.once(Invoker.java:119)
	at org.apache.hadoop.fs.s3a.Invoker.lambda$retry$4(Invoker.java:322)
	at org.apache.hadoop.fs.s3a.Invoker.retryUntranslated(Invoker.java:414)
	at org.apache.hadoop.fs.s3a.Invoker.retry(Invoker.java:318)
	at org.apache.hadoop.fs.s3a.Invoker.retry(Invoker.java:293)
	at org.apache.hadoop.fs.s3a.WriteOperationHelper.retry(WriteOperationHelper.java:208)
	at org.apache.hadoop.fs.s3a.WriteOperationHelper.putObject(WriteOperationHelper.java:563)
	at org.apache.hadoop.fs.s3a.S3ABlockOutputStream.lambda$putObject$0(S3ABlockOutputStream.java:562)
	at org.apache.hadoop.thirdparty.com.google.common.util.concurrent.TrustedListenableFutureTask$TrustedFutureInterruptibleTask.runInterruptibly(TrustedListenableFutureTask.java:125)
	at org.apache.hadoop.thirdparty.com.google.common.util.concurrent.InterruptibleTask.run(InterruptibleTask.java:69)
	at org.apache.hadoop.thirdparty.com.google.common.util.concurrent.TrustedListenableFutureTask.run(TrustedListenableFutureTask.java:78)
	at org.apache.hadoop.util.SemaphoredDelegatingExecutor$RunnableWithPermitRelease.run(SemaphoredDelegatingExecutor.java:196)
	at org.apache.hadoop.util.SemaphoredDelegatingExecutor$RunnableWithPermitRelease.run(SemaphoredDelegatingExecutor.java:196)
	... 3 more
Caused by: com.amazonaws.services.s3.model.AmazonS3Exception: You did not provide the number of bytes specified by the Content-Length HTTP header. (Service: Amazon S3; Status Code: 400; Error Code: IncompleteBody; Request ID: 18B5E66EE7BE18CE; S3 Extended Request ID: dd9025bab4ad464b049177c95eb6ebf374d3b3fd1af9251148b658df7ac2e3e8; Proxy: null), S3 Extended Request ID: dd9025bab4ad464b049177c95eb6ebf374d3b3fd1af9251148b658df7ac2e3e8
	at com.amazonaws.http.AmazonHttpClient$RequestExecutor.handleErrorResponse(AmazonHttpClient.java:1879)
	at com.amazonaws.http.AmazonHttpClient$RequestExecutor.handleServiceErrorResponse(AmazonHttpClient.java:1418)
	at com.amazonaws.http.AmazonHttpClient$RequestExecutor.executeOneRequest(AmazonHttpClient.java:1387)
	at com.amazonaws.http.AmazonHttpClient$RequestExecutor.executeHelper(AmazonHttpClient.java:1157)
	at com.amazonaws.http.AmazonHttpClient$RequestExecutor.doExecute(AmazonHttpClient.java:814)
	at com.amazonaws.http.AmazonHttpClient$RequestExecutor.executeWithTimer(AmazonHttpClient.java:781)
	at com.amazonaws.http.AmazonHttpClient$RequestExecutor.execute(AmazonHttpClient.java:755)
	at com.amazonaws.http.AmazonHttpClient$RequestExecutor.access$500(AmazonHttpClient.java:715)
	at com.amazonaws.http.AmazonHttpClient$RequestExecutionBuilderImpl.execute(AmazonHttpClient.java:697)
	at com.amazonaws.http.AmazonHttpClient.execute(AmazonHttpClient.java:561)
	at com.amazonaws.http.AmazonHttpClient.execute(AmazonHttpClient.java:541)
	at com.amazonaws.services.s3.AmazonS3Client.invoke(AmazonS3Client.java:5456)
	at com.amazonaws.services.s3.AmazonS3Client.invoke(AmazonS3Client.java:5403)
	at com.amazonaws.services.s3.AmazonS3Client.access$300(AmazonS3Client.java:421)
	at com.amazonaws.services.s3.AmazonS3Client$PutObjectStrategy.invokeServiceCall(AmazonS3Client.java:6531)
	at com.amazonaws.services.s3.AmazonS3Client.uploadObject(AmazonS3Client.java:1861)
	at com.amazonaws.services.s3.AmazonS3Client.putObject(AmazonS3Client.java:1821)
	at org.apache.hadoop.fs.s3a.S3AFileSystem.lambda$putObjectDirect$17(S3AFileSystem.java:2877)
	at org.apache.hadoop.fs.statistics.impl.IOStatisticsBinding.trackDurationOfSupplier(IOStatisticsBinding.java:604)
	at org.apache.hadoop.fs.s3a.S3AFileSystem.putObjectDirect(S3AFileSystem.java:2874)
	at org.apache.hadoop.fs.s3a.WriteOperationHelper.lambda$putObject$7(WriteOperationHelper.java:566)
	at org.apache.hadoop.fs.store.audit.AuditingFunctions.lambda$withinAuditSpan$0(AuditingFunctions.java:62)
	at org.apache.hadoop.fs.s3a.Invoker.once(Invoker.java:117)
	... 15 more
26/06/04 14:17:04 WARN TaskSetManager: Lost task 17.0 in stage 164.0 (TID 2229) (host.containers.internal executor driver): TaskKilled (Stage cancelled: Job aborted due to stage failure: Task 16 in stage 164.0 failed 1 times, most recent failure: Lost task 16.0 in stage 164.0 (TID 2228) (host.containers.internal executor driver): org.apache.spark.SparkException: [TASK_WRITE_FAILED] Task failed while writing rows to s3a://lakehouse/topics/fact_clinical_event.
	at org.apache.spark.sql.errors.QueryExecutionErrors$.taskFailedWhileWritingRowsError(QueryExecutionErrors.scala:775)
	at org.apache.spark.sql.delta.files.DeltaFileFormatWriter$.executeTask(DeltaFileFormatWriter.scala:467)
	at org.apache.spark.sql.delta.files.DeltaFileFormatWriter$.$anonfun$executeWrite$3(DeltaFileFormatWriter.scala:279)
	at org.apache.spark.scheduler.ResultTask.runTask(ResultTask.scala:93)
	at org.apache.spark.TaskContext.runTaskWithListeners(TaskContext.scala:166)
	at org.apache.spark.scheduler.Task.run(Task.scala:141)
	at org.apache.spark.executor.Executor$TaskRunner.$anonfun$run$4(Executor.scala:621)
	at org.apache.spark.util.SparkErrorUtils.tryWithSafeFinally(SparkErrorUtils.scala:64)
	at org.apache.spark.util.SparkErrorUtils.tryWithSafeFinally$(SparkErrorUtils.scala:61)
	at org.apache.spark.util.Utils$.tryWithSafeFinally(Utils.scala:94)
	at org.apache.spark.executor.Executor$TaskRunner.run(Executor.scala:624)
	at java.base/java.util.concurrent.ThreadPoolExecutor.runWorker(Unknown Source)
	at java.base/java.util.concurrent.ThreadPoolExecutor$Worker.run(Unknown Source)
	at java.base/java.lang.Thread.run(Unknown Source)
Caused by: org.apache.hadoop.fs.s3a.AWSBadRequestException: Writing Object on topics/fact_clinical_event/event_year=2023/event_month=12/part-00016-61d4a556-95f4-4ac0-b6fd-e2c69dd26151.c000.snappy.parquet: com.amazonaws.services.s3.model.AmazonS3Exception: You did not provide the number of bytes specified by the Content-Length HTTP header. (Service: Amazon S3; Status Code: 400; Error Code: IncompleteBody; Request ID: 18B5E66EE7BE18CE; S3 Extended Request ID: dd9025bab4ad464b049177c95eb6ebf374d3b3fd1af9251148b658df7ac2e3e8; Proxy: null), S3 Extended Request ID: dd9025bab4ad464b049177c95eb6ebf374d3b3fd1af9251148b658df7ac2e3e8:IncompleteBody: You did not provide the number of bytes specified by the Content-Length HTTP header. (Service: Amazon S3; Status Code: 400; Error Code: IncompleteBody; Request ID: 18B5E66EE7BE18CE; S3 Extended Request ID: dd9025bab4ad464b049177c95eb6ebf374d3b3fd1af9251148b658df7ac2e3e8; Proxy: null)
	at org.apache.hadoop.fs.s3a.S3AUtils.translateException(S3AUtils.java:249)
	at org.apache.hadoop.fs.s3a.Invoker.once(Invoker.java:119)
	at org.apache.hadoop.fs.s3a.Invoker.lambda$retry$4(Invoker.java:322)
	at org.apache.hadoop.fs.s3a.Invoker.retryUntranslated(Invoker.java:414)
	at org.apache.hadoop.fs.s3a.Invoker.retry(Invoker.java:318)
	at org.apache.hadoop.fs.s3a.Invoker.retry(Invoker.java:293)
	at org.apache.hadoop.fs.s3a.WriteOperationHelper.retry(WriteOperationHelper.java:208)
	at org.apache.hadoop.fs.s3a.WriteOperationHelper.putObject(WriteOperationHelper.java:563)
	at org.apache.hadoop.fs.s3a.S3ABlockOutputStream.lambda$putObject$0(S3ABlockOutputStream.java:562)
	at org.apache.hadoop.thirdparty.com.google.common.util.concurrent.TrustedListenableFutureTask$TrustedFutureInterruptibleTask.runInterruptibly(TrustedListenableFutureTask.java:125)
	at org.apache.hadoop.thirdparty.com.google.common.util.concurrent.InterruptibleTask.run(InterruptibleTask.java:69)
	at org.apache.hadoop.thirdparty.com.google.common.util.concurrent.TrustedListenableFutureTask.run(TrustedListenableFutureTask.java:78)
	at org.apache.hadoop.util.SemaphoredDelegatingExecutor$RunnableWithPermitRelease.run(SemaphoredDelegatingExecutor.java:196)
	at org.apache.hadoop.util.SemaphoredDelegatingExecutor$RunnableWithPermitRelease.run(SemaphoredDelegatingExecutor.java:196)
	... 3 more
Caused by: com.amazonaws.services.s3.model.AmazonS3Exception: You did not provide the number of bytes specified by the Content-Length HTTP header. (Service: Amazon S3; Status Code: 400; Error Code: IncompleteBody; Request ID: 18B5E66EE7BE18CE; S3 Extended Request ID: dd9025bab4ad464b049177c95eb6ebf374d3b3fd1af9251148b658df7ac2e3e8; Proxy: null), S3 Extended Request ID: dd9025bab4ad464b049177c95eb6ebf374d3b3fd1af9251148b658df7ac2e3e8
	at com.amazonaws.http.AmazonHttpClient$RequestExecutor.handleErrorResponse(AmazonHttpClient.java:1879)
	at com.amazonaws.http.AmazonHttpClient$RequestExecutor.handleServiceErrorResponse(AmazonHttpClient.java:1418)
	at com.amazonaws.http.AmazonHttpClient$RequestExecutor.executeOneRequest(AmazonHttpClient.java:1387)
	at com.amazonaws.http.AmazonHttpClient$RequestExecutor.executeHelper(AmazonHttpClient.java:1157)
	at com.amazonaws.http.AmazonHttpClient$RequestExecutor.doExecute(AmazonHttpClient.java:814)
	at com.amazonaws.http.AmazonHttpClient$RequestExecutor.executeWithTimer(AmazonHttpClient.java:781)
	at com.amazonaws.http.AmazonHttpClient$RequestExecutor.execute(AmazonHttpClient.java:755)
	at com.amazonaws.http.AmazonHttpClient$RequestExecutor.access$500(AmazonHttpClient.java:715)
	at com.amazonaws.http.AmazonHttpClient$RequestExecutionBuilderImpl.execute(AmazonHttpClient.java:697)
	at com.amazonaws.http.AmazonHttpClient.execute(AmazonHttpClient.java:561)
	at com.amazonaws.http.AmazonHttpClient.execute(AmazonHttpClient.java:541)
	at com.amazonaws.services.s3.AmazonS3Client.invoke(AmazonS3Client.java:5456)
	at com.amazonaws.services.s3.AmazonS3Client.invoke(AmazonS3Client.java:5403)
	at com.amazonaws.services.s3.AmazonS3Client.access$300(AmazonS3Client.java:421)
	at com.amazonaws.services.s3.AmazonS3Client$PutObjectStrategy.invokeServiceCall(AmazonS3Client.java:6531)
	at com.amazonaws.services.s3.AmazonS3Client.uploadObject(AmazonS3Client.java:1861)
	at com.amazonaws.services.s3.AmazonS3Client.putObject(AmazonS3Client.java:1821)
	at org.apache.hadoop.fs.s3a.S3AFileSystem.lambda$putObjectDirect$17(S3AFileSystem.java:2877)
	at org.apache.hadoop.fs.statistics.impl.IOStatisticsBinding.trackDurationOfSupplier(IOStatisticsBinding.java:604)
	at org.apache.hadoop.fs.s3a.S3AFileSystem.putObjectDirect(S3AFileSystem.java:2874)
	at org.apache.hadoop.fs.s3a.WriteOperationHelper.lambda$putObject$7(WriteOperationHelper.java:566)
	at org.apache.hadoop.fs.store.audit.AuditingFunctions.lambda$withinAuditSpan$0(AuditingFunctions.java:62)
	at org.apache.hadoop.fs.s3a.Invoker.once(Invoker.java:117)
	... 15 more

Driver stacktrace:)
26/06/04 14:17:04 WARN TaskSetManager: Lost task 19.0 in stage 164.0 (TID 2231) (host.containers.internal executor driver): TaskKilled (Stage cancelled: Job aborted due to stage failure: Task 16 in stage 164.0 failed 1 times, most recent failure: Lost task 16.0 in stage 164.0 (TID 2228) (host.containers.internal executor driver): org.apache.spark.SparkException: [TASK_WRITE_FAILED] Task failed while writing rows to s3a://lakehouse/topics/fact_clinical_event.
	at org.apache.spark.sql.errors.QueryExecutionErrors$.taskFailedWhileWritingRowsError(QueryExecutionErrors.scala:775)
	at org.apache.spark.sql.delta.files.DeltaFileFormatWriter$.executeTask(DeltaFileFormatWriter.scala:467)
	at org.apache.spark.sql.delta.files.DeltaFileFormatWriter$.$anonfun$executeWrite$3(DeltaFileFormatWriter.scala:279)
	at org.apache.spark.scheduler.ResultTask.runTask(ResultTask.scala:93)
	at org.apache.spark.TaskContext.runTaskWithListeners(TaskContext.scala:166)
	at org.apache.spark.scheduler.Task.run(Task.scala:141)
	at org.apache.spark.executor.Executor$TaskRunner.$anonfun$run$4(Executor.scala:621)
	at org.apache.spark.util.SparkErrorUtils.tryWithSafeFinally(SparkErrorUtils.scala:64)
	at org.apache.spark.util.SparkErrorUtils.tryWithSafeFinally$(SparkErrorUtils.scala:61)
	at org.apache.spark.util.Utils$.tryWithSafeFinally(Utils.scala:94)
	at org.apache.spark.executor.Executor$TaskRunner.run(Executor.scala:624)
	at java.base/java.util.concurrent.ThreadPoolExecutor.runWorker(Unknown Source)
	at java.base/java.util.concurrent.ThreadPoolExecutor$Worker.run(Unknown Source)
	at java.base/java.lang.Thread.run(Unknown Source)
Caused by: org.apache.hadoop.fs.s3a.AWSBadRequestException: Writing Object on topics/fact_clinical_event/event_year=2023/event_month=12/part-00016-61d4a556-95f4-4ac0-b6fd-e2c69dd26151.c000.snappy.parquet: com.amazonaws.services.s3.model.AmazonS3Exception: You did not provide the number of bytes specified by the Content-Length HTTP header. (Service: Amazon S3; Status Code: 400; Error Code: IncompleteBody; Request ID: 18B5E66EE7BE18CE; S3 Extended Request ID: dd9025bab4ad464b049177c95eb6ebf374d3b3fd1af9251148b658df7ac2e3e8; Proxy: null), S3 Extended Request ID: dd9025bab4ad464b049177c95eb6ebf374d3b3fd1af9251148b658df7ac2e3e8:IncompleteBody: You did not provide the number of bytes specified by the Content-Length HTTP header. (Service: Amazon S3; Status Code: 400; Error Code: IncompleteBody; Request ID: 18B5E66EE7BE18CE; S3 Extended Request ID: dd9025bab4ad464b049177c95eb6ebf374d3b3fd1af9251148b658df7ac2e3e8; Proxy: null)
	at org.apache.hadoop.fs.s3a.S3AUtils.translateException(S3AUtils.java:249)
	at org.apache.hadoop.fs.s3a.Invoker.once(Invoker.java:119)
	at org.apache.hadoop.fs.s3a.Invoker.lambda$retry$4(Invoker.java:322)
	at org.apache.hadoop.fs.s3a.Invoker.retryUntranslated(Invoker.java:414)
	at org.apache.hadoop.fs.s3a.Invoker.retry(Invoker.java:318)
	at org.apache.hadoop.fs.s3a.Invoker.retry(Invoker.java:293)
	at org.apache.hadoop.fs.s3a.WriteOperationHelper.retry(WriteOperationHelper.java:208)
	at org.apache.hadoop.fs.s3a.WriteOperationHelper.putObject(WriteOperationHelper.java:563)
	at org.apache.hadoop.fs.s3a.S3ABlockOutputStream.lambda$putObject$0(S3ABlockOutputStream.java:562)
	at org.apache.hadoop.thirdparty.com.google.common.util.concurrent.TrustedListenableFutureTask$TrustedFutureInterruptibleTask.runInterruptibly(TrustedListenableFutureTask.java:125)
	at org.apache.hadoop.thirdparty.com.google.common.util.concurrent.InterruptibleTask.run(InterruptibleTask.java:69)
	at org.apache.hadoop.thirdparty.com.google.common.util.concurrent.TrustedListenableFutureTask.run(TrustedListenableFutureTask.java:78)
	at org.apache.hadoop.util.SemaphoredDelegatingExecutor$RunnableWithPermitRelease.run(SemaphoredDelegatingExecutor.java:196)
	at org.apache.hadoop.util.SemaphoredDelegatingExecutor$RunnableWithPermitRelease.run(SemaphoredDelegatingExecutor.java:196)
	... 3 more
Caused by: com.amazonaws.services.s3.model.AmazonS3Exception: You did not provide the number of bytes specified by the Content-Length HTTP header. (Service: Amazon S3; Status Code: 400; Error Code: IncompleteBody; Request ID: 18B5E66EE7BE18CE; S3 Extended Request ID: dd9025bab4ad464b049177c95eb6ebf374d3b3fd1af9251148b658df7ac2e3e8; Proxy: null), S3 Extended Request ID: dd9025bab4ad464b049177c95eb6ebf374d3b3fd1af9251148b658df7ac2e3e8
	at com.amazonaws.http.AmazonHttpClient$RequestExecutor.handleErrorResponse(AmazonHttpClient.java:1879)
	at com.amazonaws.http.AmazonHttpClient$RequestExecutor.handleServiceErrorResponse(AmazonHttpClient.java:1418)
	at com.amazonaws.http.AmazonHttpClient$RequestExecutor.executeOneRequest(AmazonHttpClient.java:1387)
	at com.amazonaws.http.AmazonHttpClient$RequestExecutor.executeHelper(AmazonHttpClient.java:1157)
	at com.amazonaws.http.AmazonHttpClient$RequestExecutor.doExecute(AmazonHttpClient.java:814)
	at com.amazonaws.http.AmazonHttpClient$RequestExecutor.executeWithTimer(AmazonHttpClient.java:781)
	at com.amazonaws.http.AmazonHttpClient$RequestExecutor.execute(AmazonHttpClient.java:755)
	at com.amazonaws.http.AmazonHttpClient$RequestExecutor.access$500(AmazonHttpClient.java:715)
	at com.amazonaws.http.AmazonHttpClient$RequestExecutionBuilderImpl.execute(AmazonHttpClient.java:697)
	at com.amazonaws.http.AmazonHttpClient.execute(AmazonHttpClient.java:561)
	at com.amazonaws.http.AmazonHttpClient.execute(AmazonHttpClient.java:541)
	at com.amazonaws.services.s3.AmazonS3Client.invoke(AmazonS3Client.java:5456)
	at com.amazonaws.services.s3.AmazonS3Client.invoke(AmazonS3Client.java:5403)
	at com.amazonaws.services.s3.AmazonS3Client.access$300(AmazonS3Client.java:421)
	at com.amazonaws.services.s3.AmazonS3Client$PutObjectStrategy.invokeServiceCall(AmazonS3Client.java:6531)
	at com.amazonaws.services.s3.AmazonS3Client.uploadObject(AmazonS3Client.java:1861)
	at com.amazonaws.services.s3.AmazonS3Client.putObject(AmazonS3Client.java:1821)
	at org.apache.hadoop.fs.s3a.S3AFileSystem.lambda$putObjectDirect$17(S3AFileSystem.java:2877)
	at org.apache.hadoop.fs.statistics.impl.IOStatisticsBinding.trackDurationOfSupplier(IOStatisticsBinding.java:604)
	at org.apache.hadoop.fs.s3a.S3AFileSystem.putObjectDirect(S3AFileSystem.java:2874)
	at org.apache.hadoop.fs.s3a.WriteOperationHelper.lambda$putObject$7(WriteOperationHelper.java:566)
	at org.apache.hadoop.fs.store.audit.AuditingFunctions.lambda$withinAuditSpan$0(AuditingFunctions.java:62)
	at org.apache.hadoop.fs.s3a.Invoker.once(Invoker.java:117)
	... 15 more

Driver stacktrace:)
26/06/04 14:17:04 WARN TaskSetManager: Lost task 18.0 in stage 164.0 (TID 2230) (host.containers.internal executor driver): TaskKilled (Stage cancelled: Job aborted due to stage failure: Task 16 in stage 164.0 failed 1 times, most recent failure: Lost task 16.0 in stage 164.0 (TID 2228) (host.containers.internal executor driver): org.apache.spark.SparkException: [TASK_WRITE_FAILED] Task failed while writing rows to s3a://lakehouse/topics/fact_clinical_event.
	at org.apache.spark.sql.errors.QueryExecutionErrors$.taskFailedWhileWritingRowsError(QueryExecutionErrors.scala:775)
	at org.apache.spark.sql.delta.files.DeltaFileFormatWriter$.executeTask(DeltaFileFormatWriter.scala:467)
	at org.apache.spark.sql.delta.files.DeltaFileFormatWriter$.$anonfun$executeWrite$3(DeltaFileFormatWriter.scala:279)
	at org.apache.spark.scheduler.ResultTask.runTask(ResultTask.scala:93)
	at org.apache.spark.TaskContext.runTaskWithListeners(TaskContext.scala:166)
	at org.apache.spark.scheduler.Task.run(Task.scala:141)
	at org.apache.spark.executor.Executor$TaskRunner.$anonfun$run$4(Executor.scala:621)
	at org.apache.spark.util.SparkErrorUtils.tryWithSafeFinally(SparkErrorUtils.scala:64)
	at org.apache.spark.util.SparkErrorUtils.tryWithSafeFinally$(SparkErrorUtils.scala:61)
	at org.apache.spark.util.Utils$.tryWithSafeFinally(Utils.scala:94)
	at org.apache.spark.executor.Executor$TaskRunner.run(Executor.scala:624)
	at java.base/java.util.concurrent.ThreadPoolExecutor.runWorker(Unknown Source)
	at java.base/java.util.concurrent.ThreadPoolExecutor$Worker.run(Unknown Source)
	at java.base/java.lang.Thread.run(Unknown Source)
Caused by: org.apache.hadoop.fs.s3a.AWSBadRequestException: Writing Object on topics/fact_clinical_event/event_year=2023/event_month=12/part-00016-61d4a556-95f4-4ac0-b6fd-e2c69dd26151.c000.snappy.parquet: com.amazonaws.services.s3.model.AmazonS3Exception: You did not provide the number of bytes specified by the Content-Length HTTP header. (Service: Amazon S3; Status Code: 400; Error Code: IncompleteBody; Request ID: 18B5E66EE7BE18CE; S3 Extended Request ID: dd9025bab4ad464b049177c95eb6ebf374d3b3fd1af9251148b658df7ac2e3e8; Proxy: null), S3 Extended Request ID: dd9025bab4ad464b049177c95eb6ebf374d3b3fd1af9251148b658df7ac2e3e8:IncompleteBody: You did not provide the number of bytes specified by the Content-Length HTTP header. (Service: Amazon S3; Status Code: 400; Error Code: IncompleteBody; Request ID: 18B5E66EE7BE18CE; S3 Extended Request ID: dd9025bab4ad464b049177c95eb6ebf374d3b3fd1af9251148b658df7ac2e3e8; Proxy: null)
	at org.apache.hadoop.fs.s3a.S3AUtils.translateException(S3AUtils.java:249)
	at org.apache.hadoop.fs.s3a.Invoker.once(Invoker.java:119)
	at org.apache.hadoop.fs.s3a.Invoker.lambda$retry$4(Invoker.java:322)
	at org.apache.hadoop.fs.s3a.Invoker.retryUntranslated(Invoker.java:414)
	at org.apache.hadoop.fs.s3a.Invoker.retry(Invoker.java:318)
	at org.apache.hadoop.fs.s3a.Invoker.retry(Invoker.java:293)
	at org.apache.hadoop.fs.s3a.WriteOperationHelper.retry(WriteOperationHelper.java:208)
	at org.apache.hadoop.fs.s3a.WriteOperationHelper.putObject(WriteOperationHelper.java:563)
	at org.apache.hadoop.fs.s3a.S3ABlockOutputStream.lambda$putObject$0(S3ABlockOutputStream.java:562)
	at org.apache.hadoop.thirdparty.com.google.common.util.concurrent.TrustedListenableFutureTask$TrustedFutureInterruptibleTask.runInterruptibly(TrustedListenableFutureTask.java:125)
	at org.apache.hadoop.thirdparty.com.google.common.util.concurrent.InterruptibleTask.run(InterruptibleTask.java:69)
	at org.apache.hadoop.thirdparty.com.google.common.util.concurrent.TrustedListenableFutureTask.run(TrustedListenableFutureTask.java:78)
	at org.apache.hadoop.util.SemaphoredDelegatingExecutor$RunnableWithPermitRelease.run(SemaphoredDelegatingExecutor.java:196)
	at org.apache.hadoop.util.SemaphoredDelegatingExecutor$RunnableWithPermitRelease.run(SemaphoredDelegatingExecutor.java:196)
	... 3 more
Caused by: com.amazonaws.services.s3.model.AmazonS3Exception: You did not provide the number of bytes specified by the Content-Length HTTP header. (Service: Amazon S3; Status Code: 400; Error Code: IncompleteBody; Request ID: 18B5E66EE7BE18CE; S3 Extended Request ID: dd9025bab4ad464b049177c95eb6ebf374d3b3fd1af9251148b658df7ac2e3e8; Proxy: null), S3 Extended Request ID: dd9025bab4ad464b049177c95eb6ebf374d3b3fd1af9251148b658df7ac2e3e8
	at com.amazonaws.http.AmazonHttpClient$RequestExecutor.handleErrorResponse(AmazonHttpClient.java:1879)
	at com.amazonaws.http.AmazonHttpClient$RequestExecutor.handleServiceErrorResponse(AmazonHttpClient.java:1418)
	at com.amazonaws.http.AmazonHttpClient$RequestExecutor.executeOneRequest(AmazonHttpClient.java:1387)
	at com.amazonaws.http.AmazonHttpClient$RequestExecutor.executeHelper(AmazonHttpClient.java:1157)
	at com.amazonaws.http.AmazonHttpClient$RequestExecutor.doExecute(AmazonHttpClient.java:814)
	at com.amazonaws.http.AmazonHttpClient$RequestExecutor.executeWithTimer(AmazonHttpClient.java:781)
	at com.amazonaws.http.AmazonHttpClient$RequestExecutor.execute(AmazonHttpClient.java:755)
	at com.amazonaws.http.AmazonHttpClient$RequestExecutor.access$500(AmazonHttpClient.java:715)
	at com.amazonaws.http.AmazonHttpClient$RequestExecutionBuilderImpl.execute(AmazonHttpClient.java:697)
	at com.amazonaws.http.AmazonHttpClient.execute(AmazonHttpClient.java:561)
	at com.amazonaws.http.AmazonHttpClient.execute(AmazonHttpClient.java:541)
	at com.amazonaws.services.s3.AmazonS3Client.invoke(AmazonS3Client.java:5456)
	at com.amazonaws.services.s3.AmazonS3Client.invoke(AmazonS3Client.java:5403)
	at com.amazonaws.services.s3.AmazonS3Client.access$300(AmazonS3Client.java:421)
	at com.amazonaws.services.s3.AmazonS3Client$PutObjectStrategy.invokeServiceCall(AmazonS3Client.java:6531)
	at com.amazonaws.services.s3.AmazonS3Client.uploadObject(AmazonS3Client.java:1861)
	at com.amazonaws.services.s3.AmazonS3Client.putObject(AmazonS3Client.java:1821)
	at org.apache.hadoop.fs.s3a.S3AFileSystem.lambda$putObjectDirect$17(S3AFileSystem.java:2877)
	at org.apache.hadoop.fs.statistics.impl.IOStatisticsBinding.trackDurationOfSupplier(IOStatisticsBinding.java:604)
	at org.apache.hadoop.fs.s3a.S3AFileSystem.putObjectDirect(S3AFileSystem.java:2874)
	at org.apache.hadoop.fs.s3a.WriteOperationHelper.lambda$putObject$7(WriteOperationHelper.java:566)
	at org.apache.hadoop.fs.store.audit.AuditingFunctions.lambda$withinAuditSpan$0(AuditingFunctions.java:62)
	at org.apache.hadoop.fs.s3a.Invoker.once(Invoker.java:117)
	... 15 more

Driver stacktrace:)
26/06/04 14:17:04 ERROR Utils: Aborting task
org.apache.spark.TaskKilledException
	at org.apache.spark.TaskContextImpl.killTaskIfInterrupted(TaskContextImpl.scala:267)
	at org.apache.spark.util.collection.unsafe.sort.UnsafeInMemorySorter$SortedIterator.loadNext(UnsafeInMemorySorter.java:310)
	at org.apache.spark.util.collection.unsafe.sort.UnsafeExternalSorter$SpillableIterator.loadNext(UnsafeExternalSorter.java:708)
	at org.apache.spark.sql.execution.UnsafeExternalRowSorter$1.advanceNext(UnsafeExternalRowSorter.java:187)
	at org.apache.spark.sql.execution.RowIteratorToScala.hasNext(RowIterator.scala:67)
	at org.apache.spark.sql.execution.datasources.FileFormatDataWriter.writeWithIterator(FileFormatDataWriter.scala:91)
	at org.apache.spark.sql.delta.files.DeltaFileFormatWriter$.$anonfun$executeTask$1(DeltaFileFormatWriter.scala:450)
	at org.apache.spark.util.Utils$.tryWithSafeFinallyAndFailureCallbacks(Utils.scala:1397)
	at org.apache.spark.sql.delta.files.DeltaFileFormatWriter$.executeTask(DeltaFileFormatWriter.scala:457)
	at org.apache.spark.sql.delta.files.DeltaFileFormatWriter$.$anonfun$executeWrite$3(DeltaFileFormatWriter.scala:279)
	at org.apache.spark.scheduler.ResultTask.runTask(ResultTask.scala:93)
	at org.apache.spark.TaskContext.runTaskWithListeners(TaskContext.scala:166)
	at org.apache.spark.scheduler.Task.run(Task.scala:141)
	at org.apache.spark.executor.Executor$TaskRunner.$anonfun$run$4(Executor.scala:621)
	at org.apache.spark.util.SparkErrorUtils.tryWithSafeFinally(SparkErrorUtils.scala:64)
	at org.apache.spark.util.SparkErrorUtils.tryWithSafeFinally$(SparkErrorUtils.scala:61)
	at org.apache.spark.util.Utils$.tryWithSafeFinally(Utils.scala:94)
	at org.apache.spark.executor.Executor$TaskRunner.run(Executor.scala:624)
	at java.base/java.util.concurrent.ThreadPoolExecutor.runWorker(Unknown Source)
	at java.base/java.util.concurrent.ThreadPoolExecutor$Worker.run(Unknown Source)
	at java.base/java.lang.Thread.run(Unknown Source)
26/06/04 14:17:04 ERROR DeltaFileFormatWriter: Job job_20260604141539386109008541081271_0164 aborted.
26/06/04 14:17:04 WARN TaskSetManager: Lost task 12.0 in stage 164.0 (TID 2224) (host.containers.internal executor driver): TaskKilled (Stage cancelled: Job aborted due to stage failure: Task 16 in stage 164.0 failed 1 times, most recent failure: Lost task 16.0 in stage 164.0 (TID 2228) (host.containers.internal executor driver): org.apache.spark.SparkException: [TASK_WRITE_FAILED] Task failed while writing rows to s3a://lakehouse/topics/fact_clinical_event.
	at org.apache.spark.sql.errors.QueryExecutionErrors$.taskFailedWhileWritingRowsError(QueryExecutionErrors.scala:775)
	at org.apache.spark.sql.delta.files.DeltaFileFormatWriter$.executeTask(DeltaFileFormatWriter.scala:467)
	at org.apache.spark.sql.delta.files.DeltaFileFormatWriter$.$anonfun$executeWrite$3(DeltaFileFormatWriter.scala:279)
	at org.apache.spark.scheduler.ResultTask.runTask(ResultTask.scala:93)
	at org.apache.spark.TaskContext.runTaskWithListeners(TaskContext.scala:166)
	at org.apache.spark.scheduler.Task.run(Task.scala:141)
	at org.apache.spark.executor.Executor$TaskRunner.$anonfun$run$4(Executor.scala:621)
	at org.apache.spark.util.SparkErrorUtils.tryWithSafeFinally(SparkErrorUtils.scala:64)
	at org.apache.spark.util.SparkErrorUtils.tryWithSafeFinally$(SparkErrorUtils.scala:61)
	at org.apache.spark.util.Utils$.tryWithSafeFinally(Utils.scala:94)
	at org.apache.spark.executor.Executor$TaskRunner.run(Executor.scala:624)
	at java.base/java.util.concurrent.ThreadPoolExecutor.runWorker(Unknown Source)
	at java.base/java.util.concurrent.ThreadPoolExecutor$Worker.run(Unknown Source)
	at java.base/java.lang.Thread.run(Unknown Source)
Caused by: org.apache.hadoop.fs.s3a.AWSBadRequestException: Writing Object on topics/fact_clinical_event/event_year=2023/event_month=12/part-00016-61d4a556-95f4-4ac0-b6fd-e2c69dd26151.c000.snappy.parquet: com.amazonaws.services.s3.model.AmazonS3Exception: You did not provide the number of bytes specified by the Content-Length HTTP header. (Service: Amazon S3; Status Code: 400; Error Code: IncompleteBody; Request ID: 18B5E66EE7BE18CE; S3 Extended Request ID: dd9025bab4ad464b049177c95eb6ebf374d3b3fd1af9251148b658df7ac2e3e8; Proxy: null), S3 Extended Request ID: dd9025bab4ad464b049177c95eb6ebf374d3b3fd1af9251148b658df7ac2e3e8:IncompleteBody: You did not provide the number of bytes specified by the Content-Length HTTP header. (Service: Amazon S3; Status Code: 400; Error Code: IncompleteBody; Request ID: 18B5E66EE7BE18CE; S3 Extended Request ID: dd9025bab4ad464b049177c95eb6ebf374d3b3fd1af9251148b658df7ac2e3e8; Proxy: null)
	at org.apache.hadoop.fs.s3a.S3AUtils.translateException(S3AUtils.java:249)
	at org.apache.hadoop.fs.s3a.Invoker.once(Invoker.java:119)
	at org.apache.hadoop.fs.s3a.Invoker.lambda$retry$4(Invoker.java:322)
	at org.apache.hadoop.fs.s3a.Invoker.retryUntranslated(Invoker.java:414)
	at org.apache.hadoop.fs.s3a.Invoker.retry(Invoker.java:318)
	at org.apache.hadoop.fs.s3a.Invoker.retry(Invoker.java:293)
	at org.apache.hadoop.fs.s3a.WriteOperationHelper.retry(WriteOperationHelper.java:208)
	at org.apache.hadoop.fs.s3a.WriteOperationHelper.putObject(WriteOperationHelper.java:563)
	at org.apache.hadoop.fs.s3a.S3ABlockOutputStream.lambda$putObject$0(S3ABlockOutputStream.java:562)
	at org.apache.hadoop.thirdparty.com.google.common.util.concurrent.TrustedListenableFutureTask$TrustedFutureInterruptibleTask.runInterruptibly(TrustedListenableFutureTask.java:125)
	at org.apache.hadoop.thirdparty.com.google.common.util.concurrent.InterruptibleTask.run(InterruptibleTask.java:69)
	at org.apache.hadoop.thirdparty.com.google.common.util.concurrent.TrustedListenableFutureTask.run(TrustedListenableFutureTask.java:78)
	at org.apache.hadoop.util.SemaphoredDelegatingExecutor$RunnableWithPermitRelease.run(SemaphoredDelegatingExecutor.java:196)
	at org.apache.hadoop.util.SemaphoredDelegatingExecutor$RunnableWithPermitRelease.run(SemaphoredDelegatingExecutor.java:196)
	... 3 more
Caused by: com.amazonaws.services.s3.model.AmazonS3Exception: You did not provide the number of bytes specified by the Content-Length HTTP header. (Service: Amazon S3; Status Code: 400; Error Code: IncompleteBody; Request ID: 18B5E66EE7BE18CE; S3 Extended Request ID: dd9025bab4ad464b049177c95eb6ebf374d3b3fd1af9251148b658df7ac2e3e8; Proxy: null), S3 Extended Request ID: dd9025bab4ad464b049177c95eb6ebf374d3b3fd1af9251148b658df7ac2e3e8
	at com.amazonaws.http.AmazonHttpClient$RequestExecutor.handleErrorResponse(AmazonHttpClient.java:1879)
	at com.amazonaws.http.AmazonHttpClient$RequestExecutor.handleServiceErrorResponse(AmazonHttpClient.java:1418)
	at com.amazonaws.http.AmazonHttpClient$RequestExecutor.executeOneRequest(AmazonHttpClient.java:1387)
	at com.amazonaws.http.AmazonHttpClient$RequestExecutor.executeHelper(AmazonHttpClient.java:1157)
	at com.amazonaws.http.AmazonHttpClient$RequestExecutor.doExecute(AmazonHttpClient.java:814)
	at com.amazonaws.http.AmazonHttpClient$RequestExecutor.executeWithTimer(AmazonHttpClient.java:781)
	at com.amazonaws.http.AmazonHttpClient$RequestExecutor.execute(AmazonHttpClient.java:755)
	at com.amazonaws.http.AmazonHttpClient$RequestExecutor.access$500(AmazonHttpClient.java:715)
	at com.amazonaws.http.AmazonHttpClient$RequestExecutionBuilderImpl.execute(AmazonHttpClient.java:697)
	at com.amazonaws.http.AmazonHttpClient.execute(AmazonHttpClient.java:561)
	at com.amazonaws.http.AmazonHttpClient.execute(AmazonHttpClient.java:541)
	at com.amazonaws.services.s3.AmazonS3Client.invoke(AmazonS3Client.java:5456)
	at com.amazonaws.services.s3.AmazonS3Client.invoke(AmazonS3Client.java:5403)
	at com.amazonaws.services.s3.AmazonS3Client.access$300(AmazonS3Client.java:421)
	at com.amazonaws.services.s3.AmazonS3Client$PutObjectStrategy.invokeServiceCall(AmazonS3Client.java:6531)
	at com.amazonaws.services.s3.AmazonS3Client.uploadObject(AmazonS3Client.java:1861)
	at com.amazonaws.services.s3.AmazonS3Client.putObject(AmazonS3Client.java:1821)
	at org.apache.hadoop.fs.s3a.S3AFileSystem.lambda$putObjectDirect$17(S3AFileSystem.java:2877)
	at org.apache.hadoop.fs.statistics.impl.IOStatisticsBinding.trackDurationOfSupplier(IOStatisticsBinding.java:604)
	at org.apache.hadoop.fs.s3a.S3AFileSystem.putObjectDirect(S3AFileSystem.java:2874)
	at org.apache.hadoop.fs.s3a.WriteOperationHelper.lambda$putObject$7(WriteOperationHelper.java:566)
	at org.apache.hadoop.fs.store.audit.AuditingFunctions.lambda$withinAuditSpan$0(AuditingFunctions.java:62)
	at org.apache.hadoop.fs.s3a.Invoker.once(Invoker.java:117)
	... 15 more

Driver stacktrace:)
Traceback (most recent call last):
  File "/opt/***/scripts/4_transform_to_gold.py", line 344, in <module>
    main()
  File "/opt/***/scripts/4_transform_to_gold.py", line 322, in main
    row_counts["fact_clinical_event"]  = transform_fact_clinical_event(spark)
                                         ^^^^^^^^^^^^^^^^^^^^^^^^^^^^^^^^^^^^
  File "/opt/***/scripts/4_transform_to_gold.py", line 240, in transform_fact_clinical_event
    .save(f"{GOLD_BASE}/fact_clinical_event")
     ^^^^^^^^^^^^^^^^^^^^^^^^^^^^^^^^^^^^^^^^
  File "/home/***/.local/lib/python3.12/site-packages/pyspark/python/lib/pyspark.zip/pyspark/sql/readwriter.py", line 1463, in save
  File "/home/***/.local/lib/python3.12/site-packages/pyspark/python/lib/py4j-0.10.9.7-src.zip/py4j/java_gateway.py", line 1322, in __call__
  File "/home/***/.local/lib/python3.12/site-packages/pyspark/python/lib/pyspark.zip/pyspark/errors/exceptions/captured.py", line 179, in deco
  File "/home/***/.local/lib/python3.12/site-packages/pyspark/python/lib/py4j-0.10.9.7-src.zip/py4j/protocol.py", line 326, in get_return_value
py4j.protocol.Py4JJavaError: An error occurred while calling o283.save.
: org.apache.spark.SparkException: Job aborted due to stage failure: Task 16 in stage 164.0 failed 1 times, most recent failure: Lost task 16.0 in stage 164.0 (TID 2228) (host.containers.internal executor driver): org.apache.spark.SparkException: [TASK_WRITE_FAILED] Task failed while writing rows to s3a://lakehouse/topics/fact_clinical_event.
	at org.apache.spark.sql.errors.QueryExecutionErrors$.taskFailedWhileWritingRowsError(QueryExecutionErrors.scala:775)
	at org.apache.spark.sql.delta.files.DeltaFileFormatWriter$.executeTask(DeltaFileFormatWriter.scala:467)
	at org.apache.spark.sql.delta.files.DeltaFileFormatWriter$.$anonfun$executeWrite$3(DeltaFileFormatWriter.scala:279)
	at org.apache.spark.scheduler.ResultTask.runTask(ResultTask.scala:93)
	at org.apache.spark.TaskContext.runTaskWithListeners(TaskContext.scala:166)
	at org.apache.spark.scheduler.Task.run(Task.scala:141)
	at org.apache.spark.executor.Executor$TaskRunner.$anonfun$run$4(Executor.scala:621)
	at org.apache.spark.util.SparkErrorUtils.tryWithSafeFinally(SparkErrorUtils.scala:64)
	at org.apache.spark.util.SparkErrorUtils.tryWithSafeFinally$(SparkErrorUtils.scala:61)
	at org.apache.spark.util.Utils$.tryWithSafeFinally(Utils.scala:94)
	at org.apache.spark.executor.Executor$TaskRunner.run(Executor.scala:624)
	at java.base/java.util.concurrent.ThreadPoolExecutor.runWorker(Unknown Source)
	at java.base/java.util.concurrent.ThreadPoolExecutor$Worker.run(Unknown Source)
	at java.base/java.lang.Thread.run(Unknown Source)
Caused by: org.apache.hadoop.fs.s3a.AWSBadRequestException: Writing Object on topics/fact_clinical_event/event_year=2023/event_month=12/part-00016-61d4a556-95f4-4ac0-b6fd-e2c69dd26151.c000.snappy.parquet: com.amazonaws.services.s3.model.AmazonS3Exception: You did not provide the number of bytes specified by the Content-Length HTTP header. (Service: Amazon S3; Status Code: 400; Error Code: IncompleteBody; Request ID: 18B5E66EE7BE18CE; S3 Extended Request ID: dd9025bab4ad464b049177c95eb6ebf374d3b3fd1af9251148b658df7ac2e3e8; Proxy: null), S3 Extended Request ID: dd9025bab4ad464b049177c95eb6ebf374d3b3fd1af9251148b658df7ac2e3e8:IncompleteBody: You did not provide the number of bytes specified by the Content-Length HTTP header. (Service: Amazon S3; Status Code: 400; Error Code: IncompleteBody; Request ID: 18B5E66EE7BE18CE; S3 Extended Request ID: dd9025bab4ad464b049177c95eb6ebf374d3b3fd1af9251148b658df7ac2e3e8; Proxy: null)
	at org.apache.hadoop.fs.s3a.S3AUtils.translateException(S3AUtils.java:249)
	at org.apache.hadoop.fs.s3a.Invoker.once(Invoker.java:119)
	at org.apache.hadoop.fs.s3a.Invoker.lambda$retry$4(Invoker.java:322)
	at org.apache.hadoop.fs.s3a.Invoker.retryUntranslated(Invoker.java:414)
	at org.apache.hadoop.fs.s3a.Invoker.retry(Invoker.java:318)
	at org.apache.hadoop.fs.s3a.Invoker.retry(Invoker.java:293)
	at org.apache.hadoop.fs.s3a.WriteOperationHelper.retry(WriteOperationHelper.java:208)
	at org.apache.hadoop.fs.s3a.WriteOperationHelper.putObject(WriteOperationHelper.java:563)
	at org.apache.hadoop.fs.s3a.S3ABlockOutputStream.lambda$putObject$0(S3ABlockOutputStream.java:562)
	at org.apache.hadoop.thirdparty.com.google.common.util.concurrent.TrustedListenableFutureTask$TrustedFutureInterruptibleTask.runInterruptibly(TrustedListenableFutureTask.java:125)
	at org.apache.hadoop.thirdparty.com.google.common.util.concurrent.InterruptibleTask.run(InterruptibleTask.java:69)
	at org.apache.hadoop.thirdparty.com.google.common.util.concurrent.TrustedListenableFutureTask.run(TrustedListenableFutureTask.java:78)
	at org.apache.hadoop.util.SemaphoredDelegatingExecutor$RunnableWithPermitRelease.run(SemaphoredDelegatingExecutor.java:196)
	at org.apache.hadoop.util.SemaphoredDelegatingExecutor$RunnableWithPermitRelease.run(SemaphoredDelegatingExecutor.java:196)
	... 3 more
Caused by: com.amazonaws.services.s3.model.AmazonS3Exception: You did not provide the number of bytes specified by the Content-Length HTTP header. (Service: Amazon S3; Status Code: 400; Error Code: IncompleteBody; Request ID: 18B5E66EE7BE18CE; S3 Extended Request ID: dd9025bab4ad464b049177c95eb6ebf374d3b3fd1af9251148b658df7ac2e3e8; Proxy: null), S3 Extended Request ID: dd9025bab4ad464b049177c95eb6ebf374d3b3fd1af9251148b658df7ac2e3e8
	at com.amazonaws.http.AmazonHttpClient$RequestExecutor.handleErrorResponse(AmazonHttpClient.java:1879)
	at com.amazonaws.http.AmazonHttpClient$RequestExecutor.handleServiceErrorResponse(AmazonHttpClient.java:1418)
	at com.amazonaws.http.AmazonHttpClient$RequestExecutor.executeOneRequest(AmazonHttpClient.java:1387)
	at com.amazonaws.http.AmazonHttpClient$RequestExecutor.executeHelper(AmazonHttpClient.java:1157)
	at com.amazonaws.http.AmazonHttpClient$RequestExecutor.doExecute(AmazonHttpClient.java:814)
	at com.amazonaws.http.AmazonHttpClient$RequestExecutor.executeWithTimer(AmazonHttpClient.java:781)
	at com.amazonaws.http.AmazonHttpClient$RequestExecutor.execute(AmazonHttpClient.java:755)
	at com.amazonaws.http.AmazonHttpClient$RequestExecutor.access$500(AmazonHttpClient.java:715)
	at com.amazonaws.http.AmazonHttpClient$RequestExecutionBuilderImpl.execute(AmazonHttpClient.java:697)
	at com.amazonaws.http.AmazonHttpClient.execute(AmazonHttpClient.java:561)
	at com.amazonaws.http.AmazonHttpClient.execute(AmazonHttpClient.java:541)
	at com.amazonaws.services.s3.AmazonS3Client.invoke(AmazonS3Client.java:5456)
	at com.amazonaws.services.s3.AmazonS3Client.invoke(AmazonS3Client.java:5403)
	at com.amazonaws.services.s3.AmazonS3Client.access$300(AmazonS3Client.java:421)
	at com.amazonaws.services.s3.AmazonS3Client$PutObjectStrategy.invokeServiceCall(AmazonS3Client.java:6531)
	at com.amazonaws.services.s3.AmazonS3Client.uploadObject(AmazonS3Client.java:1861)
	at com.amazonaws.services.s3.AmazonS3Client.putObject(AmazonS3Client.java:1821)
	at org.apache.hadoop.fs.s3a.S3AFileSystem.lambda$putObjectDirect$17(S3AFileSystem.java:2877)
	at org.apache.hadoop.fs.statistics.impl.IOStatisticsBinding.trackDurationOfSupplier(IOStatisticsBinding.java:604)
	at org.apache.hadoop.fs.s3a.S3AFileSystem.putObjectDirect(S3AFileSystem.java:2874)
	at org.apache.hadoop.fs.s3a.WriteOperationHelper.lambda$putObject$7(WriteOperationHelper.java:566)
	at org.apache.hadoop.fs.store.audit.AuditingFunctions.lambda$withinAuditSpan$0(AuditingFunctions.java:62)
	at org.apache.hadoop.fs.s3a.Invoker.once(Invoker.java:117)
	... 15 more

Driver stacktrace:
	at org.apache.spark.scheduler.DAGScheduler.failJobAndIndependentStages(DAGScheduler.scala:2898)
	at org.apache.spark.scheduler.DAGScheduler.$anonfun$abortStage$2(DAGScheduler.scala:2834)
	at org.apache.spark.scheduler.DAGScheduler.$anonfun$abortStage$2$adapted(DAGScheduler.scala:2833)
	at scala.collection.mutable.ResizableArray.foreach(ResizableArray.scala:62)
	at scala.collection.mutable.ResizableArray.foreach$(ResizableArray.scala:55)
	at scala.collection.mutable.ArrayBuffer.foreach(ArrayBuffer.scala:49)
	at org.apache.spark.scheduler.DAGScheduler.abortStage(DAGScheduler.scala:2833)
	at org.apache.spark.scheduler.DAGScheduler.$anonfun$handleTaskSetFailed$1(DAGScheduler.scala:1253)
	at org.apache.spark.scheduler.DAGScheduler.$anonfun$handleTaskSetFailed$1$adapted(DAGScheduler.scala:1253)
	at scala.Option.foreach(Option.scala:407)
	at org.apache.spark.scheduler.DAGScheduler.handleTaskSetFailed(DAGScheduler.scala:1253)
	at org.apache.spark.scheduler.DAGSchedulerEventProcessLoop.doOnReceive(DAGScheduler.scala:3102)
	at org.apache.spark.scheduler.DAGSchedulerEventProcessLoop.onReceive(DAGScheduler.scala:3036)
	at org.apache.spark.scheduler.DAGSchedulerEventProcessLoop.onReceive(DAGScheduler.scala:3025)
	at org.apache.spark.util.EventLoop$$anon$1.run(EventLoop.scala:49)
	at org.apache.spark.scheduler.DAGScheduler.runJob(DAGScheduler.scala:995)
	at org.apache.spark.SparkContext.runJob(SparkContext.scala:2393)
	at org.apache.spark.sql.delta.files.DeltaFileFormatWriter$.$anonfun$executeWrite$1(DeltaFileFormatWriter.scala:267)
	at org.apache.spark.sql.delta.files.DeltaFileFormatWriter$.writeAndCommit(DeltaFileFormatWriter.scala:300)
	at org.apache.spark.sql.delta.files.DeltaFileFormatWriter$.executeWrite(DeltaFileFormatWriter.scala:236)
	at org.apache.spark.sql.delta.files.DeltaFileFormatWriter$.write(DeltaFileFormatWriter.scala:216)
	at org.apache.spark.sql.delta.files.TransactionalWrite.$anonfun$writeFiles$2(TransactionalWrite.scala:456)
	at scala.runtime.java8.JFunction0$mcV$sp.apply(JFunction0$mcV$sp.java:23)
	at org.apache.spark.sql.execution.SQLExecution$.$anonfun$withNewExecutionId$6(SQLExecution.scala:125)
	at org.apache.spark.sql.execution.SQLExecution$.withSQLConfPropagated(SQLExecution.scala:201)
	at org.apache.spark.sql.execution.SQLExecution$.$anonfun$withNewExecutionId$1(SQLExecution.scala:108)
	at org.apache.spark.sql.SparkSession.withActive(SparkSession.scala:900)
	at org.apache.spark.sql.execution.SQLExecution$.withNewExecutionId(SQLExecution.scala:66)
	at org.apache.spark.sql.delta.files.TransactionalWrite.writeFiles(TransactionalWrite.scala:414)
	at org.apache.spark.sql.delta.files.TransactionalWrite.writeFiles$(TransactionalWrite.scala:372)
	at org.apache.spark.sql.delta.OptimisticTransaction.writeFiles(OptimisticTransaction.scala:165)
	at org.apache.spark.sql.delta.files.TransactionalWrite.writeFiles(TransactionalWrite.scala:247)
	at org.apache.spark.sql.delta.files.TransactionalWrite.writeFiles$(TransactionalWrite.scala:243)
	at org.apache.spark.sql.delta.OptimisticTransaction.writeFiles(OptimisticTransaction.scala:165)
	at org.apache.spark.sql.delta.files.TransactionalWrite.writeFiles(TransactionalWrite.scala:236)
	at org.apache.spark.sql.delta.files.TransactionalWrite.writeFiles$(TransactionalWrite.scala:233)
	at org.apache.spark.sql.delta.OptimisticTransaction.writeFiles(OptimisticTransaction.scala:165)
	at org.apache.spark.sql.delta.commands.WriteIntoDelta.writeFiles(WriteIntoDelta.scala:377)
	at org.apache.spark.sql.delta.commands.WriteIntoDelta.writeAndReturnCommitData(WriteIntoDelta.scala:325)
	at org.apache.spark.sql.delta.commands.WriteIntoDelta.$anonfun$run$1(WriteIntoDelta.scala:108)
	at org.apache.spark.sql.delta.DeltaLog.withNewTransaction(DeltaLog.scala:241)
	at org.apache.spark.sql.delta.commands.WriteIntoDelta.run(WriteIntoDelta.scala:103)
	at org.apache.spark.sql.delta.sources.DeltaDataSource.createRelation(DeltaDataSource.scala:204)
	at org.apache.spark.sql.execution.datasources.SaveIntoDataSourceCommand.run(SaveIntoDataSourceCommand.scala:48)
	at org.apache.spark.sql.execution.command.ExecutedCommandExec.sideEffectResult$lzycompute(commands.scala:75)
	at org.apache.spark.sql.execution.command.ExecutedCommandExec.sideEffectResult(commands.scala:73)
	at org.apache.spark.sql.execution.command.ExecutedCommandExec.executeCollect(commands.scala:84)
	at org.apache.spark.sql.execution.QueryExecution$$anonfun$eagerlyExecuteCommands$1.$anonfun$applyOrElse$1(QueryExecution.scala:107)
	at org.apache.spark.sql.execution.SQLExecution$.$anonfun$withNewExecutionId$6(SQLExecution.scala:125)
	at org.apache.spark.sql.execution.SQLExecution$.withSQLConfPropagated(SQLExecution.scala:201)
	at org.apache.spark.sql.execution.SQLExecution$.$anonfun$withNewExecutionId$1(SQLExecution.scala:108)
	at org.apache.spark.sql.SparkSession.withActive(SparkSession.scala:900)
	at org.apache.spark.sql.execution.SQLExecution$.withNewExecutionId(SQLExecution.scala:66)
	at org.apache.spark.sql.execution.QueryExecution$$anonfun$eagerlyExecuteCommands$1.applyOrElse(QueryExecution.scala:107)
	at org.apache.spark.sql.execution.QueryExecution$$anonfun$eagerlyExecuteCommands$1.applyOrElse(QueryExecution.scala:98)
	at org.apache.spark.sql.catalyst.trees.TreeNode.$anonfun$transformDownWithPruning$1(TreeNode.scala:461)
	at org.apache.spark.sql.catalyst.trees.CurrentOrigin$.withOrigin(origin.scala:76)
	at org.apache.spark.sql.catalyst.trees.TreeNode.transformDownWithPruning(TreeNode.scala:461)
	at org.apache.spark.sql.catalyst.plans.logical.LogicalPlan.org$apache$spark$sql$catalyst$plans$logical$AnalysisHelper$$super$transformDownWithPruning(LogicalPlan.scala:32)
	at org.apache.spark.sql.catalyst.plans.logical.AnalysisHelper.transformDownWithPruning(AnalysisHelper.scala:267)
	at org.apache.spark.sql.catalyst.plans.logical.AnalysisHelper.transformDownWithPruning$(AnalysisHelper.scala:263)
	at org.apache.spark.sql.catalyst.plans.logical.LogicalPlan.transformDownWithPruning(LogicalPlan.scala:32)
	at org.apache.spark.sql.catalyst.plans.logical.LogicalPlan.transformDownWithPruning(LogicalPlan.scala:32)
	at org.apache.spark.sql.catalyst.trees.TreeNode.transformDown(TreeNode.scala:437)
	at org.apache.spark.sql.execution.QueryExecution.eagerlyExecuteCommands(QueryExecution.scala:98)
	at org.apache.spark.sql.execution.QueryExecution.commandExecuted$lzycompute(QueryExecution.scala:85)
	at org.apache.spark.sql.execution.QueryExecution.commandExecuted(QueryExecution.scala:83)
	at org.apache.spark.sql.execution.QueryExecution.assertCommandExecuted(QueryExecution.scala:142)
	at org.apache.spark.sql.DataFrameWriter.runCommand(DataFrameWriter.scala:869)
	at org.apache.spark.sql.DataFrameWriter.saveToV1Source(DataFrameWriter.scala:391)
	at org.apache.spark.sql.DataFrameWriter.saveInternal(DataFrameWriter.scala:307)
	at org.apache.spark.sql.DataFrameWriter.save(DataFrameWriter.scala:243)
	at java.base/jdk.internal.reflect.NativeMethodAccessorImpl.invoke0(Native Method)
	at java.base/jdk.internal.reflect.NativeMethodAccessorImpl.invoke(Unknown Source)
	at java.base/jdk.internal.reflect.DelegatingMethodAccessorImpl.invoke(Unknown Source)
	at java.base/java.lang.reflect.Method.invoke(Unknown Source)
	at py4j.reflection.MethodInvoker.invoke(MethodInvoker.java:244)
	at py4j.reflection.ReflectionEngine.invoke(ReflectionEngine.java:374)
	at py4j.Gateway.invoke(Gateway.java:282)
	at py4j.commands.AbstractCommand.invokeMethod(AbstractCommand.java:132)
	at py4j.commands.CallCommand.execute(CallCommand.java:79)
	at py4j.ClientServerConnection.waitForCommands(ClientServerConnection.java:182)
	at py4j.ClientServerConnection.run(ClientServerConnection.java:106)
	at java.base/java.lang.Thread.run(Unknown Source)
Caused by: org.apache.spark.SparkException: [TASK_WRITE_FAILED] Task failed while writing rows to s3a://lakehouse/topics/fact_clinical_event.
	at org.apache.spark.sql.errors.QueryExecutionErrors$.taskFailedWhileWritingRowsError(QueryExecutionErrors.scala:775)
	at org.apache.spark.sql.delta.files.DeltaFileFormatWriter$.executeTask(DeltaFileFormatWriter.scala:467)
	at org.apache.spark.sql.delta.files.DeltaFileFormatWriter$.$anonfun$executeWrite$3(DeltaFileFormatWriter.scala:279)
	at org.apache.spark.scheduler.ResultTask.runTask(ResultTask.scala:93)
	at org.apache.spark.TaskContext.runTaskWithListeners(TaskContext.scala:166)
	at org.apache.spark.scheduler.Task.run(Task.scala:141)
	at org.apache.spark.executor.Executor$TaskRunner.$anonfun$run$4(Executor.scala:621)
	at org.apache.spark.util.SparkErrorUtils.tryWithSafeFinally(SparkErrorUtils.scala:64)
	at org.apache.spark.util.SparkErrorUtils.tryWithSafeFinally$(SparkErrorUtils.scala:61)
	at org.apache.spark.util.Utils$.tryWithSafeFinally(Utils.scala:94)
	at org.apache.spark.executor.Executor$TaskRunner.run(Executor.scala:624)
	at java.base/java.util.concurrent.ThreadPoolExecutor.runWorker(Unknown Source)
	at java.base/java.util.concurrent.ThreadPoolExecutor$Worker.run(Unknown Source)
	... 1 more
Caused by: org.apache.hadoop.fs.s3a.AWSBadRequestException: Writing Object on topics/fact_clinical_event/event_year=2023/event_month=12/part-00016-61d4a556-95f4-4ac0-b6fd-e2c69dd26151.c000.snappy.parquet: com.amazonaws.services.s3.model.AmazonS3Exception: You did not provide the number of bytes specified by the Content-Length HTTP header. (Service: Amazon S3; Status Code: 400; Error Code: IncompleteBody; Request ID: 18B5E66EE7BE18CE; S3 Extended Request ID: dd9025bab4ad464b049177c95eb6ebf374d3b3fd1af9251148b658df7ac2e3e8; Proxy: null), S3 Extended Request ID: dd9025bab4ad464b049177c95eb6ebf374d3b3fd1af9251148b658df7ac2e3e8:IncompleteBody: You did not provide the number of bytes specified by the Content-Length HTTP header. (Service: Amazon S3; Status Code: 400; Error Code: IncompleteBody; Request ID: 18B5E66EE7BE18CE; S3 Extended Request ID: dd9025bab4ad464b049177c95eb6ebf374d3b3fd1af9251148b658df7ac2e3e8; Proxy: null)
	at org.apache.hadoop.fs.s3a.S3AUtils.translateException(S3AUtils.java:249)
	at org.apache.hadoop.fs.s3a.Invoker.once(Invoker.java:119)
	at org.apache.hadoop.fs.s3a.Invoker.lambda$retry$4(Invoker.java:322)
	at org.apache.hadoop.fs.s3a.Invoker.retryUntranslated(Invoker.java:414)
	at org.apache.hadoop.fs.s3a.Invoker.retry(Invoker.java:318)
	at org.apache.hadoop.fs.s3a.Invoker.retry(Invoker.java:293)
	at org.apache.hadoop.fs.s3a.WriteOperationHelper.retry(WriteOperationHelper.java:208)
	at org.apache.hadoop.fs.s3a.WriteOperationHelper.putObject(WriteOperationHelper.java:563)
	at org.apache.hadoop.fs.s3a.S3ABlockOutputStream.lambda$putObject$0(S3ABlockOutputStream.java:562)
	at org.apache.hadoop.thirdparty.com.google.common.util.concurrent.TrustedListenableFutureTask$TrustedFutureInterruptibleTask.runInterruptibly(TrustedListenableFutureTask.java:125)
	at org.apache.hadoop.thirdparty.com.google.common.util.concurrent.InterruptibleTask.run(InterruptibleTask.java:69)
	at org.apache.hadoop.thirdparty.com.google.common.util.concurrent.TrustedListenableFutureTask.run(TrustedListenableFutureTask.java:78)
	at org.apache.hadoop.util.SemaphoredDelegatingExecutor$RunnableWithPermitRelease.run(SemaphoredDelegatingExecutor.java:196)
	at org.apache.hadoop.util.SemaphoredDelegatingExecutor$RunnableWithPermitRelease.run(SemaphoredDelegatingExecutor.java:196)
	... 3 more
Caused by: com.amazonaws.services.s3.model.AmazonS3Exception: You did not provide the number of bytes specified by the Content-Length HTTP header. (Service: Amazon S3; Status Code: 400; Error Code: IncompleteBody; Request ID: 18B5E66EE7BE18CE; S3 Extended Request ID: dd9025bab4ad464b049177c95eb6ebf374d3b3fd1af9251148b658df7ac2e3e8; Proxy: null), S3 Extended Request ID: dd9025bab4ad464b049177c95eb6ebf374d3b3fd1af9251148b658df7ac2e3e8
	at com.amazonaws.http.AmazonHttpClient$RequestExecutor.handleErrorResponse(AmazonHttpClient.java:1879)
	at com.amazonaws.http.AmazonHttpClient$RequestExecutor.handleServiceErrorResponse(AmazonHttpClient.java:1418)
	at com.amazonaws.http.AmazonHttpClient$RequestExecutor.executeOneRequest(AmazonHttpClient.java:1387)
	at com.amazonaws.http.AmazonHttpClient$RequestExecutor.executeHelper(AmazonHttpClient.java:1157)
	at com.amazonaws.http.AmazonHttpClient$RequestExecutor.doExecute(AmazonHttpClient.java:814)
	at com.amazonaws.http.AmazonHttpClient$RequestExecutor.executeWithTimer(AmazonHttpClient.java:781)
	at com.amazonaws.http.AmazonHttpClient$RequestExecutor.execute(AmazonHttpClient.java:755)
	at com.amazonaws.http.AmazonHttpClient$RequestExecutor.access$500(AmazonHttpClient.java:715)
	at com.amazonaws.http.AmazonHttpClient$RequestExecutionBuilderImpl.execute(AmazonHttpClient.java:697)
	at com.amazonaws.http.AmazonHttpClient.execute(AmazonHttpClient.java:561)
	at com.amazonaws.http.AmazonHttpClient.execute(AmazonHttpClient.java:541)
	at com.amazonaws.services.s3.AmazonS3Client.invoke(AmazonS3Client.java:5456)
	at com.amazonaws.services.s3.AmazonS3Client.invoke(AmazonS3Client.java:5403)
	at com.amazonaws.services.s3.AmazonS3Client.access$300(AmazonS3Client.java:421)
	at com.amazonaws.services.s3.AmazonS3Client$PutObjectStrategy.invokeServiceCall(AmazonS3Client.java:6531)
	at com.amazonaws.services.s3.AmazonS3Client.uploadObject(AmazonS3Client.java:1861)
	at com.amazonaws.services.s3.AmazonS3Client.putObject(AmazonS3Client.java:1821)
	at org.apache.hadoop.fs.s3a.S3AFileSystem.lambda$putObjectDirect$17(S3AFileSystem.java:2877)
	at org.apache.hadoop.fs.statistics.impl.IOStatisticsBinding.trackDurationOfSupplier(IOStatisticsBinding.java:604)
	at org.apache.hadoop.fs.s3a.S3AFileSystem.putObjectDirect(S3AFileSystem.java:2874)
	at org.apache.hadoop.fs.s3a.WriteOperationHelper.lambda$putObject$7(WriteOperationHelper.java:566)
	at org.apache.hadoop.fs.store.audit.AuditingFunctions.lambda$withinAuditSpan$0(AuditingFunctions.java:62)
	at org.apache.hadoop.fs.s3a.Invoker.once(Invoker.java:117)
	... 15 more
[2026-06-04T14:17:05.051+0000] {logging_mixin.py:190} WARNING - 2026-06-04 14:14:10.570 | INFO     | utils:run_with_spark_submit:179 - Script was not started with spark-submit. Submitting job to cluster via subprocess...
2026-06-04 14:14:10.570 | INFO     | utils:run_with_spark_submit:189 - Running command: spark-submit --master local[*] --packages io.delta:delta-spark_2.12:3.3.0,org.apache.hadoop:hadoop-aws:3.3.4,com.amazonaws:aws-java-sdk-bundle:1.12.262 /opt/***/scripts/4_transform_to_gold.py
2026-06-04 14:17:04.963 | ERROR    | utils:run_with_spark_submit:205 - Spark job submission failed with exit code: 1
[2026-06-04T14:17:05.064+0000] {logging_mixin.py:190} INFO - [run-meta] gold_transform → FAILED   run_id=fdcfd049-33e4-430b-86ee-a09b4fdc0c7e  err=Command '['uv', 'run', 'python', '/opt/***/scripts/4_transform_to_gold.py']' returned non-zero exit status 1.
[2026-06-04T14:17:05.065+0000] {taskinstance.py:3310} ERROR - Task failed with exception
Traceback (most recent call last):
  File "/home/airflow/.local/lib/python3.12/site-packages/airflow/models/taskinstance.py", line 767, in _execute_task
    result = _execute_callable(context=context, **execute_callable_kwargs)
             ^^^^^^^^^^^^^^^^^^^^^^^^^^^^^^^^^^^^^^^^^^^^^^^^^^^^^^^^^^^^^
  File "/home/airflow/.local/lib/python3.12/site-packages/airflow/models/taskinstance.py", line 733, in _execute_callable
    return ExecutionCallableRunner(
           ^^^^^^^^^^^^^^^^^^^^^^^^
  File "/home/airflow/.local/lib/python3.12/site-packages/airflow/utils/operator_helpers.py", line 252, in run
    return self.func(*args, **kwargs)
           ^^^^^^^^^^^^^^^^^^^^^^^^^^
  File "/home/airflow/.local/lib/python3.12/site-packages/airflow/models/baseoperator.py", line 406, in wrapper
    return func(self, *args, **kwargs)
           ^^^^^^^^^^^^^^^^^^^^^^^^^^^
  File "/home/airflow/.local/lib/python3.12/site-packages/airflow/operators/python.py", line 238, in execute
    return_value = self.execute_callable()
                   ^^^^^^^^^^^^^^^^^^^^^^^
  File "/home/airflow/.local/lib/python3.12/site-packages/airflow/operators/python.py", line 256, in execute_callable
    return runner.run(*self.op_args, **self.op_kwargs)
           ^^^^^^^^^^^^^^^^^^^^^^^^^^^^^^^^^^^^^^^^^^^
  File "/home/airflow/.local/lib/python3.12/site-packages/airflow/utils/operator_helpers.py", line 252, in run
    return self.func(*args, **kwargs)
           ^^^^^^^^^^^^^^^^^^^^^^^^^^
  File "/opt/airflow/dags/ehr_data_pipeline.py", line 567, in gold_transform
    res.check_returncode()
  File "/usr/local/lib/python3.12/subprocess.py", line 502, in check_returncode
    raise CalledProcessError(self.returncode, self.args, self.stdout,
subprocess.CalledProcessError: Command '['uv', 'run', 'python', '/opt/airflow/scripts/4_transform_to_gold.py']' returned non-zero exit status 1.
[2026-06-04T14:17:05.076+0000] {taskinstance.py:1225} INFO - Marking task as FAILED. dag_id=ehr_data_pipeline, task_id=gold_transform, run_id=manual__2026-06-04T14:11:14.322275+00:00, execution_date=20260604T141114, start_date=20260604T141410, end_date=20260604T141705
[2026-06-04T14:17:05.096+0000] {taskinstance.py:340} INFO - ::group::Post task execution logs
[2026-06-04T14:17:05.096+0000] {standard_task_runner.py:124} ERROR - Failed to execute job 37 for task gold_transform (Command '['uv', 'run', 'python', '/opt/airflow/scripts/4_transform_to_gold.py']' returned non-zero exit status 1.; 1136)
Traceback (most recent call last):
  File "/home/airflow/.local/lib/python3.12/site-packages/airflow/task/task_runner/standard_task_runner.py", line 117, in _start_by_fork
    ret = args.func(args, dag=self.dag)
          ^^^^^^^^^^^^^^^^^^^^^^^^^^^^^
  File "/home/airflow/.local/lib/python3.12/site-packages/airflow/cli/cli_config.py", line 49, in command
    return func(*args, **kwargs)
           ^^^^^^^^^^^^^^^^^^^^^
  File "/home/airflow/.local/lib/python3.12/site-packages/airflow/utils/cli.py", line 115, in wrapper
    return f(*args, **kwargs)
           ^^^^^^^^^^^^^^^^^^
  File "/home/airflow/.local/lib/python3.12/site-packages/airflow/cli/commands/task_command.py", line 483, in task_run
    task_return_code = _run_task_by_selected_method(args, _dag, ti)
                       ^^^^^^^^^^^^^^^^^^^^^^^^^^^^^^^^^^^^^^^^^^^^
  File "/home/airflow/.local/lib/python3.12/site-packages/airflow/cli/commands/task_command.py", line 256, in _run_task_by_selected_method
    return _run_raw_task(args, ti)
           ^^^^^^^^^^^^^^^^^^^^^^^
  File "/home/airflow/.local/lib/python3.12/site-packages/airflow/cli/commands/task_command.py", line 341, in _run_raw_task
    return ti._run_raw_task(
           ^^^^^^^^^^^^^^^^^
  File "/home/airflow/.local/lib/python3.12/site-packages/airflow/utils/session.py", line 97, in wrapper
    return func(*args, session=session, **kwargs)
           ^^^^^^^^^^^^^^^^^^^^^^^^^^^^^^^^^^^^^^
  File "/home/airflow/.local/lib/python3.12/site-packages/airflow/models/taskinstance.py", line 3004, in _run_raw_task
    return _run_raw_task(
           ^^^^^^^^^^^^^^
  File "/home/airflow/.local/lib/python3.12/site-packages/airflow/models/taskinstance.py", line 273, in _run_raw_task
    TaskInstance._execute_task_with_callbacks(
  File "/home/airflow/.local/lib/python3.12/site-packages/airflow/models/taskinstance.py", line 3158, in _execute_task_with_callbacks
    result = self._execute_task(context, task_orig)
             ^^^^^^^^^^^^^^^^^^^^^^^^^^^^^^^^^^^^^^
  File "/home/airflow/.local/lib/python3.12/site-packages/airflow/models/taskinstance.py", line 3182, in _execute_task
    return _execute_task(self, context, task_orig)
           ^^^^^^^^^^^^^^^^^^^^^^^^^^^^^^^^^^^^^^^
  File "/home/airflow/.local/lib/python3.12/site-packages/airflow/models/taskinstance.py", line 767, in _execute_task
    result = _execute_callable(context=context, **execute_callable_kwargs)
             ^^^^^^^^^^^^^^^^^^^^^^^^^^^^^^^^^^^^^^^^^^^^^^^^^^^^^^^^^^^^^
  File "/home/airflow/.local/lib/python3.12/site-packages/airflow/models/taskinstance.py", line 733, in _execute_callable
    return ExecutionCallableRunner(
           ^^^^^^^^^^^^^^^^^^^^^^^^
  File "/home/airflow/.local/lib/python3.12/site-packages/airflow/utils/operator_helpers.py", line 252, in run
    return self.func(*args, **kwargs)
           ^^^^^^^^^^^^^^^^^^^^^^^^^^
  File "/home/airflow/.local/lib/python3.12/site-packages/airflow/models/baseoperator.py", line 406, in wrapper
    return func(self, *args, **kwargs)
           ^^^^^^^^^^^^^^^^^^^^^^^^^^^
  File "/home/airflow/.local/lib/python3.12/site-packages/airflow/operators/python.py", line 238, in execute
    return_value = self.execute_callable()
                   ^^^^^^^^^^^^^^^^^^^^^^^
  File "/home/airflow/.local/lib/python3.12/site-packages/airflow/operators/python.py", line 256, in execute_callable
    return runner.run(*self.op_args, **self.op_kwargs)
           ^^^^^^^^^^^^^^^^^^^^^^^^^^^^^^^^^^^^^^^^^^^
  File "/home/airflow/.local/lib/python3.12/site-packages/airflow/utils/operator_helpers.py", line 252, in run
    return self.func(*args, **kwargs)
           ^^^^^^^^^^^^^^^^^^^^^^^^^^
  File "/opt/airflow/dags/ehr_data_pipeline.py", line 567, in gold_transform
    res.check_returncode()
  File "/usr/local/lib/python3.12/subprocess.py", line 502, in check_returncode
    raise CalledProcessError(self.returncode, self.args, self.stdout,
subprocess.CalledProcessError: Command '['uv', 'run', 'python', '/opt/airflow/scripts/4_transform_to_gold.py']' returned non-zero exit status 1.
[2026-06-04T14:17:05.129+0000] {local_task_job_runner.py:266} INFO - Task exited with return code 1
[2026-06-04T14:17:05.146+0000] {taskinstance.py:3900} INFO - 0 downstream tasks scheduled from follow-on schedule check
[2026-06-04T14:17:05.154+0000] {local_task_job_runner.py:245} INFO - ::endgroup::
