[2026-06-04T13:29:34.702+0000] {processor.py:186} INFO - Started process (PID=155) to work on /opt/airflow/dags/datahub_ingestion.py
[2026-06-04T13:29:34.702+0000] {processor.py:914} INFO - Processing file /opt/airflow/dags/datahub_ingestion.py for tasks to queue
[2026-06-04T13:29:34.704+0000] {logging_mixin.py:190} INFO - [2026-06-04T13:29:34.704+0000] {dagbag.py:588} INFO - Filling up the DagBag from /opt/airflow/dags/datahub_ingestion.py
[2026-06-04T13:29:34.737+0000] {processor.py:925} INFO - DAG(s) 'datahub_metadata_ingestion' retrieved from /opt/airflow/dags/datahub_ingestion.py
[2026-06-04T13:29:35.037+0000] {logging_mixin.py:190} INFO - [2026-06-04T13:29:35.037+0000] {override.py:1900} INFO - Created Permission View: can read on DAG:datahub_metadata_ingestion
[2026-06-04T13:29:35.062+0000] {logging_mixin.py:190} INFO - [2026-06-04T13:29:35.062+0000] {override.py:1900} INFO - Created Permission View: can edit on DAG:datahub_metadata_ingestion
[2026-06-04T13:29:35.084+0000] {logging_mixin.py:190} INFO - [2026-06-04T13:29:35.084+0000] {override.py:1900} INFO - Created Permission View: can delete on DAG:datahub_metadata_ingestion
[2026-06-04T13:29:35.129+0000] {logging_mixin.py:190} INFO - [2026-06-04T13:29:35.128+0000] {override.py:1900} INFO - Created Permission View: can read on DAG Run:datahub_metadata_ingestion
[2026-06-04T13:29:35.155+0000] {logging_mixin.py:190} INFO - [2026-06-04T13:29:35.155+0000] {override.py:1900} INFO - Created Permission View: can delete on DAG Run:datahub_metadata_ingestion
[2026-06-04T13:29:35.174+0000] {logging_mixin.py:190} INFO - [2026-06-04T13:29:35.174+0000] {override.py:1900} INFO - Created Permission View: menu access on DAG Run:datahub_metadata_ingestion
[2026-06-04T13:29:35.189+0000] {logging_mixin.py:190} INFO - [2026-06-04T13:29:35.189+0000] {override.py:1900} INFO - Created Permission View: can create on DAG Run:datahub_metadata_ingestion
[2026-06-04T13:29:35.190+0000] {logging_mixin.py:190} INFO - [2026-06-04T13:29:35.190+0000] {dag.py:3239} INFO - Sync 1 DAGs
[2026-06-04T13:29:35.201+0000] {logging_mixin.py:190} INFO - [2026-06-04T13:29:35.201+0000] {dag.py:3262} INFO - Creating ORM DAG for datahub_metadata_ingestion
[2026-06-04T13:29:35.214+0000] {logging_mixin.py:190} INFO - [2026-06-04T13:29:35.213+0000] {dag.py:4180} INFO - Setting next_dagrun for datahub_metadata_ingestion to 2026-06-04 13:20:00+00:00, run_after=2026-06-04 13:25:00+00:00
[2026-06-04T13:29:35.244+0000] {processor.py:208} INFO - Processing /opt/airflow/dags/datahub_ingestion.py took 0.547 seconds
[2026-06-04T13:30:05.454+0000] {processor.py:186} INFO - Started process (PID=165) to work on /opt/airflow/dags/datahub_ingestion.py
[2026-06-04T13:30:05.458+0000] {processor.py:914} INFO - Processing file /opt/airflow/dags/datahub_ingestion.py for tasks to queue
[2026-06-04T13:30:05.461+0000] {logging_mixin.py:190} INFO - [2026-06-04T13:30:05.461+0000] {dagbag.py:588} INFO - Filling up the DagBag from /opt/airflow/dags/datahub_ingestion.py
[2026-06-04T13:30:05.481+0000] {processor.py:925} INFO - DAG(s) 'datahub_metadata_ingestion' retrieved from /opt/airflow/dags/datahub_ingestion.py
[2026-06-04T13:30:05.502+0000] {logging_mixin.py:190} INFO - [2026-06-04T13:30:05.502+0000] {dag.py:3239} INFO - Sync 1 DAGs
[2026-06-04T13:30:05.531+0000] {logging_mixin.py:190} INFO - [2026-06-04T13:30:05.531+0000] {dag.py:4180} INFO - Setting next_dagrun for datahub_metadata_ingestion to 2026-06-04 13:25:00+00:00, run_after=2026-06-04 13:30:00+00:00
[2026-06-04T13:30:05.555+0000] {processor.py:208} INFO - Processing /opt/airflow/dags/datahub_ingestion.py took 0.107 seconds
[2026-06-04T13:30:35.806+0000] {processor.py:186} INFO - Started process (PID=175) to work on /opt/airflow/dags/datahub_ingestion.py
[2026-06-04T13:30:35.808+0000] {processor.py:914} INFO - Processing file /opt/airflow/dags/datahub_ingestion.py for tasks to queue
[2026-06-04T13:30:35.811+0000] {logging_mixin.py:190} INFO - [2026-06-04T13:30:35.811+0000] {dagbag.py:588} INFO - Filling up the DagBag from /opt/airflow/dags/datahub_ingestion.py
[2026-06-04T13:30:35.833+0000] {processor.py:925} INFO - DAG(s) 'datahub_metadata_ingestion' retrieved from /opt/airflow/dags/datahub_ingestion.py
[2026-06-04T13:30:35.860+0000] {logging_mixin.py:190} INFO - [2026-06-04T13:30:35.860+0000] {dag.py:3239} INFO - Sync 1 DAGs
[2026-06-04T13:30:35.887+0000] {logging_mixin.py:190} INFO - [2026-06-04T13:30:35.887+0000] {dag.py:4180} INFO - Setting next_dagrun for datahub_metadata_ingestion to 2026-06-04 13:25:00+00:00, run_after=2026-06-04 13:30:00+00:00
[2026-06-04T13:30:35.916+0000] {processor.py:208} INFO - Processing /opt/airflow/dags/datahub_ingestion.py took 0.119 seconds
[2026-06-04T13:31:06.126+0000] {processor.py:186} INFO - Started process (PID=239) to work on /opt/airflow/dags/datahub_ingestion.py
[2026-06-04T13:31:06.127+0000] {processor.py:914} INFO - Processing file /opt/airflow/dags/datahub_ingestion.py for tasks to queue
[2026-06-04T13:31:06.129+0000] {logging_mixin.py:190} INFO - [2026-06-04T13:31:06.129+0000] {dagbag.py:588} INFO - Filling up the DagBag from /opt/airflow/dags/datahub_ingestion.py
[2026-06-04T13:31:06.145+0000] {processor.py:925} INFO - DAG(s) 'datahub_metadata_ingestion' retrieved from /opt/airflow/dags/datahub_ingestion.py
[2026-06-04T13:31:06.170+0000] {logging_mixin.py:190} INFO - [2026-06-04T13:31:06.170+0000] {dag.py:3239} INFO - Sync 1 DAGs
[2026-06-04T13:31:06.199+0000] {logging_mixin.py:190} INFO - [2026-06-04T13:31:06.199+0000] {dag.py:4180} INFO - Setting next_dagrun for datahub_metadata_ingestion to 2026-06-04 13:25:00+00:00, run_after=2026-06-04 13:30:00+00:00
[2026-06-04T13:31:06.228+0000] {processor.py:208} INFO - Processing /opt/airflow/dags/datahub_ingestion.py took 0.108 seconds
[2026-06-04T13:31:36.466+0000] {processor.py:186} INFO - Started process (PID=250) to work on /opt/airflow/dags/datahub_ingestion.py
[2026-06-04T13:31:36.468+0000] {processor.py:914} INFO - Processing file /opt/airflow/dags/datahub_ingestion.py for tasks to queue
[2026-06-04T13:31:36.471+0000] {logging_mixin.py:190} INFO - [2026-06-04T13:31:36.470+0000] {dagbag.py:588} INFO - Filling up the DagBag from /opt/airflow/dags/datahub_ingestion.py
[2026-06-04T13:31:36.490+0000] {processor.py:925} INFO - DAG(s) 'datahub_metadata_ingestion' retrieved from /opt/airflow/dags/datahub_ingestion.py
[2026-06-04T13:31:36.511+0000] {logging_mixin.py:190} INFO - [2026-06-04T13:31:36.511+0000] {dag.py:3239} INFO - Sync 1 DAGs
[2026-06-04T13:31:36.540+0000] {logging_mixin.py:190} INFO - [2026-06-04T13:31:36.540+0000] {dag.py:4180} INFO - Setting next_dagrun for datahub_metadata_ingestion to 2026-06-04 13:25:00+00:00, run_after=2026-06-04 13:30:00+00:00
[2026-06-04T13:31:36.561+0000] {processor.py:208} INFO - Processing /opt/airflow/dags/datahub_ingestion.py took 0.104 seconds
[2026-06-04T13:32:06.803+0000] {processor.py:186} INFO - Started process (PID=260) to work on /opt/airflow/dags/datahub_ingestion.py
[2026-06-04T13:32:06.805+0000] {processor.py:914} INFO - Processing file /opt/airflow/dags/datahub_ingestion.py for tasks to queue
[2026-06-04T13:32:06.807+0000] {logging_mixin.py:190} INFO - [2026-06-04T13:32:06.807+0000] {dagbag.py:588} INFO - Filling up the DagBag from /opt/airflow/dags/datahub_ingestion.py
[2026-06-04T13:32:06.826+0000] {processor.py:925} INFO - DAG(s) 'datahub_metadata_ingestion' retrieved from /opt/airflow/dags/datahub_ingestion.py
[2026-06-04T13:32:06.846+0000] {logging_mixin.py:190} INFO - [2026-06-04T13:32:06.845+0000] {dag.py:3239} INFO - Sync 1 DAGs
[2026-06-04T13:32:06.879+0000] {logging_mixin.py:190} INFO - [2026-06-04T13:32:06.879+0000] {dag.py:4180} INFO - Setting next_dagrun for datahub_metadata_ingestion to 2026-06-04 13:25:00+00:00, run_after=2026-06-04 13:30:00+00:00
[2026-06-04T13:32:06.904+0000] {processor.py:208} INFO - Processing /opt/airflow/dags/datahub_ingestion.py took 0.111 seconds
[2026-06-04T13:32:37.224+0000] {processor.py:186} INFO - Started process (PID=275) to work on /opt/airflow/dags/datahub_ingestion.py
[2026-06-04T13:32:37.226+0000] {processor.py:914} INFO - Processing file /opt/airflow/dags/datahub_ingestion.py for tasks to queue
[2026-06-04T13:32:37.228+0000] {logging_mixin.py:190} INFO - [2026-06-04T13:32:37.228+0000] {dagbag.py:588} INFO - Filling up the DagBag from /opt/airflow/dags/datahub_ingestion.py
[2026-06-04T13:32:37.246+0000] {processor.py:925} INFO - DAG(s) 'datahub_metadata_ingestion' retrieved from /opt/airflow/dags/datahub_ingestion.py
[2026-06-04T13:32:37.269+0000] {logging_mixin.py:190} INFO - [2026-06-04T13:32:37.269+0000] {dag.py:3239} INFO - Sync 1 DAGs
[2026-06-04T13:32:37.300+0000] {logging_mixin.py:190} INFO - [2026-06-04T13:32:37.299+0000] {dag.py:4180} INFO - Setting next_dagrun for datahub_metadata_ingestion to 2026-06-04 13:25:00+00:00, run_after=2026-06-04 13:30:00+00:00
[2026-06-04T13:32:37.324+0000] {processor.py:208} INFO - Processing /opt/airflow/dags/datahub_ingestion.py took 0.106 seconds
[2026-06-04T13:33:07.562+0000] {processor.py:186} INFO - Started process (PID=285) to work on /opt/airflow/dags/datahub_ingestion.py
[2026-06-04T13:33:07.563+0000] {processor.py:914} INFO - Processing file /opt/airflow/dags/datahub_ingestion.py for tasks to queue
[2026-06-04T13:33:07.565+0000] {logging_mixin.py:190} INFO - [2026-06-04T13:33:07.565+0000] {dagbag.py:588} INFO - Filling up the DagBag from /opt/airflow/dags/datahub_ingestion.py
[2026-06-04T13:33:07.582+0000] {processor.py:925} INFO - DAG(s) 'datahub_metadata_ingestion' retrieved from /opt/airflow/dags/datahub_ingestion.py
[2026-06-04T13:33:07.604+0000] {logging_mixin.py:190} INFO - [2026-06-04T13:33:07.604+0000] {dag.py:3239} INFO - Sync 1 DAGs
[2026-06-04T13:33:07.634+0000] {logging_mixin.py:190} INFO - [2026-06-04T13:33:07.634+0000] {dag.py:4180} INFO - Setting next_dagrun for datahub_metadata_ingestion to 2026-06-04 13:25:00+00:00, run_after=2026-06-04 13:30:00+00:00
[2026-06-04T13:33:07.738+0000] {processor.py:208} INFO - Processing /opt/airflow/dags/datahub_ingestion.py took 0.182 seconds
[2026-06-04T13:33:37.982+0000] {processor.py:186} INFO - Started process (PID=295) to work on /opt/airflow/dags/datahub_ingestion.py
[2026-06-04T13:33:37.984+0000] {processor.py:914} INFO - Processing file /opt/airflow/dags/datahub_ingestion.py for tasks to queue
[2026-06-04T13:33:37.987+0000] {logging_mixin.py:190} INFO - [2026-06-04T13:33:37.986+0000] {dagbag.py:588} INFO - Filling up the DagBag from /opt/airflow/dags/datahub_ingestion.py
[2026-06-04T13:33:38.003+0000] {processor.py:925} INFO - DAG(s) 'datahub_metadata_ingestion' retrieved from /opt/airflow/dags/datahub_ingestion.py
[2026-06-04T13:33:38.026+0000] {logging_mixin.py:190} INFO - [2026-06-04T13:33:38.026+0000] {dag.py:3239} INFO - Sync 1 DAGs
[2026-06-04T13:33:38.063+0000] {logging_mixin.py:190} INFO - [2026-06-04T13:33:38.063+0000] {dag.py:4180} INFO - Setting next_dagrun for datahub_metadata_ingestion to 2026-06-04 13:25:00+00:00, run_after=2026-06-04 13:30:00+00:00
[2026-06-04T13:33:38.252+0000] {processor.py:208} INFO - Processing /opt/airflow/dags/datahub_ingestion.py took 0.277 seconds
[2026-06-04T13:34:08.350+0000] {processor.py:186} INFO - Started process (PID=305) to work on /opt/airflow/dags/datahub_ingestion.py
[2026-06-04T13:34:08.351+0000] {processor.py:914} INFO - Processing file /opt/airflow/dags/datahub_ingestion.py for tasks to queue
[2026-06-04T13:34:08.354+0000] {logging_mixin.py:190} INFO - [2026-06-04T13:34:08.353+0000] {dagbag.py:588} INFO - Filling up the DagBag from /opt/airflow/dags/datahub_ingestion.py
[2026-06-04T13:34:08.370+0000] {processor.py:925} INFO - DAG(s) 'datahub_metadata_ingestion' retrieved from /opt/airflow/dags/datahub_ingestion.py
[2026-06-04T13:34:08.394+0000] {logging_mixin.py:190} INFO - [2026-06-04T13:34:08.394+0000] {dag.py:3239} INFO - Sync 1 DAGs
[2026-06-04T13:34:08.423+0000] {logging_mixin.py:190} INFO - [2026-06-04T13:34:08.423+0000] {dag.py:4180} INFO - Setting next_dagrun for datahub_metadata_ingestion to 2026-06-04 13:25:00+00:00, run_after=2026-06-04 13:30:00+00:00
[2026-06-04T13:34:08.443+0000] {processor.py:208} INFO - Processing /opt/airflow/dags/datahub_ingestion.py took 0.101 seconds
[2026-06-04T13:34:38.665+0000] {processor.py:186} INFO - Started process (PID=315) to work on /opt/airflow/dags/datahub_ingestion.py
[2026-06-04T13:34:38.666+0000] {processor.py:914} INFO - Processing file /opt/airflow/dags/datahub_ingestion.py for tasks to queue
[2026-06-04T13:34:38.668+0000] {logging_mixin.py:190} INFO - [2026-06-04T13:34:38.668+0000] {dagbag.py:588} INFO - Filling up the DagBag from /opt/airflow/dags/datahub_ingestion.py
[2026-06-04T13:34:38.685+0000] {processor.py:925} INFO - DAG(s) 'datahub_metadata_ingestion' retrieved from /opt/airflow/dags/datahub_ingestion.py
[2026-06-04T13:34:38.708+0000] {logging_mixin.py:190} INFO - [2026-06-04T13:34:38.707+0000] {dag.py:3239} INFO - Sync 1 DAGs
[2026-06-04T13:34:38.734+0000] {logging_mixin.py:190} INFO - [2026-06-04T13:34:38.733+0000] {dag.py:4180} INFO - Setting next_dagrun for datahub_metadata_ingestion to 2026-06-04 13:25:00+00:00, run_after=2026-06-04 13:30:00+00:00
[2026-06-04T13:34:38.754+0000] {processor.py:208} INFO - Processing /opt/airflow/dags/datahub_ingestion.py took 0.096 seconds
[2026-06-04T13:35:08.990+0000] {processor.py:186} INFO - Started process (PID=325) to work on /opt/airflow/dags/datahub_ingestion.py
[2026-06-04T13:35:08.991+0000] {processor.py:914} INFO - Processing file /opt/airflow/dags/datahub_ingestion.py for tasks to queue
[2026-06-04T13:35:08.993+0000] {logging_mixin.py:190} INFO - [2026-06-04T13:35:08.993+0000] {dagbag.py:588} INFO - Filling up the DagBag from /opt/airflow/dags/datahub_ingestion.py
[2026-06-04T13:35:09.009+0000] {processor.py:925} INFO - DAG(s) 'datahub_metadata_ingestion' retrieved from /opt/airflow/dags/datahub_ingestion.py
[2026-06-04T13:35:09.037+0000] {logging_mixin.py:190} INFO - [2026-06-04T13:35:09.037+0000] {dag.py:3239} INFO - Sync 1 DAGs
[2026-06-04T13:35:09.069+0000] {logging_mixin.py:190} INFO - [2026-06-04T13:35:09.069+0000] {dag.py:4180} INFO - Setting next_dagrun for datahub_metadata_ingestion to 2026-06-04 13:30:00+00:00, run_after=2026-06-04 13:35:00+00:00
[2026-06-04T13:35:09.096+0000] {processor.py:208} INFO - Processing /opt/airflow/dags/datahub_ingestion.py took 0.113 seconds
[2026-06-04T13:35:39.352+0000] {processor.py:186} INFO - Started process (PID=335) to work on /opt/airflow/dags/datahub_ingestion.py
[2026-06-04T13:35:39.354+0000] {processor.py:914} INFO - Processing file /opt/airflow/dags/datahub_ingestion.py for tasks to queue
[2026-06-04T13:35:39.356+0000] {logging_mixin.py:190} INFO - [2026-06-04T13:35:39.356+0000] {dagbag.py:588} INFO - Filling up the DagBag from /opt/airflow/dags/datahub_ingestion.py
[2026-06-04T13:35:39.372+0000] {processor.py:925} INFO - DAG(s) 'datahub_metadata_ingestion' retrieved from /opt/airflow/dags/datahub_ingestion.py
[2026-06-04T13:35:39.395+0000] {logging_mixin.py:190} INFO - [2026-06-04T13:35:39.395+0000] {dag.py:3239} INFO - Sync 1 DAGs
[2026-06-04T13:35:39.425+0000] {logging_mixin.py:190} INFO - [2026-06-04T13:35:39.425+0000] {dag.py:4180} INFO - Setting next_dagrun for datahub_metadata_ingestion to 2026-06-04 13:30:00+00:00, run_after=2026-06-04 13:35:00+00:00
[2026-06-04T13:35:39.608+0000] {processor.py:208} INFO - Processing /opt/airflow/dags/datahub_ingestion.py took 0.262 seconds
[2026-06-04T13:36:09.697+0000] {processor.py:186} INFO - Started process (PID=345) to work on /opt/airflow/dags/datahub_ingestion.py
[2026-06-04T13:36:09.699+0000] {processor.py:914} INFO - Processing file /opt/airflow/dags/datahub_ingestion.py for tasks to queue
[2026-06-04T13:36:09.701+0000] {logging_mixin.py:190} INFO - [2026-06-04T13:36:09.701+0000] {dagbag.py:588} INFO - Filling up the DagBag from /opt/airflow/dags/datahub_ingestion.py
[2026-06-04T13:36:09.718+0000] {processor.py:925} INFO - DAG(s) 'datahub_metadata_ingestion' retrieved from /opt/airflow/dags/datahub_ingestion.py
[2026-06-04T13:36:09.743+0000] {logging_mixin.py:190} INFO - [2026-06-04T13:36:09.743+0000] {dag.py:3239} INFO - Sync 1 DAGs
[2026-06-04T13:36:09.773+0000] {logging_mixin.py:190} INFO - [2026-06-04T13:36:09.773+0000] {dag.py:4180} INFO - Setting next_dagrun for datahub_metadata_ingestion to 2026-06-04 13:30:00+00:00, run_after=2026-06-04 13:35:00+00:00
[2026-06-04T13:36:09.800+0000] {processor.py:208} INFO - Processing /opt/airflow/dags/datahub_ingestion.py took 0.110 seconds
[2026-06-04T13:36:40.073+0000] {processor.py:186} INFO - Started process (PID=355) to work on /opt/airflow/dags/datahub_ingestion.py
[2026-06-04T13:36:40.074+0000] {processor.py:914} INFO - Processing file /opt/airflow/dags/datahub_ingestion.py for tasks to queue
[2026-06-04T13:36:40.076+0000] {logging_mixin.py:190} INFO - [2026-06-04T13:36:40.076+0000] {dagbag.py:588} INFO - Filling up the DagBag from /opt/airflow/dags/datahub_ingestion.py
[2026-06-04T13:36:40.091+0000] {processor.py:925} INFO - DAG(s) 'datahub_metadata_ingestion' retrieved from /opt/airflow/dags/datahub_ingestion.py
[2026-06-04T13:36:40.115+0000] {logging_mixin.py:190} INFO - [2026-06-04T13:36:40.114+0000] {dag.py:3239} INFO - Sync 1 DAGs
[2026-06-04T13:36:40.143+0000] {logging_mixin.py:190} INFO - [2026-06-04T13:36:40.143+0000] {dag.py:4180} INFO - Setting next_dagrun for datahub_metadata_ingestion to 2026-06-04 13:30:00+00:00, run_after=2026-06-04 13:35:00+00:00
[2026-06-04T13:36:40.167+0000] {processor.py:208} INFO - Processing /opt/airflow/dags/datahub_ingestion.py took 0.100 seconds
[2026-06-04T13:37:10.406+0000] {processor.py:186} INFO - Started process (PID=365) to work on /opt/airflow/dags/datahub_ingestion.py
[2026-06-04T13:37:10.407+0000] {processor.py:914} INFO - Processing file /opt/airflow/dags/datahub_ingestion.py for tasks to queue
[2026-06-04T13:37:10.409+0000] {logging_mixin.py:190} INFO - [2026-06-04T13:37:10.409+0000] {dagbag.py:588} INFO - Filling up the DagBag from /opt/airflow/dags/datahub_ingestion.py
[2026-06-04T13:37:10.425+0000] {processor.py:925} INFO - DAG(s) 'datahub_metadata_ingestion' retrieved from /opt/airflow/dags/datahub_ingestion.py
[2026-06-04T13:37:10.449+0000] {logging_mixin.py:190} INFO - [2026-06-04T13:37:10.449+0000] {dag.py:3239} INFO - Sync 1 DAGs
[2026-06-04T13:37:10.473+0000] {logging_mixin.py:190} INFO - [2026-06-04T13:37:10.473+0000] {dag.py:4180} INFO - Setting next_dagrun for datahub_metadata_ingestion to 2026-06-04 13:30:00+00:00, run_after=2026-06-04 13:35:00+00:00
[2026-06-04T13:37:10.492+0000] {processor.py:208} INFO - Processing /opt/airflow/dags/datahub_ingestion.py took 0.093 seconds
[2026-06-04T13:37:40.774+0000] {processor.py:186} INFO - Started process (PID=375) to work on /opt/airflow/dags/datahub_ingestion.py
[2026-06-04T13:37:40.779+0000] {processor.py:914} INFO - Processing file /opt/airflow/dags/datahub_ingestion.py for tasks to queue
[2026-06-04T13:37:40.781+0000] {logging_mixin.py:190} INFO - [2026-06-04T13:37:40.780+0000] {dagbag.py:588} INFO - Filling up the DagBag from /opt/airflow/dags/datahub_ingestion.py
[2026-06-04T13:37:40.798+0000] {processor.py:925} INFO - DAG(s) 'datahub_metadata_ingestion' retrieved from /opt/airflow/dags/datahub_ingestion.py
[2026-06-04T13:37:40.820+0000] {logging_mixin.py:190} INFO - [2026-06-04T13:37:40.820+0000] {dag.py:3239} INFO - Sync 1 DAGs
[2026-06-04T13:37:40.852+0000] {logging_mixin.py:190} INFO - [2026-06-04T13:37:40.852+0000] {dag.py:4180} INFO - Setting next_dagrun for datahub_metadata_ingestion to 2026-06-04 13:30:00+00:00, run_after=2026-06-04 13:35:00+00:00
[2026-06-04T13:37:41.035+0000] {processor.py:208} INFO - Processing /opt/airflow/dags/datahub_ingestion.py took 0.267 seconds
[2026-06-04T13:38:11.261+0000] {processor.py:186} INFO - Started process (PID=385) to work on /opt/airflow/dags/datahub_ingestion.py
[2026-06-04T13:38:11.262+0000] {processor.py:914} INFO - Processing file /opt/airflow/dags/datahub_ingestion.py for tasks to queue
[2026-06-04T13:38:11.264+0000] {logging_mixin.py:190} INFO - [2026-06-04T13:38:11.264+0000] {dagbag.py:588} INFO - Filling up the DagBag from /opt/airflow/dags/datahub_ingestion.py
[2026-06-04T13:38:11.281+0000] {processor.py:925} INFO - DAG(s) 'datahub_metadata_ingestion' retrieved from /opt/airflow/dags/datahub_ingestion.py
[2026-06-04T13:38:11.305+0000] {logging_mixin.py:190} INFO - [2026-06-04T13:38:11.304+0000] {dag.py:3239} INFO - Sync 1 DAGs
[2026-06-04T13:38:11.338+0000] {logging_mixin.py:190} INFO - [2026-06-04T13:38:11.337+0000] {dag.py:4180} INFO - Setting next_dagrun for datahub_metadata_ingestion to 2026-06-04 13:30:00+00:00, run_after=2026-06-04 13:35:00+00:00
[2026-06-04T13:38:11.365+0000] {processor.py:208} INFO - Processing /opt/airflow/dags/datahub_ingestion.py took 0.110 seconds
[2026-06-04T13:38:41.616+0000] {processor.py:186} INFO - Started process (PID=395) to work on /opt/airflow/dags/datahub_ingestion.py
[2026-06-04T13:38:41.618+0000] {processor.py:914} INFO - Processing file /opt/airflow/dags/datahub_ingestion.py for tasks to queue
[2026-06-04T13:38:41.621+0000] {logging_mixin.py:190} INFO - [2026-06-04T13:38:41.620+0000] {dagbag.py:588} INFO - Filling up the DagBag from /opt/airflow/dags/datahub_ingestion.py
[2026-06-04T13:38:41.637+0000] {processor.py:925} INFO - DAG(s) 'datahub_metadata_ingestion' retrieved from /opt/airflow/dags/datahub_ingestion.py
[2026-06-04T13:38:41.660+0000] {logging_mixin.py:190} INFO - [2026-06-04T13:38:41.660+0000] {dag.py:3239} INFO - Sync 1 DAGs
[2026-06-04T13:38:41.690+0000] {logging_mixin.py:190} INFO - [2026-06-04T13:38:41.690+0000] {dag.py:4180} INFO - Setting next_dagrun for datahub_metadata_ingestion to 2026-06-04 13:30:00+00:00, run_after=2026-06-04 13:35:00+00:00
[2026-06-04T13:38:41.716+0000] {processor.py:208} INFO - Processing /opt/airflow/dags/datahub_ingestion.py took 0.107 seconds
[2026-06-04T13:39:11.960+0000] {processor.py:186} INFO - Started process (PID=405) to work on /opt/airflow/dags/datahub_ingestion.py
[2026-06-04T13:39:11.962+0000] {processor.py:914} INFO - Processing file /opt/airflow/dags/datahub_ingestion.py for tasks to queue
[2026-06-04T13:39:11.964+0000] {logging_mixin.py:190} INFO - [2026-06-04T13:39:11.964+0000] {dagbag.py:588} INFO - Filling up the DagBag from /opt/airflow/dags/datahub_ingestion.py
[2026-06-04T13:39:11.984+0000] {processor.py:925} INFO - DAG(s) 'datahub_metadata_ingestion' retrieved from /opt/airflow/dags/datahub_ingestion.py
[2026-06-04T13:39:12.013+0000] {logging_mixin.py:190} INFO - [2026-06-04T13:39:12.013+0000] {dag.py:3239} INFO - Sync 1 DAGs
[2026-06-04T13:39:12.050+0000] {logging_mixin.py:190} INFO - [2026-06-04T13:39:12.050+0000] {dag.py:4180} INFO - Setting next_dagrun for datahub_metadata_ingestion to 2026-06-04 13:30:00+00:00, run_after=2026-06-04 13:35:00+00:00
[2026-06-04T13:39:12.080+0000] {processor.py:208} INFO - Processing /opt/airflow/dags/datahub_ingestion.py took 0.128 seconds
[2026-06-04T13:39:42.328+0000] {processor.py:186} INFO - Started process (PID=415) to work on /opt/airflow/dags/datahub_ingestion.py
[2026-06-04T13:39:42.329+0000] {processor.py:914} INFO - Processing file /opt/airflow/dags/datahub_ingestion.py for tasks to queue
[2026-06-04T13:39:42.331+0000] {logging_mixin.py:190} INFO - [2026-06-04T13:39:42.331+0000] {dagbag.py:588} INFO - Filling up the DagBag from /opt/airflow/dags/datahub_ingestion.py
[2026-06-04T13:39:42.348+0000] {processor.py:925} INFO - DAG(s) 'datahub_metadata_ingestion' retrieved from /opt/airflow/dags/datahub_ingestion.py
[2026-06-04T13:39:42.368+0000] {logging_mixin.py:190} INFO - [2026-06-04T13:39:42.368+0000] {dag.py:3239} INFO - Sync 1 DAGs
[2026-06-04T13:39:42.395+0000] {logging_mixin.py:190} INFO - [2026-06-04T13:39:42.395+0000] {dag.py:4180} INFO - Setting next_dagrun for datahub_metadata_ingestion to 2026-06-04 13:30:00+00:00, run_after=2026-06-04 13:35:00+00:00
[2026-06-04T13:39:42.577+0000] {processor.py:208} INFO - Processing /opt/airflow/dags/datahub_ingestion.py took 0.256 seconds
[2026-06-04T13:40:12.834+0000] {processor.py:186} INFO - Started process (PID=425) to work on /opt/airflow/dags/datahub_ingestion.py
[2026-06-04T13:40:12.836+0000] {processor.py:914} INFO - Processing file /opt/airflow/dags/datahub_ingestion.py for tasks to queue
[2026-06-04T13:40:12.838+0000] {logging_mixin.py:190} INFO - [2026-06-04T13:40:12.838+0000] {dagbag.py:588} INFO - Filling up the DagBag from /opt/airflow/dags/datahub_ingestion.py
[2026-06-04T13:40:12.855+0000] {processor.py:925} INFO - DAG(s) 'datahub_metadata_ingestion' retrieved from /opt/airflow/dags/datahub_ingestion.py
[2026-06-04T13:40:12.878+0000] {logging_mixin.py:190} INFO - [2026-06-04T13:40:12.878+0000] {dag.py:3239} INFO - Sync 1 DAGs
[2026-06-04T13:40:13.056+0000] {logging_mixin.py:190} INFO - [2026-06-04T13:40:13.056+0000] {dag.py:4180} INFO - Setting next_dagrun for datahub_metadata_ingestion to 2026-06-04 13:35:00+00:00, run_after=2026-06-04 13:40:00+00:00
[2026-06-04T13:40:13.079+0000] {processor.py:208} INFO - Processing /opt/airflow/dags/datahub_ingestion.py took 0.251 seconds
[2026-06-04T13:40:43.130+0000] {processor.py:186} INFO - Started process (PID=435) to work on /opt/airflow/dags/datahub_ingestion.py
[2026-06-04T13:40:43.132+0000] {processor.py:914} INFO - Processing file /opt/airflow/dags/datahub_ingestion.py for tasks to queue
[2026-06-04T13:40:43.134+0000] {logging_mixin.py:190} INFO - [2026-06-04T13:40:43.134+0000] {dagbag.py:588} INFO - Filling up the DagBag from /opt/airflow/dags/datahub_ingestion.py
[2026-06-04T13:40:43.151+0000] {processor.py:925} INFO - DAG(s) 'datahub_metadata_ingestion' retrieved from /opt/airflow/dags/datahub_ingestion.py
[2026-06-04T13:40:43.175+0000] {logging_mixin.py:190} INFO - [2026-06-04T13:40:43.175+0000] {dag.py:3239} INFO - Sync 1 DAGs
[2026-06-04T13:40:43.205+0000] {logging_mixin.py:190} INFO - [2026-06-04T13:40:43.205+0000] {dag.py:4180} INFO - Setting next_dagrun for datahub_metadata_ingestion to 2026-06-04 13:35:00+00:00, run_after=2026-06-04 13:40:00+00:00
[2026-06-04T13:40:43.230+0000] {processor.py:208} INFO - Processing /opt/airflow/dags/datahub_ingestion.py took 0.106 seconds
[2026-06-04T13:41:13.497+0000] {processor.py:186} INFO - Started process (PID=445) to work on /opt/airflow/dags/datahub_ingestion.py
[2026-06-04T13:41:13.499+0000] {processor.py:914} INFO - Processing file /opt/airflow/dags/datahub_ingestion.py for tasks to queue
[2026-06-04T13:41:13.501+0000] {logging_mixin.py:190} INFO - [2026-06-04T13:41:13.500+0000] {dagbag.py:588} INFO - Filling up the DagBag from /opt/airflow/dags/datahub_ingestion.py
[2026-06-04T13:41:13.518+0000] {processor.py:925} INFO - DAG(s) 'datahub_metadata_ingestion' retrieved from /opt/airflow/dags/datahub_ingestion.py
[2026-06-04T13:41:13.547+0000] {logging_mixin.py:190} INFO - [2026-06-04T13:41:13.547+0000] {dag.py:3239} INFO - Sync 1 DAGs
[2026-06-04T13:41:13.585+0000] {logging_mixin.py:190} INFO - [2026-06-04T13:41:13.585+0000] {dag.py:4180} INFO - Setting next_dagrun for datahub_metadata_ingestion to 2026-06-04 13:35:00+00:00, run_after=2026-06-04 13:40:00+00:00
[2026-06-04T13:41:13.622+0000] {processor.py:208} INFO - Processing /opt/airflow/dags/datahub_ingestion.py took 0.130 seconds
[2026-06-04T13:41:43.851+0000] {processor.py:186} INFO - Started process (PID=455) to work on /opt/airflow/dags/datahub_ingestion.py
[2026-06-04T13:41:43.852+0000] {processor.py:914} INFO - Processing file /opt/airflow/dags/datahub_ingestion.py for tasks to queue
[2026-06-04T13:41:43.855+0000] {logging_mixin.py:190} INFO - [2026-06-04T13:41:43.854+0000] {dagbag.py:588} INFO - Filling up the DagBag from /opt/airflow/dags/datahub_ingestion.py
[2026-06-04T13:41:43.871+0000] {processor.py:925} INFO - DAG(s) 'datahub_metadata_ingestion' retrieved from /opt/airflow/dags/datahub_ingestion.py
[2026-06-04T13:41:43.895+0000] {logging_mixin.py:190} INFO - [2026-06-04T13:41:43.895+0000] {dag.py:3239} INFO - Sync 1 DAGs
[2026-06-04T13:41:43.926+0000] {logging_mixin.py:190} INFO - [2026-06-04T13:41:43.926+0000] {dag.py:4180} INFO - Setting next_dagrun for datahub_metadata_ingestion to 2026-06-04 13:35:00+00:00, run_after=2026-06-04 13:40:00+00:00
[2026-06-04T13:41:44.103+0000] {processor.py:208} INFO - Processing /opt/airflow/dags/datahub_ingestion.py took 0.258 seconds
[2026-06-04T13:42:14.357+0000] {processor.py:186} INFO - Started process (PID=465) to work on /opt/airflow/dags/datahub_ingestion.py
[2026-06-04T13:42:14.359+0000] {processor.py:914} INFO - Processing file /opt/airflow/dags/datahub_ingestion.py for tasks to queue
[2026-06-04T13:42:14.361+0000] {logging_mixin.py:190} INFO - [2026-06-04T13:42:14.361+0000] {dagbag.py:588} INFO - Filling up the DagBag from /opt/airflow/dags/datahub_ingestion.py
[2026-06-04T13:42:14.379+0000] {processor.py:925} INFO - DAG(s) 'datahub_metadata_ingestion' retrieved from /opt/airflow/dags/datahub_ingestion.py
[2026-06-04T13:42:14.409+0000] {logging_mixin.py:190} INFO - [2026-06-04T13:42:14.408+0000] {dag.py:3239} INFO - Sync 1 DAGs
[2026-06-04T13:42:14.666+0000] {logging_mixin.py:190} INFO - [2026-06-04T13:42:14.666+0000] {dag.py:4180} INFO - Setting next_dagrun for datahub_metadata_ingestion to 2026-06-04 13:35:00+00:00, run_after=2026-06-04 13:40:00+00:00
[2026-06-04T13:42:14.692+0000] {processor.py:208} INFO - Processing /opt/airflow/dags/datahub_ingestion.py took 0.343 seconds
[2026-06-04T13:42:44.783+0000] {processor.py:186} INFO - Started process (PID=475) to work on /opt/airflow/dags/datahub_ingestion.py
[2026-06-04T13:42:44.785+0000] {processor.py:914} INFO - Processing file /opt/airflow/dags/datahub_ingestion.py for tasks to queue
[2026-06-04T13:42:44.787+0000] {logging_mixin.py:190} INFO - [2026-06-04T13:42:44.787+0000] {dagbag.py:588} INFO - Filling up the DagBag from /opt/airflow/dags/datahub_ingestion.py
[2026-06-04T13:42:44.805+0000] {processor.py:925} INFO - DAG(s) 'datahub_metadata_ingestion' retrieved from /opt/airflow/dags/datahub_ingestion.py
[2026-06-04T13:42:44.830+0000] {logging_mixin.py:190} INFO - [2026-06-04T13:42:44.830+0000] {dag.py:3239} INFO - Sync 1 DAGs
[2026-06-04T13:42:44.861+0000] {logging_mixin.py:190} INFO - [2026-06-04T13:42:44.861+0000] {dag.py:4180} INFO - Setting next_dagrun for datahub_metadata_ingestion to 2026-06-04 13:35:00+00:00, run_after=2026-06-04 13:40:00+00:00
[2026-06-04T13:42:44.890+0000] {processor.py:208} INFO - Processing /opt/airflow/dags/datahub_ingestion.py took 0.114 seconds
[2026-06-04T13:43:15.160+0000] {processor.py:186} INFO - Started process (PID=485) to work on /opt/airflow/dags/datahub_ingestion.py
[2026-06-04T13:43:15.161+0000] {processor.py:914} INFO - Processing file /opt/airflow/dags/datahub_ingestion.py for tasks to queue
[2026-06-04T13:43:15.164+0000] {logging_mixin.py:190} INFO - [2026-06-04T13:43:15.164+0000] {dagbag.py:588} INFO - Filling up the DagBag from /opt/airflow/dags/datahub_ingestion.py
[2026-06-04T13:43:15.183+0000] {processor.py:925} INFO - DAG(s) 'datahub_metadata_ingestion' retrieved from /opt/airflow/dags/datahub_ingestion.py
[2026-06-04T13:43:15.209+0000] {logging_mixin.py:190} INFO - [2026-06-04T13:43:15.209+0000] {dag.py:3239} INFO - Sync 1 DAGs
[2026-06-04T13:43:15.240+0000] {logging_mixin.py:190} INFO - [2026-06-04T13:43:15.240+0000] {dag.py:4180} INFO - Setting next_dagrun for datahub_metadata_ingestion to 2026-06-04 13:35:00+00:00, run_after=2026-06-04 13:40:00+00:00
[2026-06-04T13:43:15.260+0000] {processor.py:208} INFO - Processing /opt/airflow/dags/datahub_ingestion.py took 0.110 seconds
[2026-06-04T13:43:45.486+0000] {processor.py:186} INFO - Started process (PID=495) to work on /opt/airflow/dags/datahub_ingestion.py
[2026-06-04T13:43:45.487+0000] {processor.py:914} INFO - Processing file /opt/airflow/dags/datahub_ingestion.py for tasks to queue
[2026-06-04T13:43:45.490+0000] {logging_mixin.py:190} INFO - [2026-06-04T13:43:45.489+0000] {dagbag.py:588} INFO - Filling up the DagBag from /opt/airflow/dags/datahub_ingestion.py
[2026-06-04T13:43:45.506+0000] {processor.py:925} INFO - DAG(s) 'datahub_metadata_ingestion' retrieved from /opt/airflow/dags/datahub_ingestion.py
[2026-06-04T13:43:45.530+0000] {logging_mixin.py:190} INFO - [2026-06-04T13:43:45.530+0000] {dag.py:3239} INFO - Sync 1 DAGs
[2026-06-04T13:43:45.562+0000] {logging_mixin.py:190} INFO - [2026-06-04T13:43:45.562+0000] {dag.py:4180} INFO - Setting next_dagrun for datahub_metadata_ingestion to 2026-06-04 13:35:00+00:00, run_after=2026-06-04 13:40:00+00:00
[2026-06-04T13:43:45.743+0000] {processor.py:208} INFO - Processing /opt/airflow/dags/datahub_ingestion.py took 0.263 seconds
[2026-06-04T13:44:15.983+0000] {processor.py:186} INFO - Started process (PID=505) to work on /opt/airflow/dags/datahub_ingestion.py
[2026-06-04T13:44:15.988+0000] {processor.py:914} INFO - Processing file /opt/airflow/dags/datahub_ingestion.py for tasks to queue
[2026-06-04T13:44:15.990+0000] {logging_mixin.py:190} INFO - [2026-06-04T13:44:15.990+0000] {dagbag.py:588} INFO - Filling up the DagBag from /opt/airflow/dags/datahub_ingestion.py
[2026-06-04T13:44:16.008+0000] {processor.py:925} INFO - DAG(s) 'datahub_metadata_ingestion' retrieved from /opt/airflow/dags/datahub_ingestion.py
[2026-06-04T13:44:16.034+0000] {logging_mixin.py:190} INFO - [2026-06-04T13:44:16.034+0000] {dag.py:3239} INFO - Sync 1 DAGs
[2026-06-04T13:44:16.219+0000] {logging_mixin.py:190} INFO - [2026-06-04T13:44:16.219+0000] {dag.py:4180} INFO - Setting next_dagrun for datahub_metadata_ingestion to 2026-06-04 13:35:00+00:00, run_after=2026-06-04 13:40:00+00:00
[2026-06-04T13:44:16.238+0000] {processor.py:208} INFO - Processing /opt/airflow/dags/datahub_ingestion.py took 0.262 seconds
[2026-06-04T13:44:46.498+0000] {processor.py:186} INFO - Started process (PID=515) to work on /opt/airflow/dags/datahub_ingestion.py
[2026-06-04T13:44:46.503+0000] {processor.py:914} INFO - Processing file /opt/airflow/dags/datahub_ingestion.py for tasks to queue
[2026-06-04T13:44:46.506+0000] {logging_mixin.py:190} INFO - [2026-06-04T13:44:46.505+0000] {dagbag.py:588} INFO - Filling up the DagBag from /opt/airflow/dags/datahub_ingestion.py
[2026-06-04T13:44:46.685+0000] {processor.py:925} INFO - DAG(s) 'datahub_metadata_ingestion' retrieved from /opt/airflow/dags/datahub_ingestion.py
[2026-06-04T13:44:46.701+0000] {logging_mixin.py:190} INFO - [2026-06-04T13:44:46.701+0000] {dag.py:3239} INFO - Sync 1 DAGs
[2026-06-04T13:44:46.727+0000] {logging_mixin.py:190} INFO - [2026-06-04T13:44:46.726+0000] {dag.py:4180} INFO - Setting next_dagrun for datahub_metadata_ingestion to 2026-06-04 13:35:00+00:00, run_after=2026-06-04 13:40:00+00:00
[2026-06-04T13:44:46.746+0000] {processor.py:208} INFO - Processing /opt/airflow/dags/datahub_ingestion.py took 0.255 seconds
[2026-06-04T13:45:16.815+0000] {processor.py:186} INFO - Started process (PID=525) to work on /opt/airflow/dags/datahub_ingestion.py
[2026-06-04T13:45:16.816+0000] {processor.py:914} INFO - Processing file /opt/airflow/dags/datahub_ingestion.py for tasks to queue
[2026-06-04T13:45:16.818+0000] {logging_mixin.py:190} INFO - [2026-06-04T13:45:16.818+0000] {dagbag.py:588} INFO - Filling up the DagBag from /opt/airflow/dags/datahub_ingestion.py
[2026-06-04T13:45:16.834+0000] {processor.py:925} INFO - DAG(s) 'datahub_metadata_ingestion' retrieved from /opt/airflow/dags/datahub_ingestion.py
[2026-06-04T13:45:16.856+0000] {logging_mixin.py:190} INFO - [2026-06-04T13:45:16.856+0000] {dag.py:3239} INFO - Sync 1 DAGs
[2026-06-04T13:45:16.886+0000] {logging_mixin.py:190} INFO - [2026-06-04T13:45:16.885+0000] {dag.py:4180} INFO - Setting next_dagrun for datahub_metadata_ingestion to 2026-06-04 13:40:00+00:00, run_after=2026-06-04 13:45:00+00:00
[2026-06-04T13:45:16.909+0000] {processor.py:208} INFO - Processing /opt/airflow/dags/datahub_ingestion.py took 0.101 seconds
[2026-06-04T13:45:47.159+0000] {processor.py:186} INFO - Started process (PID=535) to work on /opt/airflow/dags/datahub_ingestion.py
[2026-06-04T13:45:47.160+0000] {processor.py:914} INFO - Processing file /opt/airflow/dags/datahub_ingestion.py for tasks to queue
[2026-06-04T13:45:47.162+0000] {logging_mixin.py:190} INFO - [2026-06-04T13:45:47.162+0000] {dagbag.py:588} INFO - Filling up the DagBag from /opt/airflow/dags/datahub_ingestion.py
[2026-06-04T13:45:47.179+0000] {processor.py:925} INFO - DAG(s) 'datahub_metadata_ingestion' retrieved from /opt/airflow/dags/datahub_ingestion.py
[2026-06-04T13:45:47.203+0000] {logging_mixin.py:190} INFO - [2026-06-04T13:45:47.202+0000] {dag.py:3239} INFO - Sync 1 DAGs
[2026-06-04T13:45:47.233+0000] {logging_mixin.py:190} INFO - [2026-06-04T13:45:47.233+0000] {dag.py:4180} INFO - Setting next_dagrun for datahub_metadata_ingestion to 2026-06-04 13:40:00+00:00, run_after=2026-06-04 13:45:00+00:00
[2026-06-04T13:45:47.257+0000] {processor.py:208} INFO - Processing /opt/airflow/dags/datahub_ingestion.py took 0.105 seconds
[2026-06-04T13:46:17.539+0000] {processor.py:186} INFO - Started process (PID=610) to work on /opt/airflow/dags/datahub_ingestion.py
[2026-06-04T13:46:17.541+0000] {processor.py:914} INFO - Processing file /opt/airflow/dags/datahub_ingestion.py for tasks to queue
[2026-06-04T13:46:17.543+0000] {logging_mixin.py:190} INFO - [2026-06-04T13:46:17.543+0000] {dagbag.py:588} INFO - Filling up the DagBag from /opt/airflow/dags/datahub_ingestion.py
[2026-06-04T13:46:17.562+0000] {processor.py:925} INFO - DAG(s) 'datahub_metadata_ingestion' retrieved from /opt/airflow/dags/datahub_ingestion.py
[2026-06-04T13:46:17.593+0000] {logging_mixin.py:190} INFO - [2026-06-04T13:46:17.592+0000] {dag.py:3239} INFO - Sync 1 DAGs
[2026-06-04T13:46:17.628+0000] {logging_mixin.py:190} INFO - [2026-06-04T13:46:17.628+0000] {dag.py:4180} INFO - Setting next_dagrun for datahub_metadata_ingestion to 2026-06-04 13:40:00+00:00, run_after=2026-06-04 13:45:00+00:00
[2026-06-04T13:46:17.654+0000] {processor.py:208} INFO - Processing /opt/airflow/dags/datahub_ingestion.py took 0.123 seconds
[2026-06-04T13:46:47.922+0000] {processor.py:186} INFO - Started process (PID=620) to work on /opt/airflow/dags/datahub_ingestion.py
[2026-06-04T13:46:47.927+0000] {processor.py:914} INFO - Processing file /opt/airflow/dags/datahub_ingestion.py for tasks to queue
[2026-06-04T13:46:47.929+0000] {logging_mixin.py:190} INFO - [2026-06-04T13:46:47.929+0000] {dagbag.py:588} INFO - Filling up the DagBag from /opt/airflow/dags/datahub_ingestion.py
[2026-06-04T13:46:47.947+0000] {processor.py:925} INFO - DAG(s) 'datahub_metadata_ingestion' retrieved from /opt/airflow/dags/datahub_ingestion.py
[2026-06-04T13:46:47.971+0000] {logging_mixin.py:190} INFO - [2026-06-04T13:46:47.971+0000] {dag.py:3239} INFO - Sync 1 DAGs
[2026-06-04T13:46:48.005+0000] {logging_mixin.py:190} INFO - [2026-06-04T13:46:48.005+0000] {dag.py:4180} INFO - Setting next_dagrun for datahub_metadata_ingestion to 2026-06-04 13:40:00+00:00, run_after=2026-06-04 13:45:00+00:00
[2026-06-04T13:46:48.030+0000] {processor.py:208} INFO - Processing /opt/airflow/dags/datahub_ingestion.py took 0.115 seconds
[2026-06-04T13:47:18.283+0000] {processor.py:186} INFO - Started process (PID=630) to work on /opt/airflow/dags/datahub_ingestion.py
[2026-06-04T13:47:18.288+0000] {processor.py:914} INFO - Processing file /opt/airflow/dags/datahub_ingestion.py for tasks to queue
[2026-06-04T13:47:18.290+0000] {logging_mixin.py:190} INFO - [2026-06-04T13:47:18.290+0000] {dagbag.py:588} INFO - Filling up the DagBag from /opt/airflow/dags/datahub_ingestion.py
[2026-06-04T13:47:18.307+0000] {processor.py:925} INFO - DAG(s) 'datahub_metadata_ingestion' retrieved from /opt/airflow/dags/datahub_ingestion.py
[2026-06-04T13:47:18.333+0000] {logging_mixin.py:190} INFO - [2026-06-04T13:47:18.333+0000] {dag.py:3239} INFO - Sync 1 DAGs
[2026-06-04T13:47:18.364+0000] {logging_mixin.py:190} INFO - [2026-06-04T13:47:18.364+0000] {dag.py:4180} INFO - Setting next_dagrun for datahub_metadata_ingestion to 2026-06-04 13:40:00+00:00, run_after=2026-06-04 13:45:00+00:00
[2026-06-04T13:47:18.387+0000] {processor.py:208} INFO - Processing /opt/airflow/dags/datahub_ingestion.py took 0.110 seconds
[2026-06-04T13:47:48.625+0000] {processor.py:186} INFO - Started process (PID=640) to work on /opt/airflow/dags/datahub_ingestion.py
[2026-06-04T13:47:48.630+0000] {processor.py:914} INFO - Processing file /opt/airflow/dags/datahub_ingestion.py for tasks to queue
[2026-06-04T13:47:48.632+0000] {logging_mixin.py:190} INFO - [2026-06-04T13:47:48.632+0000] {dagbag.py:588} INFO - Filling up the DagBag from /opt/airflow/dags/datahub_ingestion.py
[2026-06-04T13:47:48.650+0000] {processor.py:925} INFO - DAG(s) 'datahub_metadata_ingestion' retrieved from /opt/airflow/dags/datahub_ingestion.py
[2026-06-04T13:47:48.675+0000] {logging_mixin.py:190} INFO - [2026-06-04T13:47:48.675+0000] {dag.py:3239} INFO - Sync 1 DAGs
[2026-06-04T13:47:48.707+0000] {logging_mixin.py:190} INFO - [2026-06-04T13:47:48.706+0000] {dag.py:4180} INFO - Setting next_dagrun for datahub_metadata_ingestion to 2026-06-04 13:40:00+00:00, run_after=2026-06-04 13:45:00+00:00
[2026-06-04T13:47:48.726+0000] {processor.py:208} INFO - Processing /opt/airflow/dags/datahub_ingestion.py took 0.108 seconds
[2026-06-04T13:48:18.975+0000] {processor.py:186} INFO - Started process (PID=650) to work on /opt/airflow/dags/datahub_ingestion.py
[2026-06-04T13:48:18.980+0000] {processor.py:914} INFO - Processing file /opt/airflow/dags/datahub_ingestion.py for tasks to queue
[2026-06-04T13:48:18.983+0000] {logging_mixin.py:190} INFO - [2026-06-04T13:48:18.982+0000] {dagbag.py:588} INFO - Filling up the DagBag from /opt/airflow/dags/datahub_ingestion.py
[2026-06-04T13:48:19.001+0000] {processor.py:925} INFO - DAG(s) 'datahub_metadata_ingestion' retrieved from /opt/airflow/dags/datahub_ingestion.py
[2026-06-04T13:48:19.028+0000] {logging_mixin.py:190} INFO - [2026-06-04T13:48:19.028+0000] {dag.py:3239} INFO - Sync 1 DAGs
[2026-06-04T13:48:19.061+0000] {logging_mixin.py:190} INFO - [2026-06-04T13:48:19.061+0000] {dag.py:4180} INFO - Setting next_dagrun for datahub_metadata_ingestion to 2026-06-04 13:40:00+00:00, run_after=2026-06-04 13:45:00+00:00
[2026-06-04T13:48:19.083+0000] {processor.py:208} INFO - Processing /opt/airflow/dags/datahub_ingestion.py took 0.115 seconds
[2026-06-04T13:48:49.423+0000] {processor.py:186} INFO - Started process (PID=698) to work on /opt/airflow/dags/datahub_ingestion.py
[2026-06-04T13:48:49.427+0000] {processor.py:914} INFO - Processing file /opt/airflow/dags/datahub_ingestion.py for tasks to queue
[2026-06-04T13:48:49.430+0000] {logging_mixin.py:190} INFO - [2026-06-04T13:48:49.429+0000] {dagbag.py:588} INFO - Filling up the DagBag from /opt/airflow/dags/datahub_ingestion.py
[2026-06-04T13:48:49.446+0000] {processor.py:925} INFO - DAG(s) 'datahub_metadata_ingestion' retrieved from /opt/airflow/dags/datahub_ingestion.py
[2026-06-04T13:48:49.477+0000] {logging_mixin.py:190} INFO - [2026-06-04T13:48:49.476+0000] {dag.py:3239} INFO - Sync 1 DAGs
[2026-06-04T13:48:49.513+0000] {logging_mixin.py:190} INFO - [2026-06-04T13:48:49.513+0000] {dag.py:4180} INFO - Setting next_dagrun for datahub_metadata_ingestion to 2026-06-04 13:40:00+00:00, run_after=2026-06-04 13:45:00+00:00
[2026-06-04T13:48:49.539+0000] {processor.py:208} INFO - Processing /opt/airflow/dags/datahub_ingestion.py took 0.123 seconds
[2026-06-04T13:49:19.759+0000] {processor.py:186} INFO - Started process (PID=759) to work on /opt/airflow/dags/datahub_ingestion.py
[2026-06-04T13:49:19.764+0000] {processor.py:914} INFO - Processing file /opt/airflow/dags/datahub_ingestion.py for tasks to queue
[2026-06-04T13:49:19.767+0000] {logging_mixin.py:190} INFO - [2026-06-04T13:49:19.766+0000] {dagbag.py:588} INFO - Filling up the DagBag from /opt/airflow/dags/datahub_ingestion.py
[2026-06-04T13:49:19.784+0000] {processor.py:925} INFO - DAG(s) 'datahub_metadata_ingestion' retrieved from /opt/airflow/dags/datahub_ingestion.py
[2026-06-04T13:49:19.809+0000] {logging_mixin.py:190} INFO - [2026-06-04T13:49:19.809+0000] {dag.py:3239} INFO - Sync 1 DAGs
[2026-06-04T13:49:19.842+0000] {logging_mixin.py:190} INFO - [2026-06-04T13:49:19.841+0000] {dag.py:4180} INFO - Setting next_dagrun for datahub_metadata_ingestion to 2026-06-04 13:40:00+00:00, run_after=2026-06-04 13:45:00+00:00
[2026-06-04T13:49:19.867+0000] {processor.py:208} INFO - Processing /opt/airflow/dags/datahub_ingestion.py took 0.115 seconds
[2026-06-04T13:49:50.115+0000] {processor.py:186} INFO - Started process (PID=769) to work on /opt/airflow/dags/datahub_ingestion.py
[2026-06-04T13:49:50.117+0000] {processor.py:914} INFO - Processing file /opt/airflow/dags/datahub_ingestion.py for tasks to queue
[2026-06-04T13:49:50.119+0000] {logging_mixin.py:190} INFO - [2026-06-04T13:49:50.119+0000] {dagbag.py:588} INFO - Filling up the DagBag from /opt/airflow/dags/datahub_ingestion.py
[2026-06-04T13:49:50.136+0000] {processor.py:925} INFO - DAG(s) 'datahub_metadata_ingestion' retrieved from /opt/airflow/dags/datahub_ingestion.py
[2026-06-04T13:49:50.160+0000] {logging_mixin.py:190} INFO - [2026-06-04T13:49:50.160+0000] {dag.py:3239} INFO - Sync 1 DAGs
[2026-06-04T13:49:50.191+0000] {logging_mixin.py:190} INFO - [2026-06-04T13:49:50.191+0000] {dag.py:4180} INFO - Setting next_dagrun for datahub_metadata_ingestion to 2026-06-04 13:40:00+00:00, run_after=2026-06-04 13:45:00+00:00
[2026-06-04T13:49:50.220+0000] {processor.py:208} INFO - Processing /opt/airflow/dags/datahub_ingestion.py took 0.111 seconds
[2026-06-04T13:50:20.486+0000] {processor.py:186} INFO - Started process (PID=779) to work on /opt/airflow/dags/datahub_ingestion.py
[2026-06-04T13:50:20.487+0000] {processor.py:914} INFO - Processing file /opt/airflow/dags/datahub_ingestion.py for tasks to queue
[2026-06-04T13:50:20.489+0000] {logging_mixin.py:190} INFO - [2026-06-04T13:50:20.489+0000] {dagbag.py:588} INFO - Filling up the DagBag from /opt/airflow/dags/datahub_ingestion.py
[2026-06-04T13:50:20.507+0000] {processor.py:925} INFO - DAG(s) 'datahub_metadata_ingestion' retrieved from /opt/airflow/dags/datahub_ingestion.py
[2026-06-04T13:50:30.433+0000] {logging_mixin.py:190} INFO - [2026-06-04T13:50:30.433+0000] {dag.py:3239} INFO - Sync 1 DAGs
[2026-06-04T13:50:30.468+0000] {logging_mixin.py:190} INFO - [2026-06-04T13:50:30.467+0000] {dag.py:4180} INFO - Setting next_dagrun for datahub_metadata_ingestion to 2026-06-04 13:45:00+00:00, run_after=2026-06-04 13:50:00+00:00
[2026-06-04T13:50:30.498+0000] {processor.py:208} INFO - Processing /opt/airflow/dags/datahub_ingestion.py took 10.019 seconds
[2026-06-04T13:51:00.878+0000] {processor.py:186} INFO - Started process (PID=984) to work on /opt/airflow/dags/datahub_ingestion.py
[2026-06-04T13:51:00.879+0000] {processor.py:914} INFO - Processing file /opt/airflow/dags/datahub_ingestion.py for tasks to queue
[2026-06-04T13:51:00.881+0000] {logging_mixin.py:190} INFO - [2026-06-04T13:51:00.881+0000] {dagbag.py:588} INFO - Filling up the DagBag from /opt/airflow/dags/datahub_ingestion.py
[2026-06-04T13:51:00.896+0000] {processor.py:925} INFO - DAG(s) 'datahub_metadata_ingestion' retrieved from /opt/airflow/dags/datahub_ingestion.py
[2026-06-04T13:51:00.921+0000] {logging_mixin.py:190} INFO - [2026-06-04T13:51:00.920+0000] {dag.py:3239} INFO - Sync 1 DAGs
[2026-06-04T13:51:00.949+0000] {logging_mixin.py:190} INFO - [2026-06-04T13:51:00.949+0000] {dag.py:4180} INFO - Setting next_dagrun for datahub_metadata_ingestion to 2026-06-04 13:45:00+00:00, run_after=2026-06-04 13:50:00+00:00
[2026-06-04T13:51:00.966+0000] {processor.py:208} INFO - Processing /opt/airflow/dags/datahub_ingestion.py took 0.095 seconds
[2026-06-04T13:51:31.350+0000] {processor.py:186} INFO - Started process (PID=1161) to work on /opt/airflow/dags/datahub_ingestion.py
[2026-06-04T13:51:31.351+0000] {processor.py:914} INFO - Processing file /opt/airflow/dags/datahub_ingestion.py for tasks to queue
[2026-06-04T13:51:31.353+0000] {logging_mixin.py:190} INFO - [2026-06-04T13:51:31.353+0000] {dagbag.py:588} INFO - Filling up the DagBag from /opt/airflow/dags/datahub_ingestion.py
[2026-06-04T13:51:31.367+0000] {processor.py:925} INFO - DAG(s) 'datahub_metadata_ingestion' retrieved from /opt/airflow/dags/datahub_ingestion.py
[2026-06-04T13:51:31.386+0000] {logging_mixin.py:190} INFO - [2026-06-04T13:51:31.385+0000] {dag.py:3239} INFO - Sync 1 DAGs
[2026-06-04T13:51:31.429+0000] {logging_mixin.py:190} INFO - [2026-06-04T13:51:31.429+0000] {dag.py:4180} INFO - Setting next_dagrun for datahub_metadata_ingestion to 2026-06-04 13:45:00+00:00, run_after=2026-06-04 13:50:00+00:00
[2026-06-04T13:51:31.458+0000] {processor.py:208} INFO - Processing /opt/airflow/dags/datahub_ingestion.py took 0.114 seconds
[2026-06-04T13:52:01.614+0000] {processor.py:186} INFO - Started process (PID=1380) to work on /opt/airflow/dags/datahub_ingestion.py
[2026-06-04T13:52:01.616+0000] {processor.py:914} INFO - Processing file /opt/airflow/dags/datahub_ingestion.py for tasks to queue
[2026-06-04T13:52:01.618+0000] {logging_mixin.py:190} INFO - [2026-06-04T13:52:01.617+0000] {dagbag.py:588} INFO - Filling up the DagBag from /opt/airflow/dags/datahub_ingestion.py
[2026-06-04T13:52:01.633+0000] {processor.py:925} INFO - DAG(s) 'datahub_metadata_ingestion' retrieved from /opt/airflow/dags/datahub_ingestion.py
[2026-06-04T13:52:01.656+0000] {logging_mixin.py:190} INFO - [2026-06-04T13:52:01.655+0000] {dag.py:3239} INFO - Sync 1 DAGs
[2026-06-04T13:52:01.683+0000] {logging_mixin.py:190} INFO - [2026-06-04T13:52:01.683+0000] {dag.py:4180} INFO - Setting next_dagrun for datahub_metadata_ingestion to 2026-06-04 13:45:00+00:00, run_after=2026-06-04 13:50:00+00:00
[2026-06-04T13:52:01.705+0000] {processor.py:208} INFO - Processing /opt/airflow/dags/datahub_ingestion.py took 0.097 seconds
[2026-06-04T13:52:31.909+0000] {processor.py:186} INFO - Started process (PID=1685) to work on /opt/airflow/dags/datahub_ingestion.py
[2026-06-04T13:52:31.911+0000] {processor.py:914} INFO - Processing file /opt/airflow/dags/datahub_ingestion.py for tasks to queue
[2026-06-04T13:52:31.913+0000] {logging_mixin.py:190} INFO - [2026-06-04T13:52:31.913+0000] {dagbag.py:588} INFO - Filling up the DagBag from /opt/airflow/dags/datahub_ingestion.py
[2026-06-04T13:52:31.962+0000] {processor.py:925} INFO - DAG(s) 'datahub_metadata_ingestion' retrieved from /opt/airflow/dags/datahub_ingestion.py
[2026-06-04T13:52:31.989+0000] {logging_mixin.py:190} INFO - [2026-06-04T13:52:31.989+0000] {dag.py:3239} INFO - Sync 1 DAGs
[2026-06-04T13:52:32.022+0000] {logging_mixin.py:190} INFO - [2026-06-04T13:52:32.022+0000] {dag.py:4180} INFO - Setting next_dagrun for datahub_metadata_ingestion to 2026-06-04 13:45:00+00:00, run_after=2026-06-04 13:50:00+00:00
[2026-06-04T13:52:32.053+0000] {processor.py:208} INFO - Processing /opt/airflow/dags/datahub_ingestion.py took 0.150 seconds
[2026-06-04T13:53:02.216+0000] {processor.py:186} INFO - Started process (PID=1741) to work on /opt/airflow/dags/datahub_ingestion.py
[2026-06-04T13:53:02.217+0000] {processor.py:914} INFO - Processing file /opt/airflow/dags/datahub_ingestion.py for tasks to queue
[2026-06-04T13:53:02.219+0000] {logging_mixin.py:190} INFO - [2026-06-04T13:53:02.219+0000] {dagbag.py:588} INFO - Filling up the DagBag from /opt/airflow/dags/datahub_ingestion.py
[2026-06-04T13:53:02.239+0000] {processor.py:925} INFO - DAG(s) 'datahub_metadata_ingestion' retrieved from /opt/airflow/dags/datahub_ingestion.py
[2026-06-04T13:53:02.255+0000] {logging_mixin.py:190} INFO - [2026-06-04T13:53:02.255+0000] {dag.py:3239} INFO - Sync 1 DAGs
[2026-06-04T13:53:02.275+0000] {logging_mixin.py:190} INFO - [2026-06-04T13:53:02.274+0000] {dag.py:4180} INFO - Setting next_dagrun for datahub_metadata_ingestion to 2026-06-04 13:45:00+00:00, run_after=2026-06-04 13:50:00+00:00
[2026-06-04T13:53:02.296+0000] {processor.py:208} INFO - Processing /opt/airflow/dags/datahub_ingestion.py took 0.084 seconds
[2026-06-04T13:53:32.461+0000] {processor.py:186} INFO - Started process (PID=1806) to work on /opt/airflow/dags/datahub_ingestion.py
[2026-06-04T13:53:32.462+0000] {processor.py:914} INFO - Processing file /opt/airflow/dags/datahub_ingestion.py for tasks to queue
[2026-06-04T13:53:32.464+0000] {logging_mixin.py:190} INFO - [2026-06-04T13:53:32.464+0000] {dagbag.py:588} INFO - Filling up the DagBag from /opt/airflow/dags/datahub_ingestion.py
[2026-06-04T13:53:32.475+0000] {processor.py:925} INFO - DAG(s) 'datahub_metadata_ingestion' retrieved from /opt/airflow/dags/datahub_ingestion.py
[2026-06-04T13:53:32.495+0000] {logging_mixin.py:190} INFO - [2026-06-04T13:53:32.494+0000] {dag.py:3239} INFO - Sync 1 DAGs
[2026-06-04T13:53:32.515+0000] {logging_mixin.py:190} INFO - [2026-06-04T13:53:32.515+0000] {dag.py:4180} INFO - Setting next_dagrun for datahub_metadata_ingestion to 2026-06-04 13:45:00+00:00, run_after=2026-06-04 13:50:00+00:00
[2026-06-04T13:53:32.533+0000] {processor.py:208} INFO - Processing /opt/airflow/dags/datahub_ingestion.py took 0.076 seconds
[2026-06-04T13:54:02.696+0000] {processor.py:186} INFO - Started process (PID=1841) to work on /opt/airflow/dags/datahub_ingestion.py
[2026-06-04T13:54:02.697+0000] {processor.py:914} INFO - Processing file /opt/airflow/dags/datahub_ingestion.py for tasks to queue
[2026-06-04T13:54:02.700+0000] {logging_mixin.py:190} INFO - [2026-06-04T13:54:02.699+0000] {dagbag.py:588} INFO - Filling up the DagBag from /opt/airflow/dags/datahub_ingestion.py
[2026-06-04T13:54:02.716+0000] {processor.py:925} INFO - DAG(s) 'datahub_metadata_ingestion' retrieved from /opt/airflow/dags/datahub_ingestion.py
[2026-06-04T13:54:02.739+0000] {logging_mixin.py:190} INFO - [2026-06-04T13:54:02.739+0000] {dag.py:3239} INFO - Sync 1 DAGs
[2026-06-04T13:54:02.768+0000] {logging_mixin.py:190} INFO - [2026-06-04T13:54:02.768+0000] {dag.py:4180} INFO - Setting next_dagrun for datahub_metadata_ingestion to 2026-06-04 13:45:00+00:00, run_after=2026-06-04 13:50:00+00:00
[2026-06-04T13:54:02.796+0000] {processor.py:208} INFO - Processing /opt/airflow/dags/datahub_ingestion.py took 0.107 seconds
[2026-06-04T13:54:33.021+0000] {processor.py:186} INFO - Started process (PID=2182) to work on /opt/airflow/dags/datahub_ingestion.py
[2026-06-04T13:54:33.030+0000] {processor.py:914} INFO - Processing file /opt/airflow/dags/datahub_ingestion.py for tasks to queue
[2026-06-04T13:54:33.032+0000] {logging_mixin.py:190} INFO - [2026-06-04T13:54:33.032+0000] {dagbag.py:588} INFO - Filling up the DagBag from /opt/airflow/dags/datahub_ingestion.py
[2026-06-04T13:54:33.063+0000] {processor.py:925} INFO - DAG(s) 'datahub_metadata_ingestion' retrieved from /opt/airflow/dags/datahub_ingestion.py
[2026-06-04T13:54:33.113+0000] {logging_mixin.py:190} INFO - [2026-06-04T13:54:33.112+0000] {dag.py:3239} INFO - Sync 1 DAGs
[2026-06-04T13:54:33.147+0000] {logging_mixin.py:190} INFO - [2026-06-04T13:54:33.147+0000] {dag.py:4180} INFO - Setting next_dagrun for datahub_metadata_ingestion to 2026-06-04 13:45:00+00:00, run_after=2026-06-04 13:50:00+00:00
[2026-06-04T13:54:33.173+0000] {processor.py:208} INFO - Processing /opt/airflow/dags/datahub_ingestion.py took 0.164 seconds
[2026-06-04T13:55:03.395+0000] {processor.py:186} INFO - Started process (PID=2428) to work on /opt/airflow/dags/datahub_ingestion.py
[2026-06-04T13:55:03.396+0000] {processor.py:914} INFO - Processing file /opt/airflow/dags/datahub_ingestion.py for tasks to queue
[2026-06-04T13:55:03.398+0000] {logging_mixin.py:190} INFO - [2026-06-04T13:55:03.398+0000] {dagbag.py:588} INFO - Filling up the DagBag from /opt/airflow/dags/datahub_ingestion.py
[2026-06-04T13:55:03.452+0000] {processor.py:925} INFO - DAG(s) 'datahub_metadata_ingestion' retrieved from /opt/airflow/dags/datahub_ingestion.py
[2026-06-04T13:55:03.501+0000] {logging_mixin.py:190} INFO - [2026-06-04T13:55:03.501+0000] {dag.py:3239} INFO - Sync 1 DAGs
[2026-06-04T13:55:03.587+0000] {logging_mixin.py:190} INFO - [2026-06-04T13:55:03.586+0000] {dag.py:4180} INFO - Setting next_dagrun for datahub_metadata_ingestion to 2026-06-04 13:50:00+00:00, run_after=2026-06-04 13:55:00+00:00
[2026-06-04T13:55:03.622+0000] {processor.py:208} INFO - Processing /opt/airflow/dags/datahub_ingestion.py took 0.234 seconds
[2026-06-04T13:55:33.807+0000] {processor.py:186} INFO - Started process (PID=2442) to work on /opt/airflow/dags/datahub_ingestion.py
[2026-06-04T13:55:33.808+0000] {processor.py:914} INFO - Processing file /opt/airflow/dags/datahub_ingestion.py for tasks to queue
[2026-06-04T13:55:33.811+0000] {logging_mixin.py:190} INFO - [2026-06-04T13:55:33.810+0000] {dagbag.py:588} INFO - Filling up the DagBag from /opt/airflow/dags/datahub_ingestion.py
[2026-06-04T13:55:33.828+0000] {processor.py:925} INFO - DAG(s) 'datahub_metadata_ingestion' retrieved from /opt/airflow/dags/datahub_ingestion.py
[2026-06-04T13:55:33.869+0000] {logging_mixin.py:190} INFO - [2026-06-04T13:55:33.868+0000] {dag.py:3239} INFO - Sync 1 DAGs
[2026-06-04T13:55:33.900+0000] {logging_mixin.py:190} INFO - [2026-06-04T13:55:33.899+0000] {dag.py:4180} INFO - Setting next_dagrun for datahub_metadata_ingestion to 2026-06-04 13:50:00+00:00, run_after=2026-06-04 13:55:00+00:00
[2026-06-04T13:55:33.926+0000] {processor.py:208} INFO - Processing /opt/airflow/dags/datahub_ingestion.py took 0.125 seconds
[2026-06-04T13:56:04.072+0000] {processor.py:186} INFO - Started process (PID=2635) to work on /opt/airflow/dags/datahub_ingestion.py
[2026-06-04T13:56:04.077+0000] {processor.py:914} INFO - Processing file /opt/airflow/dags/datahub_ingestion.py for tasks to queue
[2026-06-04T13:56:04.079+0000] {logging_mixin.py:190} INFO - [2026-06-04T13:56:04.078+0000] {dagbag.py:588} INFO - Filling up the DagBag from /opt/airflow/dags/datahub_ingestion.py
[2026-06-04T13:56:04.107+0000] {processor.py:925} INFO - DAG(s) 'datahub_metadata_ingestion' retrieved from /opt/airflow/dags/datahub_ingestion.py
[2026-06-04T13:56:04.128+0000] {logging_mixin.py:190} INFO - [2026-06-04T13:56:04.128+0000] {dag.py:3239} INFO - Sync 1 DAGs
[2026-06-04T13:56:04.155+0000] {logging_mixin.py:190} INFO - [2026-06-04T13:56:04.155+0000] {dag.py:4180} INFO - Setting next_dagrun for datahub_metadata_ingestion to 2026-06-04 13:50:00+00:00, run_after=2026-06-04 13:55:00+00:00
[2026-06-04T13:56:04.176+0000] {processor.py:208} INFO - Processing /opt/airflow/dags/datahub_ingestion.py took 0.110 seconds
[2026-06-04T13:56:34.452+0000] {processor.py:186} INFO - Started process (PID=2648) to work on /opt/airflow/dags/datahub_ingestion.py
[2026-06-04T13:56:34.459+0000] {processor.py:914} INFO - Processing file /opt/airflow/dags/datahub_ingestion.py for tasks to queue
[2026-06-04T13:56:34.462+0000] {logging_mixin.py:190} INFO - [2026-06-04T13:56:34.462+0000] {dagbag.py:588} INFO - Filling up the DagBag from /opt/airflow/dags/datahub_ingestion.py
[2026-06-04T13:56:34.482+0000] {processor.py:925} INFO - DAG(s) 'datahub_metadata_ingestion' retrieved from /opt/airflow/dags/datahub_ingestion.py
[2026-06-04T13:56:34.512+0000] {logging_mixin.py:190} INFO - [2026-06-04T13:56:34.512+0000] {dag.py:3239} INFO - Sync 1 DAGs
[2026-06-04T13:56:34.548+0000] {logging_mixin.py:190} INFO - [2026-06-04T13:56:34.547+0000] {dag.py:4180} INFO - Setting next_dagrun for datahub_metadata_ingestion to 2026-06-04 13:50:00+00:00, run_after=2026-06-04 13:55:00+00:00
[2026-06-04T13:56:34.575+0000] {processor.py:208} INFO - Processing /opt/airflow/dags/datahub_ingestion.py took 0.131 seconds
[2026-06-04T13:57:04.749+0000] {processor.py:186} INFO - Started process (PID=2827) to work on /opt/airflow/dags/datahub_ingestion.py
[2026-06-04T13:57:04.751+0000] {processor.py:914} INFO - Processing file /opt/airflow/dags/datahub_ingestion.py for tasks to queue
[2026-06-04T13:57:04.752+0000] {logging_mixin.py:190} INFO - [2026-06-04T13:57:04.752+0000] {dagbag.py:588} INFO - Filling up the DagBag from /opt/airflow/dags/datahub_ingestion.py
[2026-06-04T13:57:04.764+0000] {processor.py:925} INFO - DAG(s) 'datahub_metadata_ingestion' retrieved from /opt/airflow/dags/datahub_ingestion.py
[2026-06-04T13:57:04.783+0000] {logging_mixin.py:190} INFO - [2026-06-04T13:57:04.783+0000] {dag.py:3239} INFO - Sync 1 DAGs
[2026-06-04T13:57:04.812+0000] {logging_mixin.py:190} INFO - [2026-06-04T13:57:04.811+0000] {dag.py:4180} INFO - Setting next_dagrun for datahub_metadata_ingestion to 2026-06-04 13:50:00+00:00, run_after=2026-06-04 13:55:00+00:00
[2026-06-04T13:57:04.846+0000] {processor.py:208} INFO - Processing /opt/airflow/dags/datahub_ingestion.py took 0.101 seconds
[2026-06-04T13:57:35.057+0000] {processor.py:186} INFO - Started process (PID=3086) to work on /opt/airflow/dags/datahub_ingestion.py
[2026-06-04T13:57:35.061+0000] {processor.py:914} INFO - Processing file /opt/airflow/dags/datahub_ingestion.py for tasks to queue
[2026-06-04T13:57:35.063+0000] {logging_mixin.py:190} INFO - [2026-06-04T13:57:35.063+0000] {dagbag.py:588} INFO - Filling up the DagBag from /opt/airflow/dags/datahub_ingestion.py
[2026-06-04T13:57:35.087+0000] {processor.py:925} INFO - DAG(s) 'datahub_metadata_ingestion' retrieved from /opt/airflow/dags/datahub_ingestion.py
[2026-06-04T13:57:35.122+0000] {logging_mixin.py:190} INFO - [2026-06-04T13:57:35.122+0000] {dag.py:3239} INFO - Sync 1 DAGs
[2026-06-04T13:57:35.152+0000] {logging_mixin.py:190} INFO - [2026-06-04T13:57:35.152+0000] {dag.py:4180} INFO - Setting next_dagrun for datahub_metadata_ingestion to 2026-06-04 13:50:00+00:00, run_after=2026-06-04 13:55:00+00:00
[2026-06-04T13:57:35.175+0000] {processor.py:208} INFO - Processing /opt/airflow/dags/datahub_ingestion.py took 0.124 seconds
[2026-06-04T13:58:05.366+0000] {processor.py:186} INFO - Started process (PID=3369) to work on /opt/airflow/dags/datahub_ingestion.py
[2026-06-04T13:58:05.367+0000] {processor.py:914} INFO - Processing file /opt/airflow/dags/datahub_ingestion.py for tasks to queue
[2026-06-04T13:58:05.369+0000] {logging_mixin.py:190} INFO - [2026-06-04T13:58:05.369+0000] {dagbag.py:588} INFO - Filling up the DagBag from /opt/airflow/dags/datahub_ingestion.py
[2026-06-04T13:58:05.384+0000] {processor.py:925} INFO - DAG(s) 'datahub_metadata_ingestion' retrieved from /opt/airflow/dags/datahub_ingestion.py
[2026-06-04T13:58:05.409+0000] {logging_mixin.py:190} INFO - [2026-06-04T13:58:05.408+0000] {dag.py:3239} INFO - Sync 1 DAGs
[2026-06-04T13:58:05.437+0000] {logging_mixin.py:190} INFO - [2026-06-04T13:58:05.437+0000] {dag.py:4180} INFO - Setting next_dagrun for datahub_metadata_ingestion to 2026-06-04 13:50:00+00:00, run_after=2026-06-04 13:55:00+00:00
[2026-06-04T13:58:05.457+0000] {processor.py:208} INFO - Processing /opt/airflow/dags/datahub_ingestion.py took 0.098 seconds
[2026-06-04T13:58:35.742+0000] {processor.py:186} INFO - Started process (PID=3379) to work on /opt/airflow/dags/datahub_ingestion.py
[2026-06-04T13:58:35.744+0000] {processor.py:914} INFO - Processing file /opt/airflow/dags/datahub_ingestion.py for tasks to queue
[2026-06-04T13:58:35.747+0000] {logging_mixin.py:190} INFO - [2026-06-04T13:58:35.746+0000] {dagbag.py:588} INFO - Filling up the DagBag from /opt/airflow/dags/datahub_ingestion.py
[2026-06-04T13:58:35.766+0000] {processor.py:925} INFO - DAG(s) 'datahub_metadata_ingestion' retrieved from /opt/airflow/dags/datahub_ingestion.py
[2026-06-04T13:58:35.795+0000] {logging_mixin.py:190} INFO - [2026-06-04T13:58:35.795+0000] {dag.py:3239} INFO - Sync 1 DAGs
[2026-06-04T13:58:35.829+0000] {logging_mixin.py:190} INFO - [2026-06-04T13:58:35.829+0000] {dag.py:4180} INFO - Setting next_dagrun for datahub_metadata_ingestion to 2026-06-04 13:50:00+00:00, run_after=2026-06-04 13:55:00+00:00
[2026-06-04T13:58:35.856+0000] {processor.py:208} INFO - Processing /opt/airflow/dags/datahub_ingestion.py took 0.122 seconds
[2026-06-04T13:59:06.095+0000] {processor.py:186} INFO - Started process (PID=3389) to work on /opt/airflow/dags/datahub_ingestion.py
[2026-06-04T13:59:06.096+0000] {processor.py:914} INFO - Processing file /opt/airflow/dags/datahub_ingestion.py for tasks to queue
[2026-06-04T13:59:06.099+0000] {logging_mixin.py:190} INFO - [2026-06-04T13:59:06.098+0000] {dagbag.py:588} INFO - Filling up the DagBag from /opt/airflow/dags/datahub_ingestion.py
[2026-06-04T13:59:06.115+0000] {processor.py:925} INFO - DAG(s) 'datahub_metadata_ingestion' retrieved from /opt/airflow/dags/datahub_ingestion.py
[2026-06-04T13:59:06.136+0000] {logging_mixin.py:190} INFO - [2026-06-04T13:59:06.136+0000] {dag.py:3239} INFO - Sync 1 DAGs
[2026-06-04T13:59:06.163+0000] {logging_mixin.py:190} INFO - [2026-06-04T13:59:06.163+0000] {dag.py:4180} INFO - Setting next_dagrun for datahub_metadata_ingestion to 2026-06-04 13:50:00+00:00, run_after=2026-06-04 13:55:00+00:00
[2026-06-04T13:59:06.190+0000] {processor.py:208} INFO - Processing /opt/airflow/dags/datahub_ingestion.py took 0.103 seconds
[2026-06-04T13:59:36.484+0000] {processor.py:186} INFO - Started process (PID=3399) to work on /opt/airflow/dags/datahub_ingestion.py
[2026-06-04T13:59:36.486+0000] {processor.py:914} INFO - Processing file /opt/airflow/dags/datahub_ingestion.py for tasks to queue
[2026-06-04T13:59:36.489+0000] {logging_mixin.py:190} INFO - [2026-06-04T13:59:36.488+0000] {dagbag.py:588} INFO - Filling up the DagBag from /opt/airflow/dags/datahub_ingestion.py
[2026-06-04T13:59:36.505+0000] {processor.py:925} INFO - DAG(s) 'datahub_metadata_ingestion' retrieved from /opt/airflow/dags/datahub_ingestion.py
[2026-06-04T13:59:36.527+0000] {logging_mixin.py:190} INFO - [2026-06-04T13:59:36.527+0000] {dag.py:3239} INFO - Sync 1 DAGs
[2026-06-04T13:59:36.556+0000] {logging_mixin.py:190} INFO - [2026-06-04T13:59:36.556+0000] {dag.py:4180} INFO - Setting next_dagrun for datahub_metadata_ingestion to 2026-06-04 13:50:00+00:00, run_after=2026-06-04 13:55:00+00:00
[2026-06-04T13:59:36.581+0000] {processor.py:208} INFO - Processing /opt/airflow/dags/datahub_ingestion.py took 0.102 seconds
[2026-06-04T14:00:06.818+0000] {processor.py:186} INFO - Started process (PID=3409) to work on /opt/airflow/dags/datahub_ingestion.py
[2026-06-04T14:00:06.820+0000] {processor.py:914} INFO - Processing file /opt/airflow/dags/datahub_ingestion.py for tasks to queue
[2026-06-04T14:00:06.822+0000] {logging_mixin.py:190} INFO - [2026-06-04T14:00:06.822+0000] {dagbag.py:588} INFO - Filling up the DagBag from /opt/airflow/dags/datahub_ingestion.py
[2026-06-04T14:00:06.838+0000] {processor.py:925} INFO - DAG(s) 'datahub_metadata_ingestion' retrieved from /opt/airflow/dags/datahub_ingestion.py
[2026-06-04T14:00:06.861+0000] {logging_mixin.py:190} INFO - [2026-06-04T14:00:06.861+0000] {dag.py:3239} INFO - Sync 1 DAGs
[2026-06-04T14:00:06.890+0000] {logging_mixin.py:190} INFO - [2026-06-04T14:00:06.890+0000] {dag.py:4180} INFO - Setting next_dagrun for datahub_metadata_ingestion to 2026-06-04 13:55:00+00:00, run_after=2026-06-04 14:00:00+00:00
[2026-06-04T14:00:06.915+0000] {processor.py:208} INFO - Processing /opt/airflow/dags/datahub_ingestion.py took 0.104 seconds
[2026-06-04T14:00:37.178+0000] {processor.py:186} INFO - Started process (PID=3419) to work on /opt/airflow/dags/datahub_ingestion.py
[2026-06-04T14:00:37.179+0000] {processor.py:914} INFO - Processing file /opt/airflow/dags/datahub_ingestion.py for tasks to queue
[2026-06-04T14:00:37.182+0000] {logging_mixin.py:190} INFO - [2026-06-04T14:00:37.181+0000] {dagbag.py:588} INFO - Filling up the DagBag from /opt/airflow/dags/datahub_ingestion.py
[2026-06-04T14:00:37.199+0000] {processor.py:925} INFO - DAG(s) 'datahub_metadata_ingestion' retrieved from /opt/airflow/dags/datahub_ingestion.py
[2026-06-04T14:00:37.224+0000] {logging_mixin.py:190} INFO - [2026-06-04T14:00:37.224+0000] {dag.py:3239} INFO - Sync 1 DAGs
[2026-06-04T14:00:37.254+0000] {logging_mixin.py:190} INFO - [2026-06-04T14:00:37.254+0000] {dag.py:4180} INFO - Setting next_dagrun for datahub_metadata_ingestion to 2026-06-04 13:55:00+00:00, run_after=2026-06-04 14:00:00+00:00
[2026-06-04T14:00:37.283+0000] {processor.py:208} INFO - Processing /opt/airflow/dags/datahub_ingestion.py took 0.112 seconds
[2026-06-04T14:01:07.531+0000] {processor.py:186} INFO - Started process (PID=3429) to work on /opt/airflow/dags/datahub_ingestion.py
[2026-06-04T14:01:07.532+0000] {processor.py:914} INFO - Processing file /opt/airflow/dags/datahub_ingestion.py for tasks to queue
[2026-06-04T14:01:07.535+0000] {logging_mixin.py:190} INFO - [2026-06-04T14:01:07.535+0000] {dagbag.py:588} INFO - Filling up the DagBag from /opt/airflow/dags/datahub_ingestion.py
[2026-06-04T14:01:07.557+0000] {processor.py:925} INFO - DAG(s) 'datahub_metadata_ingestion' retrieved from /opt/airflow/dags/datahub_ingestion.py
[2026-06-04T14:01:07.583+0000] {logging_mixin.py:190} INFO - [2026-06-04T14:01:07.582+0000] {dag.py:3239} INFO - Sync 1 DAGs
[2026-06-04T14:01:07.612+0000] {logging_mixin.py:190} INFO - [2026-06-04T14:01:07.612+0000] {dag.py:4180} INFO - Setting next_dagrun for datahub_metadata_ingestion to 2026-06-04 13:55:00+00:00, run_after=2026-06-04 14:00:00+00:00
[2026-06-04T14:01:07.637+0000] {processor.py:208} INFO - Processing /opt/airflow/dags/datahub_ingestion.py took 0.114 seconds
[2026-06-04T14:01:37.887+0000] {processor.py:186} INFO - Started process (PID=3439) to work on /opt/airflow/dags/datahub_ingestion.py
[2026-06-04T14:01:37.890+0000] {processor.py:914} INFO - Processing file /opt/airflow/dags/datahub_ingestion.py for tasks to queue
[2026-06-04T14:01:37.892+0000] {logging_mixin.py:190} INFO - [2026-06-04T14:01:37.892+0000] {dagbag.py:588} INFO - Filling up the DagBag from /opt/airflow/dags/datahub_ingestion.py
[2026-06-04T14:01:37.911+0000] {processor.py:925} INFO - DAG(s) 'datahub_metadata_ingestion' retrieved from /opt/airflow/dags/datahub_ingestion.py
[2026-06-04T14:01:37.941+0000] {logging_mixin.py:190} INFO - [2026-06-04T14:01:37.940+0000] {dag.py:3239} INFO - Sync 1 DAGs
[2026-06-04T14:01:37.988+0000] {logging_mixin.py:190} INFO - [2026-06-04T14:01:37.988+0000] {dag.py:4180} INFO - Setting next_dagrun for datahub_metadata_ingestion to 2026-06-04 13:55:00+00:00, run_after=2026-06-04 14:00:00+00:00
[2026-06-04T14:01:38.032+0000] {processor.py:208} INFO - Processing /opt/airflow/dags/datahub_ingestion.py took 0.153 seconds
[2026-06-04T14:02:08.267+0000] {processor.py:186} INFO - Started process (PID=3449) to work on /opt/airflow/dags/datahub_ingestion.py
[2026-06-04T14:02:08.269+0000] {processor.py:914} INFO - Processing file /opt/airflow/dags/datahub_ingestion.py for tasks to queue
[2026-06-04T14:02:08.272+0000] {logging_mixin.py:190} INFO - [2026-06-04T14:02:08.271+0000] {dagbag.py:588} INFO - Filling up the DagBag from /opt/airflow/dags/datahub_ingestion.py
[2026-06-04T14:02:08.288+0000] {processor.py:925} INFO - DAG(s) 'datahub_metadata_ingestion' retrieved from /opt/airflow/dags/datahub_ingestion.py
[2026-06-04T14:02:08.313+0000] {logging_mixin.py:190} INFO - [2026-06-04T14:02:08.313+0000] {dag.py:3239} INFO - Sync 1 DAGs
[2026-06-04T14:02:08.342+0000] {logging_mixin.py:190} INFO - [2026-06-04T14:02:08.342+0000] {dag.py:4180} INFO - Setting next_dagrun for datahub_metadata_ingestion to 2026-06-04 13:55:00+00:00, run_after=2026-06-04 14:00:00+00:00
[2026-06-04T14:02:08.369+0000] {processor.py:208} INFO - Processing /opt/airflow/dags/datahub_ingestion.py took 0.109 seconds
[2026-06-04T14:02:38.594+0000] {processor.py:186} INFO - Started process (PID=3459) to work on /opt/airflow/dags/datahub_ingestion.py
[2026-06-04T14:02:38.596+0000] {processor.py:914} INFO - Processing file /opt/airflow/dags/datahub_ingestion.py for tasks to queue
[2026-06-04T14:02:38.598+0000] {logging_mixin.py:190} INFO - [2026-06-04T14:02:38.598+0000] {dagbag.py:588} INFO - Filling up the DagBag from /opt/airflow/dags/datahub_ingestion.py
[2026-06-04T14:02:38.615+0000] {processor.py:925} INFO - DAG(s) 'datahub_metadata_ingestion' retrieved from /opt/airflow/dags/datahub_ingestion.py
[2026-06-04T14:02:38.639+0000] {logging_mixin.py:190} INFO - [2026-06-04T14:02:38.639+0000] {dag.py:3239} INFO - Sync 1 DAGs
[2026-06-04T14:02:38.674+0000] {logging_mixin.py:190} INFO - [2026-06-04T14:02:38.674+0000] {dag.py:4180} INFO - Setting next_dagrun for datahub_metadata_ingestion to 2026-06-04 13:55:00+00:00, run_after=2026-06-04 14:00:00+00:00
[2026-06-04T14:02:38.705+0000] {processor.py:208} INFO - Processing /opt/airflow/dags/datahub_ingestion.py took 0.119 seconds
[2026-06-04T14:03:08.935+0000] {processor.py:186} INFO - Started process (PID=3469) to work on /opt/airflow/dags/datahub_ingestion.py
[2026-06-04T14:03:08.936+0000] {processor.py:914} INFO - Processing file /opt/airflow/dags/datahub_ingestion.py for tasks to queue
[2026-06-04T14:03:08.939+0000] {logging_mixin.py:190} INFO - [2026-06-04T14:03:08.938+0000] {dagbag.py:588} INFO - Filling up the DagBag from /opt/airflow/dags/datahub_ingestion.py
[2026-06-04T14:03:08.955+0000] {processor.py:925} INFO - DAG(s) 'datahub_metadata_ingestion' retrieved from /opt/airflow/dags/datahub_ingestion.py
[2026-06-04T14:03:08.977+0000] {logging_mixin.py:190} INFO - [2026-06-04T14:03:08.977+0000] {dag.py:3239} INFO - Sync 1 DAGs
[2026-06-04T14:03:09.005+0000] {logging_mixin.py:190} INFO - [2026-06-04T14:03:09.005+0000] {dag.py:4180} INFO - Setting next_dagrun for datahub_metadata_ingestion to 2026-06-04 13:55:00+00:00, run_after=2026-06-04 14:00:00+00:00
[2026-06-04T14:03:09.031+0000] {processor.py:208} INFO - Processing /opt/airflow/dags/datahub_ingestion.py took 0.104 seconds
[2026-06-04T14:03:39.275+0000] {processor.py:186} INFO - Started process (PID=3479) to work on /opt/airflow/dags/datahub_ingestion.py
[2026-06-04T14:03:39.279+0000] {processor.py:914} INFO - Processing file /opt/airflow/dags/datahub_ingestion.py for tasks to queue
[2026-06-04T14:03:39.281+0000] {logging_mixin.py:190} INFO - [2026-06-04T14:03:39.281+0000] {dagbag.py:588} INFO - Filling up the DagBag from /opt/airflow/dags/datahub_ingestion.py
[2026-06-04T14:03:39.298+0000] {processor.py:925} INFO - DAG(s) 'datahub_metadata_ingestion' retrieved from /opt/airflow/dags/datahub_ingestion.py
[2026-06-04T14:03:39.322+0000] {logging_mixin.py:190} INFO - [2026-06-04T14:03:39.321+0000] {dag.py:3239} INFO - Sync 1 DAGs
[2026-06-04T14:03:39.357+0000] {logging_mixin.py:190} INFO - [2026-06-04T14:03:39.357+0000] {dag.py:4180} INFO - Setting next_dagrun for datahub_metadata_ingestion to 2026-06-04 13:55:00+00:00, run_after=2026-06-04 14:00:00+00:00
[2026-06-04T14:03:39.388+0000] {processor.py:208} INFO - Processing /opt/airflow/dags/datahub_ingestion.py took 0.120 seconds
[2026-06-04T14:04:09.661+0000] {processor.py:186} INFO - Started process (PID=3489) to work on /opt/airflow/dags/datahub_ingestion.py
[2026-06-04T14:04:09.662+0000] {processor.py:914} INFO - Processing file /opt/airflow/dags/datahub_ingestion.py for tasks to queue
[2026-06-04T14:04:09.665+0000] {logging_mixin.py:190} INFO - [2026-06-04T14:04:09.664+0000] {dagbag.py:588} INFO - Filling up the DagBag from /opt/airflow/dags/datahub_ingestion.py
[2026-06-04T14:04:09.680+0000] {processor.py:925} INFO - DAG(s) 'datahub_metadata_ingestion' retrieved from /opt/airflow/dags/datahub_ingestion.py
[2026-06-04T14:04:09.703+0000] {logging_mixin.py:190} INFO - [2026-06-04T14:04:09.703+0000] {dag.py:3239} INFO - Sync 1 DAGs
[2026-06-04T14:04:09.730+0000] {logging_mixin.py:190} INFO - [2026-06-04T14:04:09.729+0000] {dag.py:4180} INFO - Setting next_dagrun for datahub_metadata_ingestion to 2026-06-04 13:55:00+00:00, run_after=2026-06-04 14:00:00+00:00
[2026-06-04T14:04:09.750+0000] {processor.py:208} INFO - Processing /opt/airflow/dags/datahub_ingestion.py took 0.096 seconds
[2026-06-04T14:04:40.011+0000] {processor.py:186} INFO - Started process (PID=3499) to work on /opt/airflow/dags/datahub_ingestion.py
[2026-06-04T14:04:40.015+0000] {processor.py:914} INFO - Processing file /opt/airflow/dags/datahub_ingestion.py for tasks to queue
[2026-06-04T14:04:40.018+0000] {logging_mixin.py:190} INFO - [2026-06-04T14:04:40.017+0000] {dagbag.py:588} INFO - Filling up the DagBag from /opt/airflow/dags/datahub_ingestion.py
[2026-06-04T14:04:40.036+0000] {processor.py:925} INFO - DAG(s) 'datahub_metadata_ingestion' retrieved from /opt/airflow/dags/datahub_ingestion.py
[2026-06-04T14:04:40.059+0000] {logging_mixin.py:190} INFO - [2026-06-04T14:04:40.059+0000] {dag.py:3239} INFO - Sync 1 DAGs
[2026-06-04T14:04:40.090+0000] {logging_mixin.py:190} INFO - [2026-06-04T14:04:40.090+0000] {dag.py:4180} INFO - Setting next_dagrun for datahub_metadata_ingestion to 2026-06-04 13:55:00+00:00, run_after=2026-06-04 14:00:00+00:00
[2026-06-04T14:04:40.118+0000] {processor.py:208} INFO - Processing /opt/airflow/dags/datahub_ingestion.py took 0.114 seconds
[2026-06-04T14:09:48.664+0000] {processor.py:186} INFO - Started process (PID=158) to work on /opt/airflow/dags/datahub_ingestion.py
[2026-06-04T14:09:48.666+0000] {processor.py:914} INFO - Processing file /opt/airflow/dags/datahub_ingestion.py for tasks to queue
[2026-06-04T14:09:48.667+0000] {logging_mixin.py:190} INFO - [2026-06-04T14:09:48.667+0000] {dagbag.py:588} INFO - Filling up the DagBag from /opt/airflow/dags/datahub_ingestion.py
[2026-06-04T14:09:48.692+0000] {processor.py:925} INFO - DAG(s) 'datahub_metadata_ingestion' retrieved from /opt/airflow/dags/datahub_ingestion.py
[2026-06-04T14:09:48.719+0000] {logging_mixin.py:190} INFO - [2026-06-04T14:09:48.719+0000] {dag.py:3239} INFO - Sync 1 DAGs
[2026-06-04T14:09:48.743+0000] {logging_mixin.py:190} INFO - [2026-06-04T14:09:48.743+0000] {dag.py:4180} INFO - Setting next_dagrun for datahub_metadata_ingestion to 2026-06-04 14:00:00+00:00, run_after=2026-06-04 14:05:00+00:00
[2026-06-04T14:09:48.763+0000] {processor.py:208} INFO - Processing /opt/airflow/dags/datahub_ingestion.py took 0.104 seconds
[2026-06-04T14:10:19.032+0000] {processor.py:186} INFO - Started process (PID=168) to work on /opt/airflow/dags/datahub_ingestion.py
[2026-06-04T14:10:19.034+0000] {processor.py:914} INFO - Processing file /opt/airflow/dags/datahub_ingestion.py for tasks to queue
[2026-06-04T14:10:19.036+0000] {logging_mixin.py:190} INFO - [2026-06-04T14:10:19.035+0000] {dagbag.py:588} INFO - Filling up the DagBag from /opt/airflow/dags/datahub_ingestion.py
[2026-06-04T14:10:19.054+0000] {processor.py:925} INFO - DAG(s) 'datahub_metadata_ingestion' retrieved from /opt/airflow/dags/datahub_ingestion.py
[2026-06-04T14:10:19.077+0000] {logging_mixin.py:190} INFO - [2026-06-04T14:10:19.077+0000] {dag.py:3239} INFO - Sync 1 DAGs
[2026-06-04T14:10:19.102+0000] {logging_mixin.py:190} INFO - [2026-06-04T14:10:19.102+0000] {dag.py:4180} INFO - Setting next_dagrun for datahub_metadata_ingestion to 2026-06-04 14:05:00+00:00, run_after=2026-06-04 14:10:00+00:00
[2026-06-04T14:10:19.124+0000] {processor.py:208} INFO - Processing /opt/airflow/dags/datahub_ingestion.py took 0.103 seconds
[2026-06-04T14:10:49.408+0000] {processor.py:186} INFO - Started process (PID=178) to work on /opt/airflow/dags/datahub_ingestion.py
[2026-06-04T14:10:49.409+0000] {processor.py:914} INFO - Processing file /opt/airflow/dags/datahub_ingestion.py for tasks to queue
[2026-06-04T14:10:49.411+0000] {logging_mixin.py:190} INFO - [2026-06-04T14:10:49.411+0000] {dagbag.py:588} INFO - Filling up the DagBag from /opt/airflow/dags/datahub_ingestion.py
[2026-06-04T14:10:49.424+0000] {processor.py:925} INFO - DAG(s) 'datahub_metadata_ingestion' retrieved from /opt/airflow/dags/datahub_ingestion.py
[2026-06-04T14:10:49.450+0000] {logging_mixin.py:190} INFO - [2026-06-04T14:10:49.449+0000] {dag.py:3239} INFO - Sync 1 DAGs
[2026-06-04T14:10:49.478+0000] {logging_mixin.py:190} INFO - [2026-06-04T14:10:49.478+0000] {dag.py:4180} INFO - Setting next_dagrun for datahub_metadata_ingestion to 2026-06-04 14:05:00+00:00, run_after=2026-06-04 14:10:00+00:00
[2026-06-04T14:10:49.497+0000] {processor.py:208} INFO - Processing /opt/airflow/dags/datahub_ingestion.py took 0.095 seconds
[2026-06-04T14:11:19.715+0000] {processor.py:186} INFO - Started process (PID=327) to work on /opt/airflow/dags/datahub_ingestion.py
[2026-06-04T14:11:19.716+0000] {processor.py:914} INFO - Processing file /opt/airflow/dags/datahub_ingestion.py for tasks to queue
[2026-06-04T14:11:19.718+0000] {logging_mixin.py:190} INFO - [2026-06-04T14:11:19.718+0000] {dagbag.py:588} INFO - Filling up the DagBag from /opt/airflow/dags/datahub_ingestion.py
[2026-06-04T14:11:19.735+0000] {processor.py:925} INFO - DAG(s) 'datahub_metadata_ingestion' retrieved from /opt/airflow/dags/datahub_ingestion.py
[2026-06-04T14:11:19.760+0000] {logging_mixin.py:190} INFO - [2026-06-04T14:11:19.760+0000] {dag.py:3239} INFO - Sync 1 DAGs
[2026-06-04T14:11:19.793+0000] {logging_mixin.py:190} INFO - [2026-06-04T14:11:19.793+0000] {dag.py:4180} INFO - Setting next_dagrun for datahub_metadata_ingestion to 2026-06-04 14:05:00+00:00, run_after=2026-06-04 14:10:00+00:00
[2026-06-04T14:11:19.822+0000] {processor.py:208} INFO - Processing /opt/airflow/dags/datahub_ingestion.py took 0.114 seconds
[2026-06-04T14:11:50.012+0000] {processor.py:186} INFO - Started process (PID=595) to work on /opt/airflow/dags/datahub_ingestion.py
[2026-06-04T14:11:50.014+0000] {processor.py:914} INFO - Processing file /opt/airflow/dags/datahub_ingestion.py for tasks to queue
[2026-06-04T14:11:50.016+0000] {logging_mixin.py:190} INFO - [2026-06-04T14:11:50.016+0000] {dagbag.py:588} INFO - Filling up the DagBag from /opt/airflow/dags/datahub_ingestion.py
[2026-06-04T14:11:50.032+0000] {processor.py:925} INFO - DAG(s) 'datahub_metadata_ingestion' retrieved from /opt/airflow/dags/datahub_ingestion.py
[2026-06-04T14:11:50.062+0000] {logging_mixin.py:190} INFO - [2026-06-04T14:11:50.062+0000] {dag.py:3239} INFO - Sync 1 DAGs
[2026-06-04T14:11:50.095+0000] {logging_mixin.py:190} INFO - [2026-06-04T14:11:50.094+0000] {dag.py:4180} INFO - Setting next_dagrun for datahub_metadata_ingestion to 2026-06-04 14:05:00+00:00, run_after=2026-06-04 14:10:00+00:00
[2026-06-04T14:11:50.131+0000] {processor.py:208} INFO - Processing /opt/airflow/dags/datahub_ingestion.py took 0.124 seconds
[2026-06-04T14:12:20.362+0000] {processor.py:186} INFO - Started process (PID=900) to work on /opt/airflow/dags/datahub_ingestion.py
[2026-06-04T14:12:20.364+0000] {processor.py:914} INFO - Processing file /opt/airflow/dags/datahub_ingestion.py for tasks to queue
[2026-06-04T14:12:20.367+0000] {logging_mixin.py:190} INFO - [2026-06-04T14:12:20.366+0000] {dagbag.py:588} INFO - Filling up the DagBag from /opt/airflow/dags/datahub_ingestion.py
[2026-06-04T14:12:20.402+0000] {processor.py:925} INFO - DAG(s) 'datahub_metadata_ingestion' retrieved from /opt/airflow/dags/datahub_ingestion.py
[2026-06-04T14:12:20.450+0000] {logging_mixin.py:190} INFO - [2026-06-04T14:12:20.449+0000] {dag.py:3239} INFO - Sync 1 DAGs
[2026-06-04T14:12:20.510+0000] {logging_mixin.py:190} INFO - [2026-06-04T14:12:20.510+0000] {dag.py:4180} INFO - Setting next_dagrun for datahub_metadata_ingestion to 2026-06-04 14:05:00+00:00, run_after=2026-06-04 14:10:00+00:00
[2026-06-04T14:12:20.547+0000] {processor.py:208} INFO - Processing /opt/airflow/dags/datahub_ingestion.py took 0.191 seconds
[2026-06-04T14:12:50.709+0000] {processor.py:186} INFO - Started process (PID=999) to work on /opt/airflow/dags/datahub_ingestion.py
[2026-06-04T14:12:50.710+0000] {processor.py:914} INFO - Processing file /opt/airflow/dags/datahub_ingestion.py for tasks to queue
[2026-06-04T14:12:50.712+0000] {logging_mixin.py:190} INFO - [2026-06-04T14:12:50.711+0000] {dagbag.py:588} INFO - Filling up the DagBag from /opt/airflow/dags/datahub_ingestion.py
[2026-06-04T14:12:50.724+0000] {processor.py:925} INFO - DAG(s) 'datahub_metadata_ingestion' retrieved from /opt/airflow/dags/datahub_ingestion.py
[2026-06-04T14:12:50.750+0000] {logging_mixin.py:190} INFO - [2026-06-04T14:12:50.750+0000] {dag.py:3239} INFO - Sync 1 DAGs
[2026-06-04T14:12:50.785+0000] {logging_mixin.py:190} INFO - [2026-06-04T14:12:50.785+0000] {dag.py:4180} INFO - Setting next_dagrun for datahub_metadata_ingestion to 2026-06-04 14:05:00+00:00, run_after=2026-06-04 14:10:00+00:00
[2026-06-04T14:12:50.814+0000] {processor.py:208} INFO - Processing /opt/airflow/dags/datahub_ingestion.py took 0.111 seconds
[2026-06-04T14:13:21.015+0000] {processor.py:186} INFO - Started process (PID=1063) to work on /opt/airflow/dags/datahub_ingestion.py
[2026-06-04T14:13:21.016+0000] {processor.py:914} INFO - Processing file /opt/airflow/dags/datahub_ingestion.py for tasks to queue
[2026-06-04T14:13:21.018+0000] {logging_mixin.py:190} INFO - [2026-06-04T14:13:21.017+0000] {dagbag.py:588} INFO - Filling up the DagBag from /opt/airflow/dags/datahub_ingestion.py
[2026-06-04T14:13:21.051+0000] {processor.py:925} INFO - DAG(s) 'datahub_metadata_ingestion' retrieved from /opt/airflow/dags/datahub_ingestion.py
[2026-06-04T14:13:21.110+0000] {logging_mixin.py:190} INFO - [2026-06-04T14:13:21.109+0000] {dag.py:3239} INFO - Sync 1 DAGs
[2026-06-04T14:13:21.176+0000] {logging_mixin.py:190} INFO - [2026-06-04T14:13:21.176+0000] {dag.py:4180} INFO - Setting next_dagrun for datahub_metadata_ingestion to 2026-06-04 14:05:00+00:00, run_after=2026-06-04 14:10:00+00:00
[2026-06-04T14:13:21.249+0000] {processor.py:208} INFO - Processing /opt/airflow/dags/datahub_ingestion.py took 0.242 seconds
[2026-06-04T14:13:52.139+0000] {processor.py:186} INFO - Started process (PID=1092) to work on /opt/airflow/dags/datahub_ingestion.py
[2026-06-04T14:13:52.140+0000] {processor.py:914} INFO - Processing file /opt/airflow/dags/datahub_ingestion.py for tasks to queue
[2026-06-04T14:13:52.142+0000] {logging_mixin.py:190} INFO - [2026-06-04T14:13:52.142+0000] {dagbag.py:588} INFO - Filling up the DagBag from /opt/airflow/dags/datahub_ingestion.py
[2026-06-04T14:13:52.156+0000] {processor.py:925} INFO - DAG(s) 'datahub_metadata_ingestion' retrieved from /opt/airflow/dags/datahub_ingestion.py
[2026-06-04T14:13:52.178+0000] {logging_mixin.py:190} INFO - [2026-06-04T14:13:52.177+0000] {dag.py:3239} INFO - Sync 1 DAGs
[2026-06-04T14:13:52.206+0000] {logging_mixin.py:190} INFO - [2026-06-04T14:13:52.206+0000] {dag.py:4180} INFO - Setting next_dagrun for datahub_metadata_ingestion to 2026-06-04 14:05:00+00:00, run_after=2026-06-04 14:10:00+00:00
[2026-06-04T14:13:52.236+0000] {processor.py:208} INFO - Processing /opt/airflow/dags/datahub_ingestion.py took 0.103 seconds
[2026-06-04T14:14:22.388+0000] {processor.py:186} INFO - Started process (PID=1315) to work on /opt/airflow/dags/datahub_ingestion.py
[2026-06-04T14:14:22.390+0000] {processor.py:914} INFO - Processing file /opt/airflow/dags/datahub_ingestion.py for tasks to queue
[2026-06-04T14:14:22.393+0000] {logging_mixin.py:190} INFO - [2026-06-04T14:14:22.392+0000] {dagbag.py:588} INFO - Filling up the DagBag from /opt/airflow/dags/datahub_ingestion.py
[2026-06-04T14:14:22.408+0000] {processor.py:925} INFO - DAG(s) 'datahub_metadata_ingestion' retrieved from /opt/airflow/dags/datahub_ingestion.py
[2026-06-04T14:14:22.435+0000] {logging_mixin.py:190} INFO - [2026-06-04T14:14:22.434+0000] {dag.py:3239} INFO - Sync 1 DAGs
[2026-06-04T14:14:22.472+0000] {logging_mixin.py:190} INFO - [2026-06-04T14:14:22.472+0000] {dag.py:4180} INFO - Setting next_dagrun for datahub_metadata_ingestion to 2026-06-04 14:05:00+00:00, run_after=2026-06-04 14:10:00+00:00
[2026-06-04T14:14:22.492+0000] {processor.py:208} INFO - Processing /opt/airflow/dags/datahub_ingestion.py took 0.110 seconds
[2026-06-04T14:14:52.662+0000] {processor.py:186} INFO - Started process (PID=1662) to work on /opt/airflow/dags/datahub_ingestion.py
[2026-06-04T14:14:52.666+0000] {processor.py:914} INFO - Processing file /opt/airflow/dags/datahub_ingestion.py for tasks to queue
[2026-06-04T14:14:52.669+0000] {logging_mixin.py:190} INFO - [2026-06-04T14:14:52.668+0000] {dagbag.py:588} INFO - Filling up the DagBag from /opt/airflow/dags/datahub_ingestion.py
[2026-06-04T14:14:52.685+0000] {processor.py:925} INFO - DAG(s) 'datahub_metadata_ingestion' retrieved from /opt/airflow/dags/datahub_ingestion.py
[2026-06-04T14:14:52.714+0000] {logging_mixin.py:190} INFO - [2026-06-04T14:14:52.713+0000] {dag.py:3239} INFO - Sync 1 DAGs
[2026-06-04T14:14:52.741+0000] {logging_mixin.py:190} INFO - [2026-06-04T14:14:52.741+0000] {dag.py:4180} INFO - Setting next_dagrun for datahub_metadata_ingestion to 2026-06-04 14:05:00+00:00, run_after=2026-06-04 14:10:00+00:00
[2026-06-04T14:14:52.766+0000] {processor.py:208} INFO - Processing /opt/airflow/dags/datahub_ingestion.py took 0.109 seconds
[2026-06-04T14:15:22.971+0000] {processor.py:186} INFO - Started process (PID=1716) to work on /opt/airflow/dags/datahub_ingestion.py
[2026-06-04T14:15:22.973+0000] {processor.py:914} INFO - Processing file /opt/airflow/dags/datahub_ingestion.py for tasks to queue
[2026-06-04T14:15:22.976+0000] {logging_mixin.py:190} INFO - [2026-06-04T14:15:22.975+0000] {dagbag.py:588} INFO - Filling up the DagBag from /opt/airflow/dags/datahub_ingestion.py
[2026-06-04T14:15:22.994+0000] {processor.py:925} INFO - DAG(s) 'datahub_metadata_ingestion' retrieved from /opt/airflow/dags/datahub_ingestion.py
[2026-06-04T14:15:23.019+0000] {logging_mixin.py:190} INFO - [2026-06-04T14:15:23.019+0000] {dag.py:3239} INFO - Sync 1 DAGs
[2026-06-04T14:15:23.049+0000] {logging_mixin.py:190} INFO - [2026-06-04T14:15:23.049+0000] {dag.py:4180} INFO - Setting next_dagrun for datahub_metadata_ingestion to 2026-06-04 14:10:00+00:00, run_after=2026-06-04 14:15:00+00:00
[2026-06-04T14:15:23.069+0000] {processor.py:208} INFO - Processing /opt/airflow/dags/datahub_ingestion.py took 0.105 seconds
[2026-06-04T14:15:53.266+0000] {processor.py:186} INFO - Started process (PID=1751) to work on /opt/airflow/dags/datahub_ingestion.py
[2026-06-04T14:15:53.267+0000] {processor.py:914} INFO - Processing file /opt/airflow/dags/datahub_ingestion.py for tasks to queue
[2026-06-04T14:15:53.269+0000] {logging_mixin.py:190} INFO - [2026-06-04T14:15:53.269+0000] {dagbag.py:588} INFO - Filling up the DagBag from /opt/airflow/dags/datahub_ingestion.py
[2026-06-04T14:15:53.286+0000] {processor.py:925} INFO - DAG(s) 'datahub_metadata_ingestion' retrieved from /opt/airflow/dags/datahub_ingestion.py
[2026-06-04T14:15:53.309+0000] {logging_mixin.py:190} INFO - [2026-06-04T14:15:53.309+0000] {dag.py:3239} INFO - Sync 1 DAGs
[2026-06-04T14:15:53.340+0000] {logging_mixin.py:190} INFO - [2026-06-04T14:15:53.340+0000] {dag.py:4180} INFO - Setting next_dagrun for datahub_metadata_ingestion to 2026-06-04 14:10:00+00:00, run_after=2026-06-04 14:15:00+00:00
[2026-06-04T14:15:53.365+0000] {processor.py:208} INFO - Processing /opt/airflow/dags/datahub_ingestion.py took 0.106 seconds
[2026-06-04T14:16:23.585+0000] {processor.py:186} INFO - Started process (PID=1762) to work on /opt/airflow/dags/datahub_ingestion.py
[2026-06-04T14:16:23.586+0000] {processor.py:914} INFO - Processing file /opt/airflow/dags/datahub_ingestion.py for tasks to queue
[2026-06-04T14:16:23.588+0000] {logging_mixin.py:190} INFO - [2026-06-04T14:16:23.588+0000] {dagbag.py:588} INFO - Filling up the DagBag from /opt/airflow/dags/datahub_ingestion.py
[2026-06-04T14:16:23.604+0000] {processor.py:925} INFO - DAG(s) 'datahub_metadata_ingestion' retrieved from /opt/airflow/dags/datahub_ingestion.py
[2026-06-04T14:16:23.628+0000] {logging_mixin.py:190} INFO - [2026-06-04T14:16:23.628+0000] {dag.py:3239} INFO - Sync 1 DAGs
[2026-06-04T14:16:23.656+0000] {logging_mixin.py:190} INFO - [2026-06-04T14:16:23.656+0000] {dag.py:4180} INFO - Setting next_dagrun for datahub_metadata_ingestion to 2026-06-04 14:10:00+00:00, run_after=2026-06-04 14:15:00+00:00
[2026-06-04T14:16:23.678+0000] {processor.py:208} INFO - Processing /opt/airflow/dags/datahub_ingestion.py took 0.099 seconds
[2026-06-04T14:16:53.922+0000] {processor.py:186} INFO - Started process (PID=1772) to work on /opt/airflow/dags/datahub_ingestion.py
[2026-06-04T14:16:53.926+0000] {processor.py:914} INFO - Processing file /opt/airflow/dags/datahub_ingestion.py for tasks to queue
[2026-06-04T14:16:53.928+0000] {logging_mixin.py:190} INFO - [2026-06-04T14:16:53.928+0000] {dagbag.py:588} INFO - Filling up the DagBag from /opt/airflow/dags/datahub_ingestion.py
[2026-06-04T14:16:53.945+0000] {processor.py:925} INFO - DAG(s) 'datahub_metadata_ingestion' retrieved from /opt/airflow/dags/datahub_ingestion.py
[2026-06-04T14:16:53.969+0000] {logging_mixin.py:190} INFO - [2026-06-04T14:16:53.968+0000] {dag.py:3239} INFO - Sync 1 DAGs
[2026-06-04T14:16:53.999+0000] {logging_mixin.py:190} INFO - [2026-06-04T14:16:53.999+0000] {dag.py:4180} INFO - Setting next_dagrun for datahub_metadata_ingestion to 2026-06-04 14:10:00+00:00, run_after=2026-06-04 14:15:00+00:00
[2026-06-04T14:16:54.026+0000] {processor.py:208} INFO - Processing /opt/airflow/dags/datahub_ingestion.py took 0.112 seconds
[2026-06-04T14:17:24.268+0000] {processor.py:186} INFO - Started process (PID=1809) to work on /opt/airflow/dags/datahub_ingestion.py
[2026-06-04T14:17:24.270+0000] {processor.py:914} INFO - Processing file /opt/airflow/dags/datahub_ingestion.py for tasks to queue
[2026-06-04T14:17:24.272+0000] {logging_mixin.py:190} INFO - [2026-06-04T14:17:24.271+0000] {dagbag.py:588} INFO - Filling up the DagBag from /opt/airflow/dags/datahub_ingestion.py
[2026-06-04T14:17:24.287+0000] {processor.py:925} INFO - DAG(s) 'datahub_metadata_ingestion' retrieved from /opt/airflow/dags/datahub_ingestion.py
[2026-06-04T14:17:24.311+0000] {logging_mixin.py:190} INFO - [2026-06-04T14:17:24.310+0000] {dag.py:3239} INFO - Sync 1 DAGs
[2026-06-04T14:17:24.337+0000] {logging_mixin.py:190} INFO - [2026-06-04T14:17:24.337+0000] {dag.py:4180} INFO - Setting next_dagrun for datahub_metadata_ingestion to 2026-06-04 14:10:00+00:00, run_after=2026-06-04 14:15:00+00:00
[2026-06-04T14:17:24.360+0000] {processor.py:208} INFO - Processing /opt/airflow/dags/datahub_ingestion.py took 0.098 seconds
[2026-06-04T14:17:54.632+0000] {processor.py:186} INFO - Started process (PID=1819) to work on /opt/airflow/dags/datahub_ingestion.py
[2026-06-04T14:17:54.633+0000] {processor.py:914} INFO - Processing file /opt/airflow/dags/datahub_ingestion.py for tasks to queue
[2026-06-04T14:17:54.636+0000] {logging_mixin.py:190} INFO - [2026-06-04T14:17:54.635+0000] {dagbag.py:588} INFO - Filling up the DagBag from /opt/airflow/dags/datahub_ingestion.py
[2026-06-04T14:17:54.654+0000] {processor.py:925} INFO - DAG(s) 'datahub_metadata_ingestion' retrieved from /opt/airflow/dags/datahub_ingestion.py
[2026-06-04T14:17:54.676+0000] {logging_mixin.py:190} INFO - [2026-06-04T14:17:54.676+0000] {dag.py:3239} INFO - Sync 1 DAGs
[2026-06-04T14:17:54.703+0000] {logging_mixin.py:190} INFO - [2026-06-04T14:17:54.703+0000] {dag.py:4180} INFO - Setting next_dagrun for datahub_metadata_ingestion to 2026-06-04 14:10:00+00:00, run_after=2026-06-04 14:15:00+00:00
[2026-06-04T14:17:54.726+0000] {processor.py:208} INFO - Processing /opt/airflow/dags/datahub_ingestion.py took 0.102 seconds
[2026-06-04T14:18:24.973+0000] {processor.py:186} INFO - Started process (PID=1829) to work on /opt/airflow/dags/datahub_ingestion.py
[2026-06-04T14:18:24.975+0000] {processor.py:914} INFO - Processing file /opt/airflow/dags/datahub_ingestion.py for tasks to queue
[2026-06-04T14:18:24.977+0000] {logging_mixin.py:190} INFO - [2026-06-04T14:18:24.977+0000] {dagbag.py:588} INFO - Filling up the DagBag from /opt/airflow/dags/datahub_ingestion.py
[2026-06-04T14:18:24.992+0000] {processor.py:925} INFO - DAG(s) 'datahub_metadata_ingestion' retrieved from /opt/airflow/dags/datahub_ingestion.py
[2026-06-04T14:18:25.016+0000] {logging_mixin.py:190} INFO - [2026-06-04T14:18:25.016+0000] {dag.py:3239} INFO - Sync 1 DAGs
[2026-06-04T14:18:25.046+0000] {logging_mixin.py:190} INFO - [2026-06-04T14:18:25.046+0000] {dag.py:4180} INFO - Setting next_dagrun for datahub_metadata_ingestion to 2026-06-04 14:10:00+00:00, run_after=2026-06-04 14:15:00+00:00
[2026-06-04T14:18:25.067+0000] {processor.py:208} INFO - Processing /opt/airflow/dags/datahub_ingestion.py took 0.099 seconds
[2026-06-04T14:18:55.330+0000] {processor.py:186} INFO - Started process (PID=1839) to work on /opt/airflow/dags/datahub_ingestion.py
[2026-06-04T14:18:55.332+0000] {processor.py:914} INFO - Processing file /opt/airflow/dags/datahub_ingestion.py for tasks to queue
[2026-06-04T14:18:55.334+0000] {logging_mixin.py:190} INFO - [2026-06-04T14:18:55.334+0000] {dagbag.py:588} INFO - Filling up the DagBag from /opt/airflow/dags/datahub_ingestion.py
[2026-06-04T14:18:55.349+0000] {processor.py:925} INFO - DAG(s) 'datahub_metadata_ingestion' retrieved from /opt/airflow/dags/datahub_ingestion.py
[2026-06-04T14:18:55.374+0000] {logging_mixin.py:190} INFO - [2026-06-04T14:18:55.374+0000] {dag.py:3239} INFO - Sync 1 DAGs
[2026-06-04T14:18:55.404+0000] {logging_mixin.py:190} INFO - [2026-06-04T14:18:55.403+0000] {dag.py:4180} INFO - Setting next_dagrun for datahub_metadata_ingestion to 2026-06-04 14:10:00+00:00, run_after=2026-06-04 14:15:00+00:00
[2026-06-04T14:18:55.436+0000] {processor.py:208} INFO - Processing /opt/airflow/dags/datahub_ingestion.py took 0.112 seconds
[2026-06-04T14:19:25.688+0000] {processor.py:186} INFO - Started process (PID=1849) to work on /opt/airflow/dags/datahub_ingestion.py
[2026-06-04T14:19:25.690+0000] {processor.py:914} INFO - Processing file /opt/airflow/dags/datahub_ingestion.py for tasks to queue
[2026-06-04T14:19:25.692+0000] {logging_mixin.py:190} INFO - [2026-06-04T14:19:25.692+0000] {dagbag.py:588} INFO - Filling up the DagBag from /opt/airflow/dags/datahub_ingestion.py
[2026-06-04T14:19:25.709+0000] {processor.py:925} INFO - DAG(s) 'datahub_metadata_ingestion' retrieved from /opt/airflow/dags/datahub_ingestion.py
[2026-06-04T14:19:25.732+0000] {logging_mixin.py:190} INFO - [2026-06-04T14:19:25.732+0000] {dag.py:3239} INFO - Sync 1 DAGs
[2026-06-04T14:19:25.760+0000] {logging_mixin.py:190} INFO - [2026-06-04T14:19:25.760+0000] {dag.py:4180} INFO - Setting next_dagrun for datahub_metadata_ingestion to 2026-06-04 14:10:00+00:00, run_after=2026-06-04 14:15:00+00:00
[2026-06-04T14:19:25.788+0000] {processor.py:208} INFO - Processing /opt/airflow/dags/datahub_ingestion.py took 0.107 seconds
[2026-06-04T14:19:56.078+0000] {processor.py:186} INFO - Started process (PID=1859) to work on /opt/airflow/dags/datahub_ingestion.py
[2026-06-04T14:19:56.080+0000] {processor.py:914} INFO - Processing file /opt/airflow/dags/datahub_ingestion.py for tasks to queue
[2026-06-04T14:19:56.082+0000] {logging_mixin.py:190} INFO - [2026-06-04T14:19:56.081+0000] {dagbag.py:588} INFO - Filling up the DagBag from /opt/airflow/dags/datahub_ingestion.py
[2026-06-04T14:19:56.100+0000] {processor.py:925} INFO - DAG(s) 'datahub_metadata_ingestion' retrieved from /opt/airflow/dags/datahub_ingestion.py
[2026-06-04T14:19:56.121+0000] {logging_mixin.py:190} INFO - [2026-06-04T14:19:56.121+0000] {dag.py:3239} INFO - Sync 1 DAGs
[2026-06-04T14:19:56.147+0000] {logging_mixin.py:190} INFO - [2026-06-04T14:19:56.146+0000] {dag.py:4180} INFO - Setting next_dagrun for datahub_metadata_ingestion to 2026-06-04 14:10:00+00:00, run_after=2026-06-04 14:15:00+00:00
[2026-06-04T14:19:56.167+0000] {processor.py:208} INFO - Processing /opt/airflow/dags/datahub_ingestion.py took 0.096 seconds
[2026-06-04T14:20:26.443+0000] {processor.py:186} INFO - Started process (PID=1869) to work on /opt/airflow/dags/datahub_ingestion.py
[2026-06-04T14:20:26.445+0000] {processor.py:914} INFO - Processing file /opt/airflow/dags/datahub_ingestion.py for tasks to queue
[2026-06-04T14:20:26.447+0000] {logging_mixin.py:190} INFO - [2026-06-04T14:20:26.447+0000] {dagbag.py:588} INFO - Filling up the DagBag from /opt/airflow/dags/datahub_ingestion.py
[2026-06-04T14:20:26.467+0000] {processor.py:925} INFO - DAG(s) 'datahub_metadata_ingestion' retrieved from /opt/airflow/dags/datahub_ingestion.py
[2026-06-04T14:20:26.496+0000] {logging_mixin.py:190} INFO - [2026-06-04T14:20:26.495+0000] {dag.py:3239} INFO - Sync 1 DAGs
[2026-06-04T14:20:26.531+0000] {logging_mixin.py:190} INFO - [2026-06-04T14:20:26.531+0000] {dag.py:4180} INFO - Setting next_dagrun for datahub_metadata_ingestion to 2026-06-04 14:15:00+00:00, run_after=2026-06-04 14:20:00+00:00
[2026-06-04T14:20:26.574+0000] {processor.py:208} INFO - Processing /opt/airflow/dags/datahub_ingestion.py took 0.139 seconds
[2026-06-04T14:20:56.825+0000] {processor.py:186} INFO - Started process (PID=1879) to work on /opt/airflow/dags/datahub_ingestion.py
[2026-06-04T14:20:56.830+0000] {processor.py:914} INFO - Processing file /opt/airflow/dags/datahub_ingestion.py for tasks to queue
[2026-06-04T14:20:56.832+0000] {logging_mixin.py:190} INFO - [2026-06-04T14:20:56.831+0000] {dagbag.py:588} INFO - Filling up the DagBag from /opt/airflow/dags/datahub_ingestion.py
[2026-06-04T14:20:56.847+0000] {processor.py:925} INFO - DAG(s) 'datahub_metadata_ingestion' retrieved from /opt/airflow/dags/datahub_ingestion.py
[2026-06-04T14:20:56.873+0000] {logging_mixin.py:190} INFO - [2026-06-04T14:20:56.872+0000] {dag.py:3239} INFO - Sync 1 DAGs
[2026-06-04T14:20:56.904+0000] {logging_mixin.py:190} INFO - [2026-06-04T14:20:56.903+0000] {dag.py:4180} INFO - Setting next_dagrun for datahub_metadata_ingestion to 2026-06-04 14:15:00+00:00, run_after=2026-06-04 14:20:00+00:00
[2026-06-04T14:20:56.924+0000] {processor.py:208} INFO - Processing /opt/airflow/dags/datahub_ingestion.py took 0.105 seconds
[2026-06-04T14:21:27.204+0000] {processor.py:186} INFO - Started process (PID=1889) to work on /opt/airflow/dags/datahub_ingestion.py
[2026-06-04T14:21:27.209+0000] {processor.py:914} INFO - Processing file /opt/airflow/dags/datahub_ingestion.py for tasks to queue
[2026-06-04T14:21:27.212+0000] {logging_mixin.py:190} INFO - [2026-06-04T14:21:27.211+0000] {dagbag.py:588} INFO - Filling up the DagBag from /opt/airflow/dags/datahub_ingestion.py
[2026-06-04T14:21:27.232+0000] {processor.py:925} INFO - DAG(s) 'datahub_metadata_ingestion' retrieved from /opt/airflow/dags/datahub_ingestion.py
[2026-06-04T14:21:27.261+0000] {logging_mixin.py:190} INFO - [2026-06-04T14:21:27.260+0000] {dag.py:3239} INFO - Sync 1 DAGs
[2026-06-04T14:21:27.293+0000] {logging_mixin.py:190} INFO - [2026-06-04T14:21:27.293+0000] {dag.py:4180} INFO - Setting next_dagrun for datahub_metadata_ingestion to 2026-06-04 14:15:00+00:00, run_after=2026-06-04 14:20:00+00:00
[2026-06-04T14:21:27.319+0000] {processor.py:208} INFO - Processing /opt/airflow/dags/datahub_ingestion.py took 0.123 seconds
[2026-06-04T14:21:57.547+0000] {processor.py:186} INFO - Started process (PID=1899) to work on /opt/airflow/dags/datahub_ingestion.py
[2026-06-04T14:21:57.551+0000] {processor.py:914} INFO - Processing file /opt/airflow/dags/datahub_ingestion.py for tasks to queue
[2026-06-04T14:21:57.553+0000] {logging_mixin.py:190} INFO - [2026-06-04T14:21:57.553+0000] {dagbag.py:588} INFO - Filling up the DagBag from /opt/airflow/dags/datahub_ingestion.py
[2026-06-04T14:21:57.570+0000] {processor.py:925} INFO - DAG(s) 'datahub_metadata_ingestion' retrieved from /opt/airflow/dags/datahub_ingestion.py
[2026-06-04T14:21:57.593+0000] {logging_mixin.py:190} INFO - [2026-06-04T14:21:57.593+0000] {dag.py:3239} INFO - Sync 1 DAGs
[2026-06-04T14:21:57.624+0000] {logging_mixin.py:190} INFO - [2026-06-04T14:21:57.624+0000] {dag.py:4180} INFO - Setting next_dagrun for datahub_metadata_ingestion to 2026-06-04 14:15:00+00:00, run_after=2026-06-04 14:20:00+00:00
[2026-06-04T14:21:57.649+0000] {processor.py:208} INFO - Processing /opt/airflow/dags/datahub_ingestion.py took 0.109 seconds
[2026-06-04T14:22:28.095+0000] {processor.py:186} INFO - Started process (PID=1909) to work on /opt/airflow/dags/datahub_ingestion.py
[2026-06-04T14:22:28.116+0000] {processor.py:914} INFO - Processing file /opt/airflow/dags/datahub_ingestion.py for tasks to queue
[2026-06-04T14:22:28.119+0000] {logging_mixin.py:190} INFO - [2026-06-04T14:22:28.118+0000] {dagbag.py:588} INFO - Filling up the DagBag from /opt/airflow/dags/datahub_ingestion.py
[2026-06-04T14:22:28.139+0000] {processor.py:925} INFO - DAG(s) 'datahub_metadata_ingestion' retrieved from /opt/airflow/dags/datahub_ingestion.py
[2026-06-04T14:22:28.183+0000] {logging_mixin.py:190} INFO - [2026-06-04T14:22:28.183+0000] {dag.py:3239} INFO - Sync 1 DAGs
[2026-06-04T14:22:28.205+0000] {logging_mixin.py:190} INFO - [2026-06-04T14:22:28.205+0000] {dag.py:4180} INFO - Setting next_dagrun for datahub_metadata_ingestion to 2026-06-04 14:15:00+00:00, run_after=2026-06-04 14:20:00+00:00
[2026-06-04T14:22:28.226+0000] {processor.py:208} INFO - Processing /opt/airflow/dags/datahub_ingestion.py took 0.137 seconds
[2026-06-04T14:22:58.433+0000] {processor.py:186} INFO - Started process (PID=1919) to work on /opt/airflow/dags/datahub_ingestion.py
[2026-06-04T14:22:58.435+0000] {processor.py:914} INFO - Processing file /opt/airflow/dags/datahub_ingestion.py for tasks to queue
[2026-06-04T14:22:58.437+0000] {logging_mixin.py:190} INFO - [2026-06-04T14:22:58.437+0000] {dagbag.py:588} INFO - Filling up the DagBag from /opt/airflow/dags/datahub_ingestion.py
[2026-06-04T14:22:58.452+0000] {processor.py:925} INFO - DAG(s) 'datahub_metadata_ingestion' retrieved from /opt/airflow/dags/datahub_ingestion.py
[2026-06-04T14:22:58.486+0000] {logging_mixin.py:190} INFO - [2026-06-04T14:22:58.486+0000] {dag.py:3239} INFO - Sync 1 DAGs
[2026-06-04T14:22:58.516+0000] {logging_mixin.py:190} INFO - [2026-06-04T14:22:58.516+0000] {dag.py:4180} INFO - Setting next_dagrun for datahub_metadata_ingestion to 2026-06-04 14:15:00+00:00, run_after=2026-06-04 14:20:00+00:00
[2026-06-04T14:22:58.548+0000] {processor.py:208} INFO - Processing /opt/airflow/dags/datahub_ingestion.py took 0.121 seconds
[2026-06-04T14:23:28.730+0000] {processor.py:186} INFO - Started process (PID=1929) to work on /opt/airflow/dags/datahub_ingestion.py
[2026-06-04T14:23:28.734+0000] {processor.py:914} INFO - Processing file /opt/airflow/dags/datahub_ingestion.py for tasks to queue
[2026-06-04T14:23:28.736+0000] {logging_mixin.py:190} INFO - [2026-06-04T14:23:28.736+0000] {dagbag.py:588} INFO - Filling up the DagBag from /opt/airflow/dags/datahub_ingestion.py
[2026-06-04T14:23:28.766+0000] {processor.py:925} INFO - DAG(s) 'datahub_metadata_ingestion' retrieved from /opt/airflow/dags/datahub_ingestion.py
[2026-06-04T14:23:28.815+0000] {logging_mixin.py:190} INFO - [2026-06-04T14:23:28.814+0000] {dag.py:3239} INFO - Sync 1 DAGs
[2026-06-04T14:23:28.871+0000] {logging_mixin.py:190} INFO - [2026-06-04T14:23:28.871+0000] {dag.py:4180} INFO - Setting next_dagrun for datahub_metadata_ingestion to 2026-06-04 14:15:00+00:00, run_after=2026-06-04 14:20:00+00:00
[2026-06-04T14:23:28.917+0000] {processor.py:208} INFO - Processing /opt/airflow/dags/datahub_ingestion.py took 0.193 seconds
[2026-06-04T14:23:59.109+0000] {processor.py:186} INFO - Started process (PID=1939) to work on /opt/airflow/dags/datahub_ingestion.py
[2026-06-04T14:23:59.113+0000] {processor.py:914} INFO - Processing file /opt/airflow/dags/datahub_ingestion.py for tasks to queue
[2026-06-04T14:23:59.115+0000] {logging_mixin.py:190} INFO - [2026-06-04T14:23:59.115+0000] {dagbag.py:588} INFO - Filling up the DagBag from /opt/airflow/dags/datahub_ingestion.py
[2026-06-04T14:23:59.153+0000] {processor.py:925} INFO - DAG(s) 'datahub_metadata_ingestion' retrieved from /opt/airflow/dags/datahub_ingestion.py
[2026-06-04T14:23:59.188+0000] {logging_mixin.py:190} INFO - [2026-06-04T14:23:59.188+0000] {dag.py:3239} INFO - Sync 1 DAGs
[2026-06-04T14:23:59.223+0000] {logging_mixin.py:190} INFO - [2026-06-04T14:23:59.223+0000] {dag.py:4180} INFO - Setting next_dagrun for datahub_metadata_ingestion to 2026-06-04 14:15:00+00:00, run_after=2026-06-04 14:20:00+00:00
[2026-06-04T14:23:59.254+0000] {processor.py:208} INFO - Processing /opt/airflow/dags/datahub_ingestion.py took 0.151 seconds
[2026-06-04T14:24:29.370+0000] {processor.py:186} INFO - Started process (PID=1949) to work on /opt/airflow/dags/datahub_ingestion.py
[2026-06-04T14:24:29.371+0000] {processor.py:914} INFO - Processing file /opt/airflow/dags/datahub_ingestion.py for tasks to queue
[2026-06-04T14:24:29.373+0000] {logging_mixin.py:190} INFO - [2026-06-04T14:24:29.373+0000] {dagbag.py:588} INFO - Filling up the DagBag from /opt/airflow/dags/datahub_ingestion.py
[2026-06-04T14:24:29.389+0000] {processor.py:925} INFO - DAG(s) 'datahub_metadata_ingestion' retrieved from /opt/airflow/dags/datahub_ingestion.py
[2026-06-04T14:24:29.416+0000] {logging_mixin.py:190} INFO - [2026-06-04T14:24:29.416+0000] {dag.py:3239} INFO - Sync 1 DAGs
[2026-06-04T14:24:29.448+0000] {logging_mixin.py:190} INFO - [2026-06-04T14:24:29.448+0000] {dag.py:4180} INFO - Setting next_dagrun for datahub_metadata_ingestion to 2026-06-04 14:15:00+00:00, run_after=2026-06-04 14:20:00+00:00
[2026-06-04T14:24:29.652+0000] {processor.py:208} INFO - Processing /opt/airflow/dags/datahub_ingestion.py took 0.288 seconds
[2026-06-04T14:25:00.517+0000] {processor.py:186} INFO - Started process (PID=1959) to work on /opt/airflow/dags/datahub_ingestion.py
[2026-06-04T14:25:00.518+0000] {processor.py:914} INFO - Processing file /opt/airflow/dags/datahub_ingestion.py for tasks to queue
[2026-06-04T14:25:00.520+0000] {logging_mixin.py:190} INFO - [2026-06-04T14:25:00.520+0000] {dagbag.py:588} INFO - Filling up the DagBag from /opt/airflow/dags/datahub_ingestion.py
[2026-06-04T14:25:00.534+0000] {processor.py:925} INFO - DAG(s) 'datahub_metadata_ingestion' retrieved from /opt/airflow/dags/datahub_ingestion.py
[2026-06-04T14:25:00.555+0000] {logging_mixin.py:190} INFO - [2026-06-04T14:25:00.555+0000] {dag.py:3239} INFO - Sync 1 DAGs
[2026-06-04T14:25:00.579+0000] {logging_mixin.py:190} INFO - [2026-06-04T14:25:00.578+0000] {dag.py:4180} INFO - Setting next_dagrun for datahub_metadata_ingestion to 2026-06-04 14:20:00+00:00, run_after=2026-06-04 14:25:00+00:00
[2026-06-04T14:25:00.602+0000] {processor.py:208} INFO - Processing /opt/airflow/dags/datahub_ingestion.py took 0.090 seconds
[2026-06-04T14:25:30.830+0000] {processor.py:186} INFO - Started process (PID=1969) to work on /opt/airflow/dags/datahub_ingestion.py
[2026-06-04T14:25:30.832+0000] {processor.py:914} INFO - Processing file /opt/airflow/dags/datahub_ingestion.py for tasks to queue
[2026-06-04T14:25:30.834+0000] {logging_mixin.py:190} INFO - [2026-06-04T14:25:30.834+0000] {dagbag.py:588} INFO - Filling up the DagBag from /opt/airflow/dags/datahub_ingestion.py
[2026-06-04T14:25:30.851+0000] {processor.py:925} INFO - DAG(s) 'datahub_metadata_ingestion' retrieved from /opt/airflow/dags/datahub_ingestion.py
[2026-06-04T14:25:30.876+0000] {logging_mixin.py:190} INFO - [2026-06-04T14:25:30.875+0000] {dag.py:3239} INFO - Sync 1 DAGs
[2026-06-04T14:25:30.906+0000] {logging_mixin.py:190} INFO - [2026-06-04T14:25:30.906+0000] {dag.py:4180} INFO - Setting next_dagrun for datahub_metadata_ingestion to 2026-06-04 14:20:00+00:00, run_after=2026-06-04 14:25:00+00:00
[2026-06-04T14:25:30.933+0000] {processor.py:208} INFO - Processing /opt/airflow/dags/datahub_ingestion.py took 0.109 seconds
[2026-06-04T14:26:01.166+0000] {processor.py:186} INFO - Started process (PID=1979) to work on /opt/airflow/dags/datahub_ingestion.py
[2026-06-04T14:26:01.167+0000] {processor.py:914} INFO - Processing file /opt/airflow/dags/datahub_ingestion.py for tasks to queue
[2026-06-04T14:26:01.169+0000] {logging_mixin.py:190} INFO - [2026-06-04T14:26:01.169+0000] {dagbag.py:588} INFO - Filling up the DagBag from /opt/airflow/dags/datahub_ingestion.py
[2026-06-04T14:26:01.185+0000] {processor.py:925} INFO - DAG(s) 'datahub_metadata_ingestion' retrieved from /opt/airflow/dags/datahub_ingestion.py
[2026-06-04T14:26:01.208+0000] {logging_mixin.py:190} INFO - [2026-06-04T14:26:01.208+0000] {dag.py:3239} INFO - Sync 1 DAGs
[2026-06-04T14:26:01.236+0000] {logging_mixin.py:190} INFO - [2026-06-04T14:26:01.236+0000] {dag.py:4180} INFO - Setting next_dagrun for datahub_metadata_ingestion to 2026-06-04 14:20:00+00:00, run_after=2026-06-04 14:25:00+00:00
[2026-06-04T14:26:01.257+0000] {processor.py:208} INFO - Processing /opt/airflow/dags/datahub_ingestion.py took 0.098 seconds
[2026-06-04T14:26:31.525+0000] {processor.py:186} INFO - Started process (PID=1989) to work on /opt/airflow/dags/datahub_ingestion.py
[2026-06-04T14:26:31.527+0000] {processor.py:914} INFO - Processing file /opt/airflow/dags/datahub_ingestion.py for tasks to queue
[2026-06-04T14:26:31.530+0000] {logging_mixin.py:190} INFO - [2026-06-04T14:26:31.529+0000] {dagbag.py:588} INFO - Filling up the DagBag from /opt/airflow/dags/datahub_ingestion.py
[2026-06-04T14:26:31.549+0000] {processor.py:925} INFO - DAG(s) 'datahub_metadata_ingestion' retrieved from /opt/airflow/dags/datahub_ingestion.py
[2026-06-04T14:26:31.577+0000] {logging_mixin.py:190} INFO - [2026-06-04T14:26:31.576+0000] {dag.py:3239} INFO - Sync 1 DAGs
[2026-06-04T14:26:31.612+0000] {logging_mixin.py:190} INFO - [2026-06-04T14:26:31.612+0000] {dag.py:4180} INFO - Setting next_dagrun for datahub_metadata_ingestion to 2026-06-04 14:20:00+00:00, run_after=2026-06-04 14:25:00+00:00
[2026-06-04T14:26:31.874+0000] {processor.py:208} INFO - Processing /opt/airflow/dags/datahub_ingestion.py took 0.357 seconds
[2026-06-04T14:27:02.121+0000] {processor.py:186} INFO - Started process (PID=1999) to work on /opt/airflow/dags/datahub_ingestion.py
[2026-06-04T14:27:02.123+0000] {processor.py:914} INFO - Processing file /opt/airflow/dags/datahub_ingestion.py for tasks to queue
[2026-06-04T14:27:02.125+0000] {logging_mixin.py:190} INFO - [2026-06-04T14:27:02.124+0000] {dagbag.py:588} INFO - Filling up the DagBag from /opt/airflow/dags/datahub_ingestion.py
[2026-06-04T14:27:02.140+0000] {processor.py:925} INFO - DAG(s) 'datahub_metadata_ingestion' retrieved from /opt/airflow/dags/datahub_ingestion.py
[2026-06-04T14:27:02.165+0000] {logging_mixin.py:190} INFO - [2026-06-04T14:27:02.164+0000] {dag.py:3239} INFO - Sync 1 DAGs
[2026-06-04T14:27:02.194+0000] {logging_mixin.py:190} INFO - [2026-06-04T14:27:02.194+0000] {dag.py:4180} INFO - Setting next_dagrun for datahub_metadata_ingestion to 2026-06-04 14:20:00+00:00, run_after=2026-06-04 14:25:00+00:00
[2026-06-04T14:27:02.225+0000] {processor.py:208} INFO - Processing /opt/airflow/dags/datahub_ingestion.py took 0.110 seconds
[2026-06-04T14:27:32.638+0000] {processor.py:186} INFO - Started process (PID=2009) to work on /opt/airflow/dags/datahub_ingestion.py
[2026-06-04T14:27:32.639+0000] {processor.py:914} INFO - Processing file /opt/airflow/dags/datahub_ingestion.py for tasks to queue
[2026-06-04T14:27:32.641+0000] {logging_mixin.py:190} INFO - [2026-06-04T14:27:32.640+0000] {dagbag.py:588} INFO - Filling up the DagBag from /opt/airflow/dags/datahub_ingestion.py
[2026-06-04T14:27:32.652+0000] {processor.py:925} INFO - DAG(s) 'datahub_metadata_ingestion' retrieved from /opt/airflow/dags/datahub_ingestion.py
[2026-06-04T14:27:32.671+0000] {logging_mixin.py:190} INFO - [2026-06-04T14:27:32.671+0000] {dag.py:3239} INFO - Sync 1 DAGs
[2026-06-04T14:27:32.694+0000] {logging_mixin.py:190} INFO - [2026-06-04T14:27:32.694+0000] {dag.py:4180} INFO - Setting next_dagrun for datahub_metadata_ingestion to 2026-06-04 14:20:00+00:00, run_after=2026-06-04 14:25:00+00:00
[2026-06-04T14:27:32.716+0000] {processor.py:208} INFO - Processing /opt/airflow/dags/datahub_ingestion.py took 0.083 seconds
[2026-06-04T14:28:02.930+0000] {processor.py:186} INFO - Started process (PID=2019) to work on /opt/airflow/dags/datahub_ingestion.py
[2026-06-04T14:28:02.932+0000] {processor.py:914} INFO - Processing file /opt/airflow/dags/datahub_ingestion.py for tasks to queue
[2026-06-04T14:28:02.934+0000] {logging_mixin.py:190} INFO - [2026-06-04T14:28:02.934+0000] {dagbag.py:588} INFO - Filling up the DagBag from /opt/airflow/dags/datahub_ingestion.py
[2026-06-04T14:28:02.950+0000] {processor.py:925} INFO - DAG(s) 'datahub_metadata_ingestion' retrieved from /opt/airflow/dags/datahub_ingestion.py
[2026-06-04T14:28:02.973+0000] {logging_mixin.py:190} INFO - [2026-06-04T14:28:02.973+0000] {dag.py:3239} INFO - Sync 1 DAGs
[2026-06-04T14:28:03.004+0000] {logging_mixin.py:190} INFO - [2026-06-04T14:28:03.003+0000] {dag.py:4180} INFO - Setting next_dagrun for datahub_metadata_ingestion to 2026-06-04 14:20:00+00:00, run_after=2026-06-04 14:25:00+00:00
[2026-06-04T14:28:03.033+0000] {processor.py:208} INFO - Processing /opt/airflow/dags/datahub_ingestion.py took 0.110 seconds
[2026-06-04T14:28:33.358+0000] {processor.py:186} INFO - Started process (PID=2163) to work on /opt/airflow/dags/datahub_ingestion.py
[2026-06-04T14:28:33.373+0000] {processor.py:914} INFO - Processing file /opt/airflow/dags/datahub_ingestion.py for tasks to queue
[2026-06-04T14:28:33.379+0000] {logging_mixin.py:190} INFO - [2026-06-04T14:28:33.376+0000] {dagbag.py:588} INFO - Filling up the DagBag from /opt/airflow/dags/datahub_ingestion.py
[2026-06-04T14:28:33.417+0000] {processor.py:925} INFO - DAG(s) 'datahub_metadata_ingestion' retrieved from /opt/airflow/dags/datahub_ingestion.py
[2026-06-04T14:28:33.499+0000] {logging_mixin.py:190} INFO - [2026-06-04T14:28:33.499+0000] {dag.py:3239} INFO - Sync 1 DAGs
[2026-06-04T14:28:33.543+0000] {logging_mixin.py:190} INFO - [2026-06-04T14:28:33.542+0000] {dag.py:4180} INFO - Setting next_dagrun for datahub_metadata_ingestion to 2026-06-04 14:20:00+00:00, run_after=2026-06-04 14:25:00+00:00
[2026-06-04T14:28:33.573+0000] {processor.py:208} INFO - Processing /opt/airflow/dags/datahub_ingestion.py took 0.247 seconds
[2026-06-04T14:29:03.728+0000] {processor.py:186} INFO - Started process (PID=2484) to work on /opt/airflow/dags/datahub_ingestion.py
[2026-06-04T14:29:03.732+0000] {processor.py:914} INFO - Processing file /opt/airflow/dags/datahub_ingestion.py for tasks to queue
[2026-06-04T14:29:03.734+0000] {logging_mixin.py:190} INFO - [2026-06-04T14:29:03.734+0000] {dagbag.py:588} INFO - Filling up the DagBag from /opt/airflow/dags/datahub_ingestion.py
[2026-06-04T14:29:03.747+0000] {processor.py:925} INFO - DAG(s) 'datahub_metadata_ingestion' retrieved from /opt/airflow/dags/datahub_ingestion.py
[2026-06-04T14:29:03.767+0000] {logging_mixin.py:190} INFO - [2026-06-04T14:29:03.767+0000] {dag.py:3239} INFO - Sync 1 DAGs
[2026-06-04T14:29:03.791+0000] {logging_mixin.py:190} INFO - [2026-06-04T14:29:03.791+0000] {dag.py:4180} INFO - Setting next_dagrun for datahub_metadata_ingestion to 2026-06-04 14:20:00+00:00, run_after=2026-06-04 14:25:00+00:00
[2026-06-04T14:29:03.810+0000] {processor.py:208} INFO - Processing /opt/airflow/dags/datahub_ingestion.py took 0.088 seconds
[2026-06-04T14:29:33.967+0000] {processor.py:186} INFO - Started process (PID=2758) to work on /opt/airflow/dags/datahub_ingestion.py
[2026-06-04T14:29:33.969+0000] {processor.py:914} INFO - Processing file /opt/airflow/dags/datahub_ingestion.py for tasks to queue
[2026-06-04T14:29:33.971+0000] {logging_mixin.py:190} INFO - [2026-06-04T14:29:33.971+0000] {dagbag.py:588} INFO - Filling up the DagBag from /opt/airflow/dags/datahub_ingestion.py
[2026-06-04T14:29:33.987+0000] {processor.py:925} INFO - DAG(s) 'datahub_metadata_ingestion' retrieved from /opt/airflow/dags/datahub_ingestion.py
[2026-06-04T14:29:34.019+0000] {logging_mixin.py:190} INFO - [2026-06-04T14:29:34.019+0000] {dag.py:3239} INFO - Sync 1 DAGs
[2026-06-04T14:29:34.056+0000] {logging_mixin.py:190} INFO - [2026-06-04T14:29:34.056+0000] {dag.py:4180} INFO - Setting next_dagrun for datahub_metadata_ingestion to 2026-06-04 14:20:00+00:00, run_after=2026-06-04 14:25:00+00:00
[2026-06-04T14:29:34.081+0000] {processor.py:208} INFO - Processing /opt/airflow/dags/datahub_ingestion.py took 0.120 seconds
[2026-06-04T14:30:04.321+0000] {processor.py:186} INFO - Started process (PID=2810) to work on /opt/airflow/dags/datahub_ingestion.py
[2026-06-04T14:30:04.322+0000] {processor.py:914} INFO - Processing file /opt/airflow/dags/datahub_ingestion.py for tasks to queue
[2026-06-04T14:30:04.324+0000] {logging_mixin.py:190} INFO - [2026-06-04T14:30:04.324+0000] {dagbag.py:588} INFO - Filling up the DagBag from /opt/airflow/dags/datahub_ingestion.py
[2026-06-04T14:30:04.340+0000] {processor.py:925} INFO - DAG(s) 'datahub_metadata_ingestion' retrieved from /opt/airflow/dags/datahub_ingestion.py
[2026-06-04T14:30:04.362+0000] {logging_mixin.py:190} INFO - [2026-06-04T14:30:04.362+0000] {dag.py:3239} INFO - Sync 1 DAGs
[2026-06-04T14:30:04.391+0000] {logging_mixin.py:190} INFO - [2026-06-04T14:30:04.391+0000] {dag.py:4180} INFO - Setting next_dagrun for datahub_metadata_ingestion to 2026-06-04 14:25:00+00:00, run_after=2026-06-04 14:30:00+00:00
[2026-06-04T14:30:04.411+0000] {processor.py:208} INFO - Processing /opt/airflow/dags/datahub_ingestion.py took 0.098 seconds
[2026-06-04T14:30:34.680+0000] {processor.py:186} INFO - Started process (PID=2823) to work on /opt/airflow/dags/datahub_ingestion.py
[2026-06-04T14:30:34.682+0000] {processor.py:914} INFO - Processing file /opt/airflow/dags/datahub_ingestion.py for tasks to queue
[2026-06-04T14:30:34.685+0000] {logging_mixin.py:190} INFO - [2026-06-04T14:30:34.684+0000] {dagbag.py:588} INFO - Filling up the DagBag from /opt/airflow/dags/datahub_ingestion.py
[2026-06-04T14:30:34.705+0000] {processor.py:925} INFO - DAG(s) 'datahub_metadata_ingestion' retrieved from /opt/airflow/dags/datahub_ingestion.py
[2026-06-04T14:30:34.734+0000] {logging_mixin.py:190} INFO - [2026-06-04T14:30:34.734+0000] {dag.py:3239} INFO - Sync 1 DAGs
[2026-06-04T14:30:34.771+0000] {logging_mixin.py:190} INFO - [2026-06-04T14:30:34.771+0000] {dag.py:4180} INFO - Setting next_dagrun for datahub_metadata_ingestion to 2026-06-04 14:25:00+00:00, run_after=2026-06-04 14:30:00+00:00
[2026-06-04T14:30:34.793+0000] {processor.py:208} INFO - Processing /opt/airflow/dags/datahub_ingestion.py took 0.122 seconds
[2026-06-04T14:31:04.933+0000] {processor.py:186} INFO - Started process (PID=2999) to work on /opt/airflow/dags/datahub_ingestion.py
[2026-06-04T14:31:04.934+0000] {processor.py:914} INFO - Processing file /opt/airflow/dags/datahub_ingestion.py for tasks to queue
[2026-06-04T14:31:04.935+0000] {logging_mixin.py:190} INFO - [2026-06-04T14:31:04.935+0000] {dagbag.py:588} INFO - Filling up the DagBag from /opt/airflow/dags/datahub_ingestion.py
[2026-06-04T14:31:04.946+0000] {processor.py:925} INFO - DAG(s) 'datahub_metadata_ingestion' retrieved from /opt/airflow/dags/datahub_ingestion.py
[2026-06-04T14:31:04.963+0000] {logging_mixin.py:190} INFO - [2026-06-04T14:31:04.962+0000] {dag.py:3239} INFO - Sync 1 DAGs
[2026-06-04T14:31:04.982+0000] {logging_mixin.py:190} INFO - [2026-06-04T14:31:04.982+0000] {dag.py:4180} INFO - Setting next_dagrun for datahub_metadata_ingestion to 2026-06-04 14:25:00+00:00, run_after=2026-06-04 14:30:00+00:00
[2026-06-04T14:31:05.005+0000] {processor.py:208} INFO - Processing /opt/airflow/dags/datahub_ingestion.py took 0.077 seconds
[2026-06-04T14:31:35.142+0000] {processor.py:186} INFO - Started process (PID=3075) to work on /opt/airflow/dags/datahub_ingestion.py
[2026-06-04T14:31:35.143+0000] {processor.py:914} INFO - Processing file /opt/airflow/dags/datahub_ingestion.py for tasks to queue
[2026-06-04T14:31:35.145+0000] {logging_mixin.py:190} INFO - [2026-06-04T14:31:35.145+0000] {dagbag.py:588} INFO - Filling up the DagBag from /opt/airflow/dags/datahub_ingestion.py
[2026-06-04T14:31:35.166+0000] {processor.py:925} INFO - DAG(s) 'datahub_metadata_ingestion' retrieved from /opt/airflow/dags/datahub_ingestion.py
[2026-06-04T14:31:35.186+0000] {logging_mixin.py:190} INFO - [2026-06-04T14:31:35.186+0000] {dag.py:3239} INFO - Sync 1 DAGs
[2026-06-04T14:31:35.213+0000] {logging_mixin.py:190} INFO - [2026-06-04T14:31:35.212+0000] {dag.py:4180} INFO - Setting next_dagrun for datahub_metadata_ingestion to 2026-06-04 14:25:00+00:00, run_after=2026-06-04 14:30:00+00:00
[2026-06-04T14:31:35.235+0000] {processor.py:208} INFO - Processing /opt/airflow/dags/datahub_ingestion.py took 0.100 seconds
[2026-06-04T14:32:05.398+0000] {processor.py:186} INFO - Started process (PID=3295) to work on /opt/airflow/dags/datahub_ingestion.py
[2026-06-04T14:32:05.399+0000] {processor.py:914} INFO - Processing file /opt/airflow/dags/datahub_ingestion.py for tasks to queue
[2026-06-04T14:32:05.401+0000] {logging_mixin.py:190} INFO - [2026-06-04T14:32:05.401+0000] {dagbag.py:588} INFO - Filling up the DagBag from /opt/airflow/dags/datahub_ingestion.py
[2026-06-04T14:32:05.415+0000] {processor.py:925} INFO - DAG(s) 'datahub_metadata_ingestion' retrieved from /opt/airflow/dags/datahub_ingestion.py
[2026-06-04T14:32:05.439+0000] {logging_mixin.py:190} INFO - [2026-06-04T14:32:05.438+0000] {dag.py:3239} INFO - Sync 1 DAGs
[2026-06-04T14:32:05.471+0000] {logging_mixin.py:190} INFO - [2026-06-04T14:32:05.470+0000] {dag.py:4180} INFO - Setting next_dagrun for datahub_metadata_ingestion to 2026-06-04 14:25:00+00:00, run_after=2026-06-04 14:30:00+00:00
[2026-06-04T14:32:05.496+0000] {processor.py:208} INFO - Processing /opt/airflow/dags/datahub_ingestion.py took 0.105 seconds
[2026-06-04T14:32:35.699+0000] {processor.py:186} INFO - Started process (PID=3636) to work on /opt/airflow/dags/datahub_ingestion.py
[2026-06-04T14:32:35.701+0000] {processor.py:914} INFO - Processing file /opt/airflow/dags/datahub_ingestion.py for tasks to queue
[2026-06-04T14:32:35.702+0000] {logging_mixin.py:190} INFO - [2026-06-04T14:32:35.702+0000] {dagbag.py:588} INFO - Filling up the DagBag from /opt/airflow/dags/datahub_ingestion.py
[2026-06-04T14:32:35.713+0000] {processor.py:925} INFO - DAG(s) 'datahub_metadata_ingestion' retrieved from /opt/airflow/dags/datahub_ingestion.py
[2026-06-04T14:32:35.736+0000] {logging_mixin.py:190} INFO - [2026-06-04T14:32:35.736+0000] {dag.py:3239} INFO - Sync 1 DAGs
[2026-06-04T14:32:35.767+0000] {logging_mixin.py:190} INFO - [2026-06-04T14:32:35.766+0000] {dag.py:4180} INFO - Setting next_dagrun for datahub_metadata_ingestion to 2026-06-04 14:25:00+00:00, run_after=2026-06-04 14:30:00+00:00
[2026-06-04T14:32:35.810+0000] {processor.py:208} INFO - Processing /opt/airflow/dags/datahub_ingestion.py took 0.116 seconds
[2026-06-04T14:33:06.025+0000] {processor.py:186} INFO - Started process (PID=3703) to work on /opt/airflow/dags/datahub_ingestion.py
[2026-06-04T14:33:06.027+0000] {processor.py:914} INFO - Processing file /opt/airflow/dags/datahub_ingestion.py for tasks to queue
[2026-06-04T14:33:06.030+0000] {logging_mixin.py:190} INFO - [2026-06-04T14:33:06.029+0000] {dagbag.py:588} INFO - Filling up the DagBag from /opt/airflow/dags/datahub_ingestion.py
[2026-06-04T14:33:06.045+0000] {processor.py:925} INFO - DAG(s) 'datahub_metadata_ingestion' retrieved from /opt/airflow/dags/datahub_ingestion.py
[2026-06-04T14:33:06.074+0000] {logging_mixin.py:190} INFO - [2026-06-04T14:33:06.074+0000] {dag.py:3239} INFO - Sync 1 DAGs
[2026-06-04T14:33:06.112+0000] {logging_mixin.py:190} INFO - [2026-06-04T14:33:06.112+0000] {dag.py:4180} INFO - Setting next_dagrun for datahub_metadata_ingestion to 2026-06-04 14:25:00+00:00, run_after=2026-06-04 14:30:00+00:00
[2026-06-04T14:33:06.148+0000] {processor.py:208} INFO - Processing /opt/airflow/dags/datahub_ingestion.py took 0.133 seconds
[2026-06-04T14:33:36.328+0000] {processor.py:186} INFO - Started process (PID=3793) to work on /opt/airflow/dags/datahub_ingestion.py
[2026-06-04T14:33:36.329+0000] {processor.py:914} INFO - Processing file /opt/airflow/dags/datahub_ingestion.py for tasks to queue
[2026-06-04T14:33:36.331+0000] {logging_mixin.py:190} INFO - [2026-06-04T14:33:36.331+0000] {dagbag.py:588} INFO - Filling up the DagBag from /opt/airflow/dags/datahub_ingestion.py
[2026-06-04T14:33:36.364+0000] {processor.py:925} INFO - DAG(s) 'datahub_metadata_ingestion' retrieved from /opt/airflow/dags/datahub_ingestion.py
[2026-06-04T14:33:36.388+0000] {logging_mixin.py:190} INFO - [2026-06-04T14:33:36.387+0000] {dag.py:3239} INFO - Sync 1 DAGs
[2026-06-04T14:33:36.418+0000] {logging_mixin.py:190} INFO - [2026-06-04T14:33:36.418+0000] {dag.py:4180} INFO - Setting next_dagrun for datahub_metadata_ingestion to 2026-06-04 14:25:00+00:00, run_after=2026-06-04 14:30:00+00:00
[2026-06-04T14:33:36.475+0000] {processor.py:208} INFO - Processing /opt/airflow/dags/datahub_ingestion.py took 0.161 seconds
[2026-06-04T14:34:06.647+0000] {processor.py:186} INFO - Started process (PID=3989) to work on /opt/airflow/dags/datahub_ingestion.py
[2026-06-04T14:34:06.648+0000] {processor.py:914} INFO - Processing file /opt/airflow/dags/datahub_ingestion.py for tasks to queue
[2026-06-04T14:34:06.650+0000] {logging_mixin.py:190} INFO - [2026-06-04T14:34:06.650+0000] {dagbag.py:588} INFO - Filling up the DagBag from /opt/airflow/dags/datahub_ingestion.py
[2026-06-04T14:34:06.664+0000] {processor.py:925} INFO - DAG(s) 'datahub_metadata_ingestion' retrieved from /opt/airflow/dags/datahub_ingestion.py
[2026-06-04T14:34:06.742+0000] {logging_mixin.py:190} INFO - [2026-06-04T14:34:06.742+0000] {dag.py:3239} INFO - Sync 1 DAGs
[2026-06-04T14:34:06.830+0000] {logging_mixin.py:190} INFO - [2026-06-04T14:34:06.830+0000] {dag.py:4180} INFO - Setting next_dagrun for datahub_metadata_ingestion to 2026-06-04 14:25:00+00:00, run_after=2026-06-04 14:30:00+00:00
[2026-06-04T14:34:06.873+0000] {processor.py:208} INFO - Processing /opt/airflow/dags/datahub_ingestion.py took 0.235 seconds
[2026-06-04T14:34:37.104+0000] {processor.py:186} INFO - Started process (PID=4365) to work on /opt/airflow/dags/datahub_ingestion.py
[2026-06-04T14:34:37.105+0000] {processor.py:914} INFO - Processing file /opt/airflow/dags/datahub_ingestion.py for tasks to queue
[2026-06-04T14:34:37.107+0000] {logging_mixin.py:190} INFO - [2026-06-04T14:34:37.107+0000] {dagbag.py:588} INFO - Filling up the DagBag from /opt/airflow/dags/datahub_ingestion.py
[2026-06-04T14:34:37.146+0000] {processor.py:925} INFO - DAG(s) 'datahub_metadata_ingestion' retrieved from /opt/airflow/dags/datahub_ingestion.py
[2026-06-04T14:34:37.200+0000] {logging_mixin.py:190} INFO - [2026-06-04T14:34:37.199+0000] {dag.py:3239} INFO - Sync 1 DAGs
[2026-06-04T14:34:37.252+0000] {logging_mixin.py:190} INFO - [2026-06-04T14:34:37.252+0000] {dag.py:4180} INFO - Setting next_dagrun for datahub_metadata_ingestion to 2026-06-04 14:25:00+00:00, run_after=2026-06-04 14:30:00+00:00
[2026-06-04T14:34:37.286+0000] {processor.py:208} INFO - Processing /opt/airflow/dags/datahub_ingestion.py took 0.188 seconds
[2026-06-04T14:35:07.487+0000] {processor.py:186} INFO - Started process (PID=4601) to work on /opt/airflow/dags/datahub_ingestion.py
[2026-06-04T14:35:07.488+0000] {processor.py:914} INFO - Processing file /opt/airflow/dags/datahub_ingestion.py for tasks to queue
[2026-06-04T14:35:07.491+0000] {logging_mixin.py:190} INFO - [2026-06-04T14:35:07.490+0000] {dagbag.py:588} INFO - Filling up the DagBag from /opt/airflow/dags/datahub_ingestion.py
[2026-06-04T14:35:07.528+0000] {processor.py:925} INFO - DAG(s) 'datahub_metadata_ingestion' retrieved from /opt/airflow/dags/datahub_ingestion.py
[2026-06-04T14:35:07.567+0000] {logging_mixin.py:190} INFO - [2026-06-04T14:35:07.566+0000] {dag.py:3239} INFO - Sync 1 DAGs
[2026-06-04T14:35:07.602+0000] {logging_mixin.py:190} INFO - [2026-06-04T14:35:07.601+0000] {dag.py:4180} INFO - Setting next_dagrun for datahub_metadata_ingestion to 2026-06-04 14:30:00+00:00, run_after=2026-06-04 14:35:00+00:00
[2026-06-04T14:35:07.641+0000] {processor.py:208} INFO - Processing /opt/airflow/dags/datahub_ingestion.py took 0.160 seconds
[2026-06-04T14:35:37.697+0000] {processor.py:186} INFO - Started process (PID=4640) to work on /opt/airflow/dags/datahub_ingestion.py
[2026-06-04T14:35:37.701+0000] {processor.py:914} INFO - Processing file /opt/airflow/dags/datahub_ingestion.py for tasks to queue
[2026-06-04T14:35:37.704+0000] {logging_mixin.py:190} INFO - [2026-06-04T14:35:37.703+0000] {dagbag.py:588} INFO - Filling up the DagBag from /opt/airflow/dags/datahub_ingestion.py
[2026-06-04T14:35:37.720+0000] {processor.py:925} INFO - DAG(s) 'datahub_metadata_ingestion' retrieved from /opt/airflow/dags/datahub_ingestion.py
[2026-06-04T14:35:37.745+0000] {logging_mixin.py:190} INFO - [2026-06-04T14:35:37.745+0000] {dag.py:3239} INFO - Sync 1 DAGs
[2026-06-04T14:35:37.776+0000] {logging_mixin.py:190} INFO - [2026-06-04T14:35:37.776+0000] {dag.py:4180} INFO - Setting next_dagrun for datahub_metadata_ingestion to 2026-06-04 14:30:00+00:00, run_after=2026-06-04 14:35:00+00:00
[2026-06-04T14:35:37.803+0000] {processor.py:208} INFO - Processing /opt/airflow/dags/datahub_ingestion.py took 0.113 seconds
[2026-06-04T14:36:08.058+0000] {processor.py:186} INFO - Started process (PID=4650) to work on /opt/airflow/dags/datahub_ingestion.py
[2026-06-04T14:36:08.063+0000] {processor.py:914} INFO - Processing file /opt/airflow/dags/datahub_ingestion.py for tasks to queue
[2026-06-04T14:36:08.065+0000] {logging_mixin.py:190} INFO - [2026-06-04T14:36:08.065+0000] {dagbag.py:588} INFO - Filling up the DagBag from /opt/airflow/dags/datahub_ingestion.py
[2026-06-04T14:36:08.082+0000] {processor.py:925} INFO - DAG(s) 'datahub_metadata_ingestion' retrieved from /opt/airflow/dags/datahub_ingestion.py
[2026-06-04T14:36:08.107+0000] {logging_mixin.py:190} INFO - [2026-06-04T14:36:08.107+0000] {dag.py:3239} INFO - Sync 1 DAGs
[2026-06-04T14:36:08.140+0000] {logging_mixin.py:190} INFO - [2026-06-04T14:36:08.139+0000] {dag.py:4180} INFO - Setting next_dagrun for datahub_metadata_ingestion to 2026-06-04 14:30:00+00:00, run_after=2026-06-04 14:35:00+00:00
[2026-06-04T14:36:08.172+0000] {processor.py:208} INFO - Processing /opt/airflow/dags/datahub_ingestion.py took 0.121 seconds
[2026-06-04T14:36:38.425+0000] {processor.py:186} INFO - Started process (PID=4660) to work on /opt/airflow/dags/datahub_ingestion.py
[2026-06-04T14:36:38.427+0000] {processor.py:914} INFO - Processing file /opt/airflow/dags/datahub_ingestion.py for tasks to queue
[2026-06-04T14:36:38.430+0000] {logging_mixin.py:190} INFO - [2026-06-04T14:36:38.429+0000] {dagbag.py:588} INFO - Filling up the DagBag from /opt/airflow/dags/datahub_ingestion.py
[2026-06-04T14:36:38.450+0000] {processor.py:925} INFO - DAG(s) 'datahub_metadata_ingestion' retrieved from /opt/airflow/dags/datahub_ingestion.py
[2026-06-04T14:36:38.479+0000] {logging_mixin.py:190} INFO - [2026-06-04T14:36:38.479+0000] {dag.py:3239} INFO - Sync 1 DAGs
[2026-06-04T14:36:38.515+0000] {logging_mixin.py:190} INFO - [2026-06-04T14:36:38.515+0000] {dag.py:4180} INFO - Setting next_dagrun for datahub_metadata_ingestion to 2026-06-04 14:30:00+00:00, run_after=2026-06-04 14:35:00+00:00
[2026-06-04T14:36:38.552+0000] {processor.py:208} INFO - Processing /opt/airflow/dags/datahub_ingestion.py took 0.135 seconds
[2026-06-04T14:37:08.801+0000] {processor.py:186} INFO - Started process (PID=4670) to work on /opt/airflow/dags/datahub_ingestion.py
[2026-06-04T14:37:08.804+0000] {processor.py:914} INFO - Processing file /opt/airflow/dags/datahub_ingestion.py for tasks to queue
[2026-06-04T14:37:08.806+0000] {logging_mixin.py:190} INFO - [2026-06-04T14:37:08.806+0000] {dagbag.py:588} INFO - Filling up the DagBag from /opt/airflow/dags/datahub_ingestion.py
[2026-06-04T14:37:08.825+0000] {processor.py:925} INFO - DAG(s) 'datahub_metadata_ingestion' retrieved from /opt/airflow/dags/datahub_ingestion.py
[2026-06-04T14:37:08.849+0000] {logging_mixin.py:190} INFO - [2026-06-04T14:37:08.849+0000] {dag.py:3239} INFO - Sync 1 DAGs
[2026-06-04T14:37:08.879+0000] {logging_mixin.py:190} INFO - [2026-06-04T14:37:08.879+0000] {dag.py:4180} INFO - Setting next_dagrun for datahub_metadata_ingestion to 2026-06-04 14:30:00+00:00, run_after=2026-06-04 14:35:00+00:00
[2026-06-04T14:37:08.902+0000] {processor.py:208} INFO - Processing /opt/airflow/dags/datahub_ingestion.py took 0.109 seconds
[2026-06-04T14:37:39.162+0000] {processor.py:186} INFO - Started process (PID=4680) to work on /opt/airflow/dags/datahub_ingestion.py
[2026-06-04T14:37:39.164+0000] {processor.py:914} INFO - Processing file /opt/airflow/dags/datahub_ingestion.py for tasks to queue
[2026-06-04T14:37:39.166+0000] {logging_mixin.py:190} INFO - [2026-06-04T14:37:39.166+0000] {dagbag.py:588} INFO - Filling up the DagBag from /opt/airflow/dags/datahub_ingestion.py
[2026-06-04T14:37:39.183+0000] {processor.py:925} INFO - DAG(s) 'datahub_metadata_ingestion' retrieved from /opt/airflow/dags/datahub_ingestion.py
[2026-06-04T14:37:39.208+0000] {logging_mixin.py:190} INFO - [2026-06-04T14:37:39.208+0000] {dag.py:3239} INFO - Sync 1 DAGs
[2026-06-04T14:37:39.243+0000] {logging_mixin.py:190} INFO - [2026-06-04T14:37:39.243+0000] {dag.py:4180} INFO - Setting next_dagrun for datahub_metadata_ingestion to 2026-06-04 14:30:00+00:00, run_after=2026-06-04 14:35:00+00:00
[2026-06-04T14:37:39.266+0000] {processor.py:208} INFO - Processing /opt/airflow/dags/datahub_ingestion.py took 0.110 seconds
[2026-06-04T14:38:09.522+0000] {processor.py:186} INFO - Started process (PID=4690) to work on /opt/airflow/dags/datahub_ingestion.py
[2026-06-04T14:38:09.527+0000] {processor.py:914} INFO - Processing file /opt/airflow/dags/datahub_ingestion.py for tasks to queue
[2026-06-04T14:38:09.529+0000] {logging_mixin.py:190} INFO - [2026-06-04T14:38:09.529+0000] {dagbag.py:588} INFO - Filling up the DagBag from /opt/airflow/dags/datahub_ingestion.py
[2026-06-04T14:38:09.548+0000] {processor.py:925} INFO - DAG(s) 'datahub_metadata_ingestion' retrieved from /opt/airflow/dags/datahub_ingestion.py
[2026-06-04T14:38:09.572+0000] {logging_mixin.py:190} INFO - [2026-06-04T14:38:09.572+0000] {dag.py:3239} INFO - Sync 1 DAGs
[2026-06-04T14:38:09.605+0000] {logging_mixin.py:190} INFO - [2026-06-04T14:38:09.605+0000] {dag.py:4180} INFO - Setting next_dagrun for datahub_metadata_ingestion to 2026-06-04 14:30:00+00:00, run_after=2026-06-04 14:35:00+00:00
[2026-06-04T14:38:09.628+0000] {processor.py:208} INFO - Processing /opt/airflow/dags/datahub_ingestion.py took 0.113 seconds
[2026-06-04T14:38:39.881+0000] {processor.py:186} INFO - Started process (PID=4700) to work on /opt/airflow/dags/datahub_ingestion.py
[2026-06-04T14:38:39.885+0000] {processor.py:914} INFO - Processing file /opt/airflow/dags/datahub_ingestion.py for tasks to queue
[2026-06-04T14:38:39.888+0000] {logging_mixin.py:190} INFO - [2026-06-04T14:38:39.888+0000] {dagbag.py:588} INFO - Filling up the DagBag from /opt/airflow/dags/datahub_ingestion.py
[2026-06-04T14:38:39.908+0000] {processor.py:925} INFO - DAG(s) 'datahub_metadata_ingestion' retrieved from /opt/airflow/dags/datahub_ingestion.py
[2026-06-04T14:38:39.939+0000] {logging_mixin.py:190} INFO - [2026-06-04T14:38:39.939+0000] {dag.py:3239} INFO - Sync 1 DAGs
[2026-06-04T14:38:39.975+0000] {logging_mixin.py:190} INFO - [2026-06-04T14:38:39.974+0000] {dag.py:4180} INFO - Setting next_dagrun for datahub_metadata_ingestion to 2026-06-04 14:30:00+00:00, run_after=2026-06-04 14:35:00+00:00
[2026-06-04T14:38:40.007+0000] {processor.py:208} INFO - Processing /opt/airflow/dags/datahub_ingestion.py took 0.134 seconds
[2026-06-04T14:39:10.271+0000] {processor.py:186} INFO - Started process (PID=4728) to work on /opt/airflow/dags/datahub_ingestion.py
[2026-06-04T14:39:10.273+0000] {processor.py:914} INFO - Processing file /opt/airflow/dags/datahub_ingestion.py for tasks to queue
[2026-06-04T14:39:10.275+0000] {logging_mixin.py:190} INFO - [2026-06-04T14:39:10.275+0000] {dagbag.py:588} INFO - Filling up the DagBag from /opt/airflow/dags/datahub_ingestion.py
[2026-06-04T14:39:10.293+0000] {processor.py:925} INFO - DAG(s) 'datahub_metadata_ingestion' retrieved from /opt/airflow/dags/datahub_ingestion.py
[2026-06-04T14:39:10.318+0000] {logging_mixin.py:190} INFO - [2026-06-04T14:39:10.318+0000] {dag.py:3239} INFO - Sync 1 DAGs
[2026-06-04T14:39:10.352+0000] {logging_mixin.py:190} INFO - [2026-06-04T14:39:10.351+0000] {dag.py:4180} INFO - Setting next_dagrun for datahub_metadata_ingestion to 2026-06-04 14:30:00+00:00, run_after=2026-06-04 14:35:00+00:00
[2026-06-04T14:39:10.377+0000] {processor.py:208} INFO - Processing /opt/airflow/dags/datahub_ingestion.py took 0.117 seconds
[2026-06-04T14:39:40.625+0000] {processor.py:186} INFO - Started process (PID=4761) to work on /opt/airflow/dags/datahub_ingestion.py
[2026-06-04T14:39:40.627+0000] {processor.py:914} INFO - Processing file /opt/airflow/dags/datahub_ingestion.py for tasks to queue
[2026-06-04T14:39:40.629+0000] {logging_mixin.py:190} INFO - [2026-06-04T14:39:40.629+0000] {dagbag.py:588} INFO - Filling up the DagBag from /opt/airflow/dags/datahub_ingestion.py
[2026-06-04T14:39:40.646+0000] {processor.py:925} INFO - DAG(s) 'datahub_metadata_ingestion' retrieved from /opt/airflow/dags/datahub_ingestion.py
[2026-06-04T14:39:40.669+0000] {logging_mixin.py:190} INFO - [2026-06-04T14:39:40.669+0000] {dag.py:3239} INFO - Sync 1 DAGs
[2026-06-04T14:39:40.700+0000] {logging_mixin.py:190} INFO - [2026-06-04T14:39:40.700+0000] {dag.py:4180} INFO - Setting next_dagrun for datahub_metadata_ingestion to 2026-06-04 14:30:00+00:00, run_after=2026-06-04 14:35:00+00:00
[2026-06-04T14:39:40.730+0000] {processor.py:208} INFO - Processing /opt/airflow/dags/datahub_ingestion.py took 0.116 seconds
[2026-06-04T14:40:10.973+0000] {processor.py:186} INFO - Started process (PID=4771) to work on /opt/airflow/dags/datahub_ingestion.py
[2026-06-04T14:40:10.975+0000] {processor.py:914} INFO - Processing file /opt/airflow/dags/datahub_ingestion.py for tasks to queue
[2026-06-04T14:40:10.978+0000] {logging_mixin.py:190} INFO - [2026-06-04T14:40:10.977+0000] {dagbag.py:588} INFO - Filling up the DagBag from /opt/airflow/dags/datahub_ingestion.py
[2026-06-04T14:40:10.998+0000] {processor.py:925} INFO - DAG(s) 'datahub_metadata_ingestion' retrieved from /opt/airflow/dags/datahub_ingestion.py
[2026-06-04T14:40:11.027+0000] {logging_mixin.py:190} INFO - [2026-06-04T14:40:11.027+0000] {dag.py:3239} INFO - Sync 1 DAGs
[2026-06-04T14:40:11.061+0000] {logging_mixin.py:190} INFO - [2026-06-04T14:40:11.061+0000] {dag.py:4180} INFO - Setting next_dagrun for datahub_metadata_ingestion to 2026-06-04 14:35:00+00:00, run_after=2026-06-04 14:40:00+00:00
[2026-06-04T14:40:11.091+0000] {processor.py:208} INFO - Processing /opt/airflow/dags/datahub_ingestion.py took 0.130 seconds
[2026-06-04T14:40:41.298+0000] {processor.py:186} INFO - Started process (PID=4781) to work on /opt/airflow/dags/datahub_ingestion.py
[2026-06-04T14:40:41.299+0000] {processor.py:914} INFO - Processing file /opt/airflow/dags/datahub_ingestion.py for tasks to queue
[2026-06-04T14:40:41.302+0000] {logging_mixin.py:190} INFO - [2026-06-04T14:40:41.301+0000] {dagbag.py:588} INFO - Filling up the DagBag from /opt/airflow/dags/datahub_ingestion.py
[2026-06-04T14:40:41.317+0000] {processor.py:925} INFO - DAG(s) 'datahub_metadata_ingestion' retrieved from /opt/airflow/dags/datahub_ingestion.py
[2026-06-04T14:40:41.342+0000] {logging_mixin.py:190} INFO - [2026-06-04T14:40:41.342+0000] {dag.py:3239} INFO - Sync 1 DAGs
[2026-06-04T14:40:41.370+0000] {logging_mixin.py:190} INFO - [2026-06-04T14:40:41.370+0000] {dag.py:4180} INFO - Setting next_dagrun for datahub_metadata_ingestion to 2026-06-04 14:35:00+00:00, run_after=2026-06-04 14:40:00+00:00
[2026-06-04T14:40:41.394+0000] {processor.py:208} INFO - Processing /opt/airflow/dags/datahub_ingestion.py took 0.107 seconds
[2026-06-04T14:41:11.556+0000] {processor.py:186} INFO - Started process (PID=4791) to work on /opt/airflow/dags/datahub_ingestion.py
[2026-06-04T14:41:11.558+0000] {processor.py:914} INFO - Processing file /opt/airflow/dags/datahub_ingestion.py for tasks to queue
[2026-06-04T14:41:11.560+0000] {logging_mixin.py:190} INFO - [2026-06-04T14:41:11.560+0000] {dagbag.py:588} INFO - Filling up the DagBag from /opt/airflow/dags/datahub_ingestion.py
[2026-06-04T14:41:11.574+0000] {processor.py:925} INFO - DAG(s) 'datahub_metadata_ingestion' retrieved from /opt/airflow/dags/datahub_ingestion.py
[2026-06-04T14:41:11.596+0000] {logging_mixin.py:190} INFO - [2026-06-04T14:41:11.596+0000] {dag.py:3239} INFO - Sync 1 DAGs
[2026-06-04T14:41:11.617+0000] {logging_mixin.py:190} INFO - [2026-06-04T14:41:11.616+0000] {dag.py:4180} INFO - Setting next_dagrun for datahub_metadata_ingestion to 2026-06-04 14:35:00+00:00, run_after=2026-06-04 14:40:00+00:00
[2026-06-04T14:41:11.634+0000] {processor.py:208} INFO - Processing /opt/airflow/dags/datahub_ingestion.py took 0.087 seconds
[2026-06-04T14:41:41.814+0000] {processor.py:186} INFO - Started process (PID=4801) to work on /opt/airflow/dags/datahub_ingestion.py
[2026-06-04T14:41:41.816+0000] {processor.py:914} INFO - Processing file /opt/airflow/dags/datahub_ingestion.py for tasks to queue
[2026-06-04T14:41:41.818+0000] {logging_mixin.py:190} INFO - [2026-06-04T14:41:41.818+0000] {dagbag.py:588} INFO - Filling up the DagBag from /opt/airflow/dags/datahub_ingestion.py
[2026-06-04T14:41:41.836+0000] {processor.py:925} INFO - DAG(s) 'datahub_metadata_ingestion' retrieved from /opt/airflow/dags/datahub_ingestion.py
[2026-06-04T14:41:41.862+0000] {logging_mixin.py:190} INFO - [2026-06-04T14:41:41.861+0000] {dag.py:3239} INFO - Sync 1 DAGs
[2026-06-04T14:41:41.898+0000] {logging_mixin.py:190} INFO - [2026-06-04T14:41:41.898+0000] {dag.py:4180} INFO - Setting next_dagrun for datahub_metadata_ingestion to 2026-06-04 14:35:00+00:00, run_after=2026-06-04 14:40:00+00:00
[2026-06-04T14:41:41.927+0000] {processor.py:208} INFO - Processing /opt/airflow/dags/datahub_ingestion.py took 0.125 seconds
[2026-06-04T14:42:12.093+0000] {processor.py:186} INFO - Started process (PID=4811) to work on /opt/airflow/dags/datahub_ingestion.py
[2026-06-04T14:42:12.095+0000] {processor.py:914} INFO - Processing file /opt/airflow/dags/datahub_ingestion.py for tasks to queue
[2026-06-04T14:42:12.097+0000] {logging_mixin.py:190} INFO - [2026-06-04T14:42:12.097+0000] {dagbag.py:588} INFO - Filling up the DagBag from /opt/airflow/dags/datahub_ingestion.py
[2026-06-04T14:42:12.113+0000] {processor.py:925} INFO - DAG(s) 'datahub_metadata_ingestion' retrieved from /opt/airflow/dags/datahub_ingestion.py
[2026-06-04T14:42:12.141+0000] {logging_mixin.py:190} INFO - [2026-06-04T14:42:12.141+0000] {dag.py:3239} INFO - Sync 1 DAGs
[2026-06-04T14:42:12.177+0000] {logging_mixin.py:190} INFO - [2026-06-04T14:42:12.176+0000] {dag.py:4180} INFO - Setting next_dagrun for datahub_metadata_ingestion to 2026-06-04 14:35:00+00:00, run_after=2026-06-04 14:40:00+00:00
[2026-06-04T14:42:12.206+0000] {processor.py:208} INFO - Processing /opt/airflow/dags/datahub_ingestion.py took 0.124 seconds
[2026-06-04T14:42:42.392+0000] {processor.py:186} INFO - Started process (PID=4821) to work on /opt/airflow/dags/datahub_ingestion.py
[2026-06-04T14:42:42.393+0000] {processor.py:914} INFO - Processing file /opt/airflow/dags/datahub_ingestion.py for tasks to queue
[2026-06-04T14:42:42.395+0000] {logging_mixin.py:190} INFO - [2026-06-04T14:42:42.395+0000] {dagbag.py:588} INFO - Filling up the DagBag from /opt/airflow/dags/datahub_ingestion.py
[2026-06-04T14:42:42.409+0000] {processor.py:925} INFO - DAG(s) 'datahub_metadata_ingestion' retrieved from /opt/airflow/dags/datahub_ingestion.py
[2026-06-04T14:42:42.430+0000] {logging_mixin.py:190} INFO - [2026-06-04T14:42:42.430+0000] {dag.py:3239} INFO - Sync 1 DAGs
[2026-06-04T14:42:42.458+0000] {logging_mixin.py:190} INFO - [2026-06-04T14:42:42.458+0000] {dag.py:4180} INFO - Setting next_dagrun for datahub_metadata_ingestion to 2026-06-04 14:35:00+00:00, run_after=2026-06-04 14:40:00+00:00
[2026-06-04T14:42:42.479+0000] {processor.py:208} INFO - Processing /opt/airflow/dags/datahub_ingestion.py took 0.098 seconds
[2026-06-04T14:43:12.713+0000] {processor.py:186} INFO - Started process (PID=4831) to work on /opt/airflow/dags/datahub_ingestion.py
[2026-06-04T14:43:12.715+0000] {processor.py:914} INFO - Processing file /opt/airflow/dags/datahub_ingestion.py for tasks to queue
[2026-06-04T14:43:12.717+0000] {logging_mixin.py:190} INFO - [2026-06-04T14:43:12.717+0000] {dagbag.py:588} INFO - Filling up the DagBag from /opt/airflow/dags/datahub_ingestion.py
[2026-06-04T14:43:12.736+0000] {processor.py:925} INFO - DAG(s) 'datahub_metadata_ingestion' retrieved from /opt/airflow/dags/datahub_ingestion.py
[2026-06-04T14:43:12.764+0000] {logging_mixin.py:190} INFO - [2026-06-04T14:43:12.764+0000] {dag.py:3239} INFO - Sync 1 DAGs
[2026-06-04T14:43:12.802+0000] {logging_mixin.py:190} INFO - [2026-06-04T14:43:12.802+0000] {dag.py:4180} INFO - Setting next_dagrun for datahub_metadata_ingestion to 2026-06-04 14:35:00+00:00, run_after=2026-06-04 14:40:00+00:00
[2026-06-04T14:43:12.837+0000] {processor.py:208} INFO - Processing /opt/airflow/dags/datahub_ingestion.py took 0.136 seconds
[2026-06-04T14:43:43.095+0000] {processor.py:186} INFO - Started process (PID=4841) to work on /opt/airflow/dags/datahub_ingestion.py
[2026-06-04T14:43:43.096+0000] {processor.py:914} INFO - Processing file /opt/airflow/dags/datahub_ingestion.py for tasks to queue
[2026-06-04T14:43:43.099+0000] {logging_mixin.py:190} INFO - [2026-06-04T14:43:43.099+0000] {dagbag.py:588} INFO - Filling up the DagBag from /opt/airflow/dags/datahub_ingestion.py
[2026-06-04T14:43:43.118+0000] {processor.py:925} INFO - DAG(s) 'datahub_metadata_ingestion' retrieved from /opt/airflow/dags/datahub_ingestion.py
[2026-06-04T14:43:43.144+0000] {logging_mixin.py:190} INFO - [2026-06-04T14:43:43.143+0000] {dag.py:3239} INFO - Sync 1 DAGs
[2026-06-04T14:43:43.175+0000] {logging_mixin.py:190} INFO - [2026-06-04T14:43:43.175+0000] {dag.py:4180} INFO - Setting next_dagrun for datahub_metadata_ingestion to 2026-06-04 14:35:00+00:00, run_after=2026-06-04 14:40:00+00:00
[2026-06-04T14:43:43.202+0000] {processor.py:208} INFO - Processing /opt/airflow/dags/datahub_ingestion.py took 0.119 seconds
[2026-06-04T14:44:13.433+0000] {processor.py:186} INFO - Started process (PID=4851) to work on /opt/airflow/dags/datahub_ingestion.py
[2026-06-04T14:44:13.434+0000] {processor.py:914} INFO - Processing file /opt/airflow/dags/datahub_ingestion.py for tasks to queue
[2026-06-04T14:44:13.436+0000] {logging_mixin.py:190} INFO - [2026-06-04T14:44:13.436+0000] {dagbag.py:588} INFO - Filling up the DagBag from /opt/airflow/dags/datahub_ingestion.py
[2026-06-04T14:44:13.453+0000] {processor.py:925} INFO - DAG(s) 'datahub_metadata_ingestion' retrieved from /opt/airflow/dags/datahub_ingestion.py
[2026-06-04T14:44:13.476+0000] {logging_mixin.py:190} INFO - [2026-06-04T14:44:13.476+0000] {dag.py:3239} INFO - Sync 1 DAGs
[2026-06-04T14:44:13.507+0000] {logging_mixin.py:190} INFO - [2026-06-04T14:44:13.506+0000] {dag.py:4180} INFO - Setting next_dagrun for datahub_metadata_ingestion to 2026-06-04 14:35:00+00:00, run_after=2026-06-04 14:40:00+00:00
[2026-06-04T14:44:13.530+0000] {processor.py:208} INFO - Processing /opt/airflow/dags/datahub_ingestion.py took 0.108 seconds
[2026-06-04T14:44:43.793+0000] {processor.py:186} INFO - Started process (PID=4861) to work on /opt/airflow/dags/datahub_ingestion.py
[2026-06-04T14:44:43.795+0000] {processor.py:914} INFO - Processing file /opt/airflow/dags/datahub_ingestion.py for tasks to queue
[2026-06-04T14:44:43.797+0000] {logging_mixin.py:190} INFO - [2026-06-04T14:44:43.797+0000] {dagbag.py:588} INFO - Filling up the DagBag from /opt/airflow/dags/datahub_ingestion.py
[2026-06-04T14:44:43.815+0000] {processor.py:925} INFO - DAG(s) 'datahub_metadata_ingestion' retrieved from /opt/airflow/dags/datahub_ingestion.py
[2026-06-04T14:44:43.841+0000] {logging_mixin.py:190} INFO - [2026-06-04T14:44:43.840+0000] {dag.py:3239} INFO - Sync 1 DAGs
[2026-06-04T14:44:43.871+0000] {logging_mixin.py:190} INFO - [2026-06-04T14:44:43.871+0000] {dag.py:4180} INFO - Setting next_dagrun for datahub_metadata_ingestion to 2026-06-04 14:35:00+00:00, run_after=2026-06-04 14:40:00+00:00
[2026-06-04T14:44:43.898+0000] {processor.py:208} INFO - Processing /opt/airflow/dags/datahub_ingestion.py took 0.118 seconds
[2026-06-04T14:45:14.191+0000] {processor.py:186} INFO - Started process (PID=4871) to work on /opt/airflow/dags/datahub_ingestion.py
[2026-06-04T14:45:14.193+0000] {processor.py:914} INFO - Processing file /opt/airflow/dags/datahub_ingestion.py for tasks to queue
[2026-06-04T14:45:14.195+0000] {logging_mixin.py:190} INFO - [2026-06-04T14:45:14.195+0000] {dagbag.py:588} INFO - Filling up the DagBag from /opt/airflow/dags/datahub_ingestion.py
[2026-06-04T14:45:14.213+0000] {processor.py:925} INFO - DAG(s) 'datahub_metadata_ingestion' retrieved from /opt/airflow/dags/datahub_ingestion.py
[2026-06-04T14:45:14.237+0000] {logging_mixin.py:190} INFO - [2026-06-04T14:45:14.237+0000] {dag.py:3239} INFO - Sync 1 DAGs
[2026-06-04T14:45:14.267+0000] {logging_mixin.py:190} INFO - [2026-06-04T14:45:14.266+0000] {dag.py:4180} INFO - Setting next_dagrun for datahub_metadata_ingestion to 2026-06-04 14:40:00+00:00, run_after=2026-06-04 14:45:00+00:00
[2026-06-04T14:45:14.292+0000] {processor.py:208} INFO - Processing /opt/airflow/dags/datahub_ingestion.py took 0.112 seconds
[2026-06-04T14:45:44.562+0000] {processor.py:186} INFO - Started process (PID=4881) to work on /opt/airflow/dags/datahub_ingestion.py
[2026-06-04T14:45:44.563+0000] {processor.py:914} INFO - Processing file /opt/airflow/dags/datahub_ingestion.py for tasks to queue
[2026-06-04T14:45:44.566+0000] {logging_mixin.py:190} INFO - [2026-06-04T14:45:44.565+0000] {dagbag.py:588} INFO - Filling up the DagBag from /opt/airflow/dags/datahub_ingestion.py
[2026-06-04T14:45:44.583+0000] {processor.py:925} INFO - DAG(s) 'datahub_metadata_ingestion' retrieved from /opt/airflow/dags/datahub_ingestion.py
[2026-06-04T14:45:44.607+0000] {logging_mixin.py:190} INFO - [2026-06-04T14:45:44.607+0000] {dag.py:3239} INFO - Sync 1 DAGs
[2026-06-04T14:45:44.636+0000] {logging_mixin.py:190} INFO - [2026-06-04T14:45:44.636+0000] {dag.py:4180} INFO - Setting next_dagrun for datahub_metadata_ingestion to 2026-06-04 14:40:00+00:00, run_after=2026-06-04 14:45:00+00:00
[2026-06-04T14:45:44.661+0000] {processor.py:208} INFO - Processing /opt/airflow/dags/datahub_ingestion.py took 0.111 seconds
[2026-06-04T14:46:14.931+0000] {processor.py:186} INFO - Started process (PID=4891) to work on /opt/airflow/dags/datahub_ingestion.py
[2026-06-04T14:46:14.933+0000] {processor.py:914} INFO - Processing file /opt/airflow/dags/datahub_ingestion.py for tasks to queue
[2026-06-04T14:46:14.935+0000] {logging_mixin.py:190} INFO - [2026-06-04T14:46:14.934+0000] {dagbag.py:588} INFO - Filling up the DagBag from /opt/airflow/dags/datahub_ingestion.py
[2026-06-04T14:46:14.952+0000] {processor.py:925} INFO - DAG(s) 'datahub_metadata_ingestion' retrieved from /opt/airflow/dags/datahub_ingestion.py
[2026-06-04T14:46:14.977+0000] {logging_mixin.py:190} INFO - [2026-06-04T14:46:14.976+0000] {dag.py:3239} INFO - Sync 1 DAGs
[2026-06-04T14:46:15.008+0000] {logging_mixin.py:190} INFO - [2026-06-04T14:46:15.007+0000] {dag.py:4180} INFO - Setting next_dagrun for datahub_metadata_ingestion to 2026-06-04 14:40:00+00:00, run_after=2026-06-04 14:45:00+00:00
[2026-06-04T14:46:15.028+0000] {processor.py:208} INFO - Processing /opt/airflow/dags/datahub_ingestion.py took 0.109 seconds
[2026-06-04T14:46:45.278+0000] {processor.py:186} INFO - Started process (PID=4901) to work on /opt/airflow/dags/datahub_ingestion.py
[2026-06-04T14:46:45.279+0000] {processor.py:914} INFO - Processing file /opt/airflow/dags/datahub_ingestion.py for tasks to queue
[2026-06-04T14:46:45.281+0000] {logging_mixin.py:190} INFO - [2026-06-04T14:46:45.281+0000] {dagbag.py:588} INFO - Filling up the DagBag from /opt/airflow/dags/datahub_ingestion.py
[2026-06-04T14:46:45.297+0000] {processor.py:925} INFO - DAG(s) 'datahub_metadata_ingestion' retrieved from /opt/airflow/dags/datahub_ingestion.py
[2026-06-04T14:46:45.321+0000] {logging_mixin.py:190} INFO - [2026-06-04T14:46:45.321+0000] {dag.py:3239} INFO - Sync 1 DAGs
[2026-06-04T14:46:45.350+0000] {logging_mixin.py:190} INFO - [2026-06-04T14:46:45.350+0000] {dag.py:4180} INFO - Setting next_dagrun for datahub_metadata_ingestion to 2026-06-04 14:40:00+00:00, run_after=2026-06-04 14:45:00+00:00
[2026-06-04T14:46:45.373+0000] {processor.py:208} INFO - Processing /opt/airflow/dags/datahub_ingestion.py took 0.105 seconds
[2026-06-04T14:47:15.650+0000] {processor.py:186} INFO - Started process (PID=4911) to work on /opt/airflow/dags/datahub_ingestion.py
[2026-06-04T14:47:15.651+0000] {processor.py:914} INFO - Processing file /opt/airflow/dags/datahub_ingestion.py for tasks to queue
[2026-06-04T14:47:15.653+0000] {logging_mixin.py:190} INFO - [2026-06-04T14:47:15.653+0000] {dagbag.py:588} INFO - Filling up the DagBag from /opt/airflow/dags/datahub_ingestion.py
[2026-06-04T14:47:15.669+0000] {processor.py:925} INFO - DAG(s) 'datahub_metadata_ingestion' retrieved from /opt/airflow/dags/datahub_ingestion.py
[2026-06-04T14:47:15.692+0000] {logging_mixin.py:190} INFO - [2026-06-04T14:47:15.692+0000] {dag.py:3239} INFO - Sync 1 DAGs
[2026-06-04T14:47:15.721+0000] {logging_mixin.py:190} INFO - [2026-06-04T14:47:15.721+0000] {dag.py:4180} INFO - Setting next_dagrun for datahub_metadata_ingestion to 2026-06-04 14:40:00+00:00, run_after=2026-06-04 14:45:00+00:00
[2026-06-04T14:47:15.742+0000] {processor.py:208} INFO - Processing /opt/airflow/dags/datahub_ingestion.py took 0.104 seconds
[2026-06-04T14:47:45.994+0000] {processor.py:186} INFO - Started process (PID=4921) to work on /opt/airflow/dags/datahub_ingestion.py
[2026-06-04T14:47:45.996+0000] {processor.py:914} INFO - Processing file /opt/airflow/dags/datahub_ingestion.py for tasks to queue
[2026-06-04T14:47:45.998+0000] {logging_mixin.py:190} INFO - [2026-06-04T14:47:45.998+0000] {dagbag.py:588} INFO - Filling up the DagBag from /opt/airflow/dags/datahub_ingestion.py
[2026-06-04T14:47:46.015+0000] {processor.py:925} INFO - DAG(s) 'datahub_metadata_ingestion' retrieved from /opt/airflow/dags/datahub_ingestion.py
[2026-06-04T14:47:46.038+0000] {logging_mixin.py:190} INFO - [2026-06-04T14:47:46.038+0000] {dag.py:3239} INFO - Sync 1 DAGs
[2026-06-04T14:47:46.073+0000] {logging_mixin.py:190} INFO - [2026-06-04T14:47:46.072+0000] {dag.py:4180} INFO - Setting next_dagrun for datahub_metadata_ingestion to 2026-06-04 14:40:00+00:00, run_after=2026-06-04 14:45:00+00:00
[2026-06-04T14:47:46.094+0000] {processor.py:208} INFO - Processing /opt/airflow/dags/datahub_ingestion.py took 0.112 seconds
[2026-06-04T14:48:16.383+0000] {processor.py:186} INFO - Started process (PID=4931) to work on /opt/airflow/dags/datahub_ingestion.py
[2026-06-04T14:48:16.384+0000] {processor.py:914} INFO - Processing file /opt/airflow/dags/datahub_ingestion.py for tasks to queue
[2026-06-04T14:48:16.386+0000] {logging_mixin.py:190} INFO - [2026-06-04T14:48:16.386+0000] {dagbag.py:588} INFO - Filling up the DagBag from /opt/airflow/dags/datahub_ingestion.py
[2026-06-04T14:48:16.403+0000] {processor.py:925} INFO - DAG(s) 'datahub_metadata_ingestion' retrieved from /opt/airflow/dags/datahub_ingestion.py
[2026-06-04T14:48:16.427+0000] {logging_mixin.py:190} INFO - [2026-06-04T14:48:16.426+0000] {dag.py:3239} INFO - Sync 1 DAGs
[2026-06-04T14:48:16.457+0000] {logging_mixin.py:190} INFO - [2026-06-04T14:48:16.457+0000] {dag.py:4180} INFO - Setting next_dagrun for datahub_metadata_ingestion to 2026-06-04 14:40:00+00:00, run_after=2026-06-04 14:45:00+00:00
[2026-06-04T14:48:16.480+0000] {processor.py:208} INFO - Processing /opt/airflow/dags/datahub_ingestion.py took 0.108 seconds
[2026-06-04T14:48:46.777+0000] {processor.py:186} INFO - Started process (PID=4941) to work on /opt/airflow/dags/datahub_ingestion.py
[2026-06-04T14:48:46.779+0000] {processor.py:914} INFO - Processing file /opt/airflow/dags/datahub_ingestion.py for tasks to queue
[2026-06-04T14:48:46.781+0000] {logging_mixin.py:190} INFO - [2026-06-04T14:48:46.780+0000] {dagbag.py:588} INFO - Filling up the DagBag from /opt/airflow/dags/datahub_ingestion.py
[2026-06-04T14:48:46.799+0000] {processor.py:925} INFO - DAG(s) 'datahub_metadata_ingestion' retrieved from /opt/airflow/dags/datahub_ingestion.py
[2026-06-04T14:48:46.825+0000] {logging_mixin.py:190} INFO - [2026-06-04T14:48:46.825+0000] {dag.py:3239} INFO - Sync 1 DAGs
[2026-06-04T14:48:46.859+0000] {logging_mixin.py:190} INFO - [2026-06-04T14:48:46.858+0000] {dag.py:4180} INFO - Setting next_dagrun for datahub_metadata_ingestion to 2026-06-04 14:40:00+00:00, run_after=2026-06-04 14:45:00+00:00
[2026-06-04T14:48:46.890+0000] {processor.py:208} INFO - Processing /opt/airflow/dags/datahub_ingestion.py took 0.129 seconds
[2026-06-04T14:49:17.147+0000] {processor.py:186} INFO - Started process (PID=4951) to work on /opt/airflow/dags/datahub_ingestion.py
[2026-06-04T14:49:17.149+0000] {processor.py:914} INFO - Processing file /opt/airflow/dags/datahub_ingestion.py for tasks to queue
[2026-06-04T14:49:17.151+0000] {logging_mixin.py:190} INFO - [2026-06-04T14:49:17.150+0000] {dagbag.py:588} INFO - Filling up the DagBag from /opt/airflow/dags/datahub_ingestion.py
[2026-06-04T14:49:17.168+0000] {processor.py:925} INFO - DAG(s) 'datahub_metadata_ingestion' retrieved from /opt/airflow/dags/datahub_ingestion.py
[2026-06-04T14:49:17.191+0000] {logging_mixin.py:190} INFO - [2026-06-04T14:49:17.190+0000] {dag.py:3239} INFO - Sync 1 DAGs
[2026-06-04T14:49:17.219+0000] {logging_mixin.py:190} INFO - [2026-06-04T14:49:17.219+0000] {dag.py:4180} INFO - Setting next_dagrun for datahub_metadata_ingestion to 2026-06-04 14:40:00+00:00, run_after=2026-06-04 14:45:00+00:00
[2026-06-04T14:49:17.239+0000] {processor.py:208} INFO - Processing /opt/airflow/dags/datahub_ingestion.py took 0.104 seconds
[2026-06-04T14:49:47.514+0000] {processor.py:186} INFO - Started process (PID=4961) to work on /opt/airflow/dags/datahub_ingestion.py
[2026-06-04T14:49:47.516+0000] {processor.py:914} INFO - Processing file /opt/airflow/dags/datahub_ingestion.py for tasks to queue
[2026-06-04T14:49:47.518+0000] {logging_mixin.py:190} INFO - [2026-06-04T14:49:47.518+0000] {dagbag.py:588} INFO - Filling up the DagBag from /opt/airflow/dags/datahub_ingestion.py
[2026-06-04T14:49:47.536+0000] {processor.py:925} INFO - DAG(s) 'datahub_metadata_ingestion' retrieved from /opt/airflow/dags/datahub_ingestion.py
[2026-06-04T14:49:47.560+0000] {logging_mixin.py:190} INFO - [2026-06-04T14:49:47.559+0000] {dag.py:3239} INFO - Sync 1 DAGs
[2026-06-04T14:49:47.591+0000] {logging_mixin.py:190} INFO - [2026-06-04T14:49:47.591+0000] {dag.py:4180} INFO - Setting next_dagrun for datahub_metadata_ingestion to 2026-06-04 14:40:00+00:00, run_after=2026-06-04 14:45:00+00:00
[2026-06-04T14:49:47.619+0000] {processor.py:208} INFO - Processing /opt/airflow/dags/datahub_ingestion.py took 0.115 seconds
[2026-06-04T14:50:17.905+0000] {processor.py:186} INFO - Started process (PID=4971) to work on /opt/airflow/dags/datahub_ingestion.py
[2026-06-04T14:50:17.907+0000] {processor.py:914} INFO - Processing file /opt/airflow/dags/datahub_ingestion.py for tasks to queue
[2026-06-04T14:50:17.909+0000] {logging_mixin.py:190} INFO - [2026-06-04T14:50:17.909+0000] {dagbag.py:588} INFO - Filling up the DagBag from /opt/airflow/dags/datahub_ingestion.py
[2026-06-04T14:50:17.928+0000] {processor.py:925} INFO - DAG(s) 'datahub_metadata_ingestion' retrieved from /opt/airflow/dags/datahub_ingestion.py
[2026-06-04T14:50:17.957+0000] {logging_mixin.py:190} INFO - [2026-06-04T14:50:17.956+0000] {dag.py:3239} INFO - Sync 1 DAGs
[2026-06-04T14:50:17.991+0000] {logging_mixin.py:190} INFO - [2026-06-04T14:50:17.991+0000] {dag.py:4180} INFO - Setting next_dagrun for datahub_metadata_ingestion to 2026-06-04 14:45:00+00:00, run_after=2026-06-04 14:50:00+00:00
[2026-06-04T14:50:18.023+0000] {processor.py:208} INFO - Processing /opt/airflow/dags/datahub_ingestion.py took 0.130 seconds
[2026-06-04T14:50:48.280+0000] {processor.py:186} INFO - Started process (PID=4981) to work on /opt/airflow/dags/datahub_ingestion.py
[2026-06-04T14:50:48.282+0000] {processor.py:914} INFO - Processing file /opt/airflow/dags/datahub_ingestion.py for tasks to queue
[2026-06-04T14:50:48.284+0000] {logging_mixin.py:190} INFO - [2026-06-04T14:50:48.284+0000] {dagbag.py:588} INFO - Filling up the DagBag from /opt/airflow/dags/datahub_ingestion.py
[2026-06-04T14:50:48.302+0000] {processor.py:925} INFO - DAG(s) 'datahub_metadata_ingestion' retrieved from /opt/airflow/dags/datahub_ingestion.py
[2026-06-04T14:50:48.327+0000] {logging_mixin.py:190} INFO - [2026-06-04T14:50:48.327+0000] {dag.py:3239} INFO - Sync 1 DAGs
[2026-06-04T14:50:48.357+0000] {logging_mixin.py:190} INFO - [2026-06-04T14:50:48.356+0000] {dag.py:4180} INFO - Setting next_dagrun for datahub_metadata_ingestion to 2026-06-04 14:45:00+00:00, run_after=2026-06-04 14:50:00+00:00
[2026-06-04T14:50:48.380+0000] {processor.py:208} INFO - Processing /opt/airflow/dags/datahub_ingestion.py took 0.112 seconds
[2026-06-04T14:51:18.643+0000] {processor.py:186} INFO - Started process (PID=4991) to work on /opt/airflow/dags/datahub_ingestion.py
[2026-06-04T14:51:18.644+0000] {processor.py:914} INFO - Processing file /opt/airflow/dags/datahub_ingestion.py for tasks to queue
[2026-06-04T14:51:18.646+0000] {logging_mixin.py:190} INFO - [2026-06-04T14:51:18.646+0000] {dagbag.py:588} INFO - Filling up the DagBag from /opt/airflow/dags/datahub_ingestion.py
[2026-06-04T14:51:18.663+0000] {processor.py:925} INFO - DAG(s) 'datahub_metadata_ingestion' retrieved from /opt/airflow/dags/datahub_ingestion.py
[2026-06-04T14:51:18.686+0000] {logging_mixin.py:190} INFO - [2026-06-04T14:51:18.686+0000] {dag.py:3239} INFO - Sync 1 DAGs
[2026-06-04T14:51:18.715+0000] {logging_mixin.py:190} INFO - [2026-06-04T14:51:18.715+0000] {dag.py:4180} INFO - Setting next_dagrun for datahub_metadata_ingestion to 2026-06-04 14:45:00+00:00, run_after=2026-06-04 14:50:00+00:00
[2026-06-04T14:51:21.755+0000] {processor.py:208} INFO - Processing /opt/airflow/dags/datahub_ingestion.py took 3.124 seconds
[2026-06-04T14:51:52.013+0000] {processor.py:186} INFO - Started process (PID=5001) to work on /opt/airflow/dags/datahub_ingestion.py
[2026-06-04T14:51:52.015+0000] {processor.py:914} INFO - Processing file /opt/airflow/dags/datahub_ingestion.py for tasks to queue
[2026-06-04T14:51:52.017+0000] {logging_mixin.py:190} INFO - [2026-06-04T14:51:52.016+0000] {dagbag.py:588} INFO - Filling up the DagBag from /opt/airflow/dags/datahub_ingestion.py
[2026-06-04T14:51:52.033+0000] {processor.py:925} INFO - DAG(s) 'datahub_metadata_ingestion' retrieved from /opt/airflow/dags/datahub_ingestion.py
[2026-06-04T14:51:52.057+0000] {logging_mixin.py:190} INFO - [2026-06-04T14:51:52.057+0000] {dag.py:3239} INFO - Sync 1 DAGs
[2026-06-04T14:51:52.087+0000] {logging_mixin.py:190} INFO - [2026-06-04T14:51:52.087+0000] {dag.py:4180} INFO - Setting next_dagrun for datahub_metadata_ingestion to 2026-06-04 14:45:00+00:00, run_after=2026-06-04 14:50:00+00:00
[2026-06-04T14:51:53.554+0000] {processor.py:208} INFO - Processing /opt/airflow/dags/datahub_ingestion.py took 1.552 seconds
[2026-06-04T14:52:24.371+0000] {processor.py:186} INFO - Started process (PID=5011) to work on /opt/airflow/dags/datahub_ingestion.py
[2026-06-04T14:52:24.373+0000] {processor.py:914} INFO - Processing file /opt/airflow/dags/datahub_ingestion.py for tasks to queue
[2026-06-04T14:52:24.375+0000] {logging_mixin.py:190} INFO - [2026-06-04T14:52:24.374+0000] {dagbag.py:588} INFO - Filling up the DagBag from /opt/airflow/dags/datahub_ingestion.py
[2026-06-04T14:52:24.391+0000] {processor.py:925} INFO - DAG(s) 'datahub_metadata_ingestion' retrieved from /opt/airflow/dags/datahub_ingestion.py
[2026-06-04T14:52:24.413+0000] {logging_mixin.py:190} INFO - [2026-06-04T14:52:24.413+0000] {dag.py:3239} INFO - Sync 1 DAGs
[2026-06-04T14:52:24.442+0000] {logging_mixin.py:190} INFO - [2026-06-04T14:52:24.442+0000] {dag.py:4180} INFO - Setting next_dagrun for datahub_metadata_ingestion to 2026-06-04 14:45:00+00:00, run_after=2026-06-04 14:50:00+00:00
[2026-06-04T14:52:24.460+0000] {processor.py:208} INFO - Processing /opt/airflow/dags/datahub_ingestion.py took 0.101 seconds
[2026-06-04T14:52:54.721+0000] {processor.py:186} INFO - Started process (PID=5021) to work on /opt/airflow/dags/datahub_ingestion.py
[2026-06-04T14:52:54.723+0000] {processor.py:914} INFO - Processing file /opt/airflow/dags/datahub_ingestion.py for tasks to queue
[2026-06-04T14:52:54.725+0000] {logging_mixin.py:190} INFO - [2026-06-04T14:52:54.724+0000] {dagbag.py:588} INFO - Filling up the DagBag from /opt/airflow/dags/datahub_ingestion.py
[2026-06-04T14:52:54.741+0000] {processor.py:925} INFO - DAG(s) 'datahub_metadata_ingestion' retrieved from /opt/airflow/dags/datahub_ingestion.py
[2026-06-04T14:52:54.763+0000] {logging_mixin.py:190} INFO - [2026-06-04T14:52:54.763+0000] {dag.py:3239} INFO - Sync 1 DAGs
[2026-06-04T14:52:54.793+0000] {logging_mixin.py:190} INFO - [2026-06-04T14:52:54.793+0000] {dag.py:4180} INFO - Setting next_dagrun for datahub_metadata_ingestion to 2026-06-04 14:45:00+00:00, run_after=2026-06-04 14:50:00+00:00
[2026-06-04T14:52:54.816+0000] {processor.py:208} INFO - Processing /opt/airflow/dags/datahub_ingestion.py took 0.106 seconds
[2026-06-04T14:53:25.074+0000] {processor.py:186} INFO - Started process (PID=5031) to work on /opt/airflow/dags/datahub_ingestion.py
[2026-06-04T14:53:25.076+0000] {processor.py:914} INFO - Processing file /opt/airflow/dags/datahub_ingestion.py for tasks to queue
[2026-06-04T14:53:25.078+0000] {logging_mixin.py:190} INFO - [2026-06-04T14:53:25.077+0000] {dagbag.py:588} INFO - Filling up the DagBag from /opt/airflow/dags/datahub_ingestion.py
[2026-06-04T14:53:25.095+0000] {processor.py:925} INFO - DAG(s) 'datahub_metadata_ingestion' retrieved from /opt/airflow/dags/datahub_ingestion.py
[2026-06-04T14:53:25.122+0000] {logging_mixin.py:190} INFO - [2026-06-04T14:53:25.121+0000] {dag.py:3239} INFO - Sync 1 DAGs
[2026-06-04T14:53:25.153+0000] {logging_mixin.py:190} INFO - [2026-06-04T14:53:25.152+0000] {dag.py:4180} INFO - Setting next_dagrun for datahub_metadata_ingestion to 2026-06-04 14:45:00+00:00, run_after=2026-06-04 14:50:00+00:00
[2026-06-04T14:53:25.174+0000] {processor.py:208} INFO - Processing /opt/airflow/dags/datahub_ingestion.py took 0.112 seconds
[2026-06-04T14:53:55.419+0000] {processor.py:186} INFO - Started process (PID=5041) to work on /opt/airflow/dags/datahub_ingestion.py
[2026-06-04T14:53:55.421+0000] {processor.py:914} INFO - Processing file /opt/airflow/dags/datahub_ingestion.py for tasks to queue
[2026-06-04T14:53:55.423+0000] {logging_mixin.py:190} INFO - [2026-06-04T14:53:55.423+0000] {dagbag.py:588} INFO - Filling up the DagBag from /opt/airflow/dags/datahub_ingestion.py
[2026-06-04T14:53:55.440+0000] {processor.py:925} INFO - DAG(s) 'datahub_metadata_ingestion' retrieved from /opt/airflow/dags/datahub_ingestion.py
[2026-06-04T14:53:55.462+0000] {logging_mixin.py:190} INFO - [2026-06-04T14:53:55.462+0000] {dag.py:3239} INFO - Sync 1 DAGs
[2026-06-04T14:53:55.491+0000] {logging_mixin.py:190} INFO - [2026-06-04T14:53:55.490+0000] {dag.py:4180} INFO - Setting next_dagrun for datahub_metadata_ingestion to 2026-06-04 14:45:00+00:00, run_after=2026-06-04 14:50:00+00:00
[2026-06-04T14:53:55.512+0000] {processor.py:208} INFO - Processing /opt/airflow/dags/datahub_ingestion.py took 0.103 seconds
[2026-06-04T14:54:25.786+0000] {processor.py:186} INFO - Started process (PID=5051) to work on /opt/airflow/dags/datahub_ingestion.py
[2026-06-04T14:54:25.787+0000] {processor.py:914} INFO - Processing file /opt/airflow/dags/datahub_ingestion.py for tasks to queue
[2026-06-04T14:54:25.789+0000] {logging_mixin.py:190} INFO - [2026-06-04T14:54:25.789+0000] {dagbag.py:588} INFO - Filling up the DagBag from /opt/airflow/dags/datahub_ingestion.py
[2026-06-04T14:54:25.806+0000] {processor.py:925} INFO - DAG(s) 'datahub_metadata_ingestion' retrieved from /opt/airflow/dags/datahub_ingestion.py
[2026-06-04T14:54:25.830+0000] {logging_mixin.py:190} INFO - [2026-06-04T14:54:25.830+0000] {dag.py:3239} INFO - Sync 1 DAGs
[2026-06-04T14:54:25.860+0000] {logging_mixin.py:190} INFO - [2026-06-04T14:54:25.860+0000] {dag.py:4180} INFO - Setting next_dagrun for datahub_metadata_ingestion to 2026-06-04 14:45:00+00:00, run_after=2026-06-04 14:50:00+00:00
[2026-06-04T14:54:25.880+0000] {processor.py:208} INFO - Processing /opt/airflow/dags/datahub_ingestion.py took 0.106 seconds
[2026-06-04T14:54:56.175+0000] {processor.py:186} INFO - Started process (PID=5061) to work on /opt/airflow/dags/datahub_ingestion.py
[2026-06-04T14:54:56.179+0000] {processor.py:914} INFO - Processing file /opt/airflow/dags/datahub_ingestion.py for tasks to queue
[2026-06-04T14:54:56.181+0000] {logging_mixin.py:190} INFO - [2026-06-04T14:54:56.181+0000] {dagbag.py:588} INFO - Filling up the DagBag from /opt/airflow/dags/datahub_ingestion.py
[2026-06-04T14:54:56.199+0000] {processor.py:925} INFO - DAG(s) 'datahub_metadata_ingestion' retrieved from /opt/airflow/dags/datahub_ingestion.py
[2026-06-04T14:54:56.224+0000] {logging_mixin.py:190} INFO - [2026-06-04T14:54:56.223+0000] {dag.py:3239} INFO - Sync 1 DAGs
[2026-06-04T14:54:56.253+0000] {logging_mixin.py:190} INFO - [2026-06-04T14:54:56.253+0000] {dag.py:4180} INFO - Setting next_dagrun for datahub_metadata_ingestion to 2026-06-04 14:45:00+00:00, run_after=2026-06-04 14:50:00+00:00
[2026-06-04T14:54:56.274+0000] {processor.py:208} INFO - Processing /opt/airflow/dags/datahub_ingestion.py took 0.114 seconds
[2026-06-04T14:55:26.507+0000] {processor.py:186} INFO - Started process (PID=5071) to work on /opt/airflow/dags/datahub_ingestion.py
[2026-06-04T14:55:26.509+0000] {processor.py:914} INFO - Processing file /opt/airflow/dags/datahub_ingestion.py for tasks to queue
[2026-06-04T14:55:26.511+0000] {logging_mixin.py:190} INFO - [2026-06-04T14:55:26.511+0000] {dagbag.py:588} INFO - Filling up the DagBag from /opt/airflow/dags/datahub_ingestion.py
[2026-06-04T14:55:26.527+0000] {processor.py:925} INFO - DAG(s) 'datahub_metadata_ingestion' retrieved from /opt/airflow/dags/datahub_ingestion.py
[2026-06-04T14:55:26.549+0000] {logging_mixin.py:190} INFO - [2026-06-04T14:55:26.549+0000] {dag.py:3239} INFO - Sync 1 DAGs
[2026-06-04T14:55:26.579+0000] {logging_mixin.py:190} INFO - [2026-06-04T14:55:26.579+0000] {dag.py:4180} INFO - Setting next_dagrun for datahub_metadata_ingestion to 2026-06-04 14:50:00+00:00, run_after=2026-06-04 14:55:00+00:00
[2026-06-04T14:55:26.611+0000] {processor.py:208} INFO - Processing /opt/airflow/dags/datahub_ingestion.py took 0.115 seconds
[2026-06-04T14:56:31.825+0000] {processor.py:186} INFO - Started process (PID=158) to work on /opt/airflow/dags/datahub_ingestion.py
[2026-06-04T14:56:31.826+0000] {processor.py:914} INFO - Processing file /opt/airflow/dags/datahub_ingestion.py for tasks to queue
[2026-06-04T14:56:31.828+0000] {logging_mixin.py:190} INFO - [2026-06-04T14:56:31.828+0000] {dagbag.py:588} INFO - Filling up the DagBag from /opt/airflow/dags/datahub_ingestion.py
[2026-06-04T14:56:31.849+0000] {processor.py:925} INFO - DAG(s) 'datahub_metadata_ingestion' retrieved from /opt/airflow/dags/datahub_ingestion.py
[2026-06-04T14:56:31.874+0000] {logging_mixin.py:190} INFO - [2026-06-04T14:56:31.873+0000] {dag.py:3239} INFO - Sync 1 DAGs
[2026-06-04T14:56:31.899+0000] {logging_mixin.py:190} INFO - [2026-06-04T14:56:31.899+0000] {dag.py:4180} INFO - Setting next_dagrun for datahub_metadata_ingestion to 2026-06-04 14:50:00+00:00, run_after=2026-06-04 14:55:00+00:00
[2026-06-04T14:56:31.917+0000] {processor.py:208} INFO - Processing /opt/airflow/dags/datahub_ingestion.py took 0.098 seconds
[2026-06-04T14:57:02.167+0000] {processor.py:186} INFO - Started process (PID=168) to work on /opt/airflow/dags/datahub_ingestion.py
[2026-06-04T14:57:02.168+0000] {processor.py:914} INFO - Processing file /opt/airflow/dags/datahub_ingestion.py for tasks to queue
[2026-06-04T14:57:02.170+0000] {logging_mixin.py:190} INFO - [2026-06-04T14:57:02.169+0000] {dagbag.py:588} INFO - Filling up the DagBag from /opt/airflow/dags/datahub_ingestion.py
[2026-06-04T14:57:02.182+0000] {processor.py:925} INFO - DAG(s) 'datahub_metadata_ingestion' retrieved from /opt/airflow/dags/datahub_ingestion.py
[2026-06-04T14:57:02.202+0000] {logging_mixin.py:190} INFO - [2026-06-04T14:57:02.201+0000] {dag.py:3239} INFO - Sync 1 DAGs
[2026-06-04T14:57:02.227+0000] {logging_mixin.py:190} INFO - [2026-06-04T14:57:02.227+0000] {dag.py:4180} INFO - Setting next_dagrun for datahub_metadata_ingestion to 2026-06-04 14:50:00+00:00, run_after=2026-06-04 14:55:00+00:00
[2026-06-04T14:57:02.261+0000] {processor.py:208} INFO - Processing /opt/airflow/dags/datahub_ingestion.py took 0.100 seconds
[2026-06-04T14:57:32.421+0000] {processor.py:186} INFO - Started process (PID=178) to work on /opt/airflow/dags/datahub_ingestion.py
[2026-06-04T14:57:32.422+0000] {processor.py:914} INFO - Processing file /opt/airflow/dags/datahub_ingestion.py for tasks to queue
[2026-06-04T14:57:32.424+0000] {logging_mixin.py:190} INFO - [2026-06-04T14:57:32.424+0000] {dagbag.py:588} INFO - Filling up the DagBag from /opt/airflow/dags/datahub_ingestion.py
[2026-06-04T14:57:32.437+0000] {processor.py:925} INFO - DAG(s) 'datahub_metadata_ingestion' retrieved from /opt/airflow/dags/datahub_ingestion.py
[2026-06-04T14:57:32.460+0000] {logging_mixin.py:190} INFO - [2026-06-04T14:57:32.459+0000] {dag.py:3239} INFO - Sync 1 DAGs
[2026-06-04T14:57:32.490+0000] {logging_mixin.py:190} INFO - [2026-06-04T14:57:32.490+0000] {dag.py:4180} INFO - Setting next_dagrun for datahub_metadata_ingestion to 2026-06-04 14:50:00+00:00, run_after=2026-06-04 14:55:00+00:00
[2026-06-04T14:57:32.510+0000] {processor.py:208} INFO - Processing /opt/airflow/dags/datahub_ingestion.py took 0.094 seconds
[2026-06-04T14:58:02.726+0000] {processor.py:186} INFO - Started process (PID=543) to work on /opt/airflow/dags/datahub_ingestion.py
[2026-06-04T14:58:02.733+0000] {processor.py:914} INFO - Processing file /opt/airflow/dags/datahub_ingestion.py for tasks to queue
[2026-06-04T14:58:02.735+0000] {logging_mixin.py:190} INFO - [2026-06-04T14:58:02.735+0000] {dagbag.py:588} INFO - Filling up the DagBag from /opt/airflow/dags/datahub_ingestion.py
[2026-06-04T14:58:02.749+0000] {processor.py:925} INFO - DAG(s) 'datahub_metadata_ingestion' retrieved from /opt/airflow/dags/datahub_ingestion.py
[2026-06-04T14:58:02.771+0000] {logging_mixin.py:190} INFO - [2026-06-04T14:58:02.771+0000] {dag.py:3239} INFO - Sync 1 DAGs
[2026-06-04T14:58:02.798+0000] {logging_mixin.py:190} INFO - [2026-06-04T14:58:02.798+0000] {dag.py:4180} INFO - Setting next_dagrun for datahub_metadata_ingestion to 2026-06-04 14:50:00+00:00, run_after=2026-06-04 14:55:00+00:00
[2026-06-04T14:58:02.823+0000] {processor.py:208} INFO - Processing /opt/airflow/dags/datahub_ingestion.py took 0.102 seconds
[2026-06-04T14:58:33.009+0000] {processor.py:186} INFO - Started process (PID=725) to work on /opt/airflow/dags/datahub_ingestion.py
[2026-06-04T14:58:33.011+0000] {processor.py:914} INFO - Processing file /opt/airflow/dags/datahub_ingestion.py for tasks to queue
[2026-06-04T14:58:33.013+0000] {logging_mixin.py:190} INFO - [2026-06-04T14:58:33.012+0000] {dagbag.py:588} INFO - Filling up the DagBag from /opt/airflow/dags/datahub_ingestion.py
[2026-06-04T14:58:33.029+0000] {processor.py:925} INFO - DAG(s) 'datahub_metadata_ingestion' retrieved from /opt/airflow/dags/datahub_ingestion.py
[2026-06-04T14:58:33.054+0000] {logging_mixin.py:190} INFO - [2026-06-04T14:58:33.054+0000] {dag.py:3239} INFO - Sync 1 DAGs
[2026-06-04T14:58:33.086+0000] {logging_mixin.py:190} INFO - [2026-06-04T14:58:33.085+0000] {dag.py:4180} INFO - Setting next_dagrun for datahub_metadata_ingestion to 2026-06-04 14:50:00+00:00, run_after=2026-06-04 14:55:00+00:00
[2026-06-04T14:58:33.120+0000] {processor.py:208} INFO - Processing /opt/airflow/dags/datahub_ingestion.py took 0.117 seconds
[2026-06-04T14:59:03.368+0000] {processor.py:186} INFO - Started process (PID=884) to work on /opt/airflow/dags/datahub_ingestion.py
[2026-06-04T14:59:03.373+0000] {processor.py:914} INFO - Processing file /opt/airflow/dags/datahub_ingestion.py for tasks to queue
[2026-06-04T14:59:03.375+0000] {logging_mixin.py:190} INFO - [2026-06-04T14:59:03.375+0000] {dagbag.py:588} INFO - Filling up the DagBag from /opt/airflow/dags/datahub_ingestion.py
[2026-06-04T14:59:03.392+0000] {processor.py:925} INFO - DAG(s) 'datahub_metadata_ingestion' retrieved from /opt/airflow/dags/datahub_ingestion.py
[2026-06-04T14:59:03.418+0000] {logging_mixin.py:190} INFO - [2026-06-04T14:59:03.417+0000] {dag.py:3239} INFO - Sync 1 DAGs
[2026-06-04T14:59:03.607+0000] {logging_mixin.py:190} INFO - [2026-06-04T14:59:03.607+0000] {dag.py:4180} INFO - Setting next_dagrun for datahub_metadata_ingestion to 2026-06-04 14:50:00+00:00, run_after=2026-06-04 14:55:00+00:00
[2026-06-04T14:59:03.638+0000] {processor.py:208} INFO - Processing /opt/airflow/dags/datahub_ingestion.py took 0.276 seconds
[2026-06-04T14:59:33.859+0000] {processor.py:186} INFO - Started process (PID=992) to work on /opt/airflow/dags/datahub_ingestion.py
[2026-06-04T14:59:33.862+0000] {processor.py:914} INFO - Processing file /opt/airflow/dags/datahub_ingestion.py for tasks to queue
[2026-06-04T14:59:33.864+0000] {logging_mixin.py:190} INFO - [2026-06-04T14:59:33.864+0000] {dagbag.py:588} INFO - Filling up the DagBag from /opt/airflow/dags/datahub_ingestion.py
[2026-06-04T14:59:33.884+0000] {processor.py:925} INFO - DAG(s) 'datahub_metadata_ingestion' retrieved from /opt/airflow/dags/datahub_ingestion.py
[2026-06-04T14:59:34.145+0000] {logging_mixin.py:190} INFO - [2026-06-04T14:59:34.144+0000] {dag.py:3239} INFO - Sync 1 DAGs
[2026-06-04T14:59:34.179+0000] {logging_mixin.py:190} INFO - [2026-06-04T14:59:34.179+0000] {dag.py:4180} INFO - Setting next_dagrun for datahub_metadata_ingestion to 2026-06-04 14:50:00+00:00, run_after=2026-06-04 14:55:00+00:00
[2026-06-04T14:59:34.214+0000] {processor.py:208} INFO - Processing /opt/airflow/dags/datahub_ingestion.py took 0.362 seconds
[2026-06-04T15:00:04.415+0000] {processor.py:186} INFO - Started process (PID=1149) to work on /opt/airflow/dags/datahub_ingestion.py
[2026-06-04T15:00:04.417+0000] {processor.py:914} INFO - Processing file /opt/airflow/dags/datahub_ingestion.py for tasks to queue
[2026-06-04T15:00:04.420+0000] {logging_mixin.py:190} INFO - [2026-06-04T15:00:04.419+0000] {dagbag.py:588} INFO - Filling up the DagBag from /opt/airflow/dags/datahub_ingestion.py
[2026-06-04T15:00:04.436+0000] {processor.py:925} INFO - DAG(s) 'datahub_metadata_ingestion' retrieved from /opt/airflow/dags/datahub_ingestion.py
[2026-06-04T15:00:04.461+0000] {logging_mixin.py:190} INFO - [2026-06-04T15:00:04.461+0000] {dag.py:3239} INFO - Sync 1 DAGs
[2026-06-04T15:00:04.490+0000] {logging_mixin.py:190} INFO - [2026-06-04T15:00:04.489+0000] {dag.py:4180} INFO - Setting next_dagrun for datahub_metadata_ingestion to 2026-06-04 14:55:00+00:00, run_after=2026-06-04 15:00:00+00:00
[2026-06-04T15:00:04.513+0000] {processor.py:208} INFO - Processing /opt/airflow/dags/datahub_ingestion.py took 0.105 seconds
[2026-06-04T15:00:34.662+0000] {processor.py:186} INFO - Started process (PID=1167) to work on /opt/airflow/dags/datahub_ingestion.py
[2026-06-04T15:00:34.663+0000] {processor.py:914} INFO - Processing file /opt/airflow/dags/datahub_ingestion.py for tasks to queue
[2026-06-04T15:00:34.664+0000] {logging_mixin.py:190} INFO - [2026-06-04T15:00:34.664+0000] {dagbag.py:588} INFO - Filling up the DagBag from /opt/airflow/dags/datahub_ingestion.py
[2026-06-04T15:00:34.676+0000] {processor.py:925} INFO - DAG(s) 'datahub_metadata_ingestion' retrieved from /opt/airflow/dags/datahub_ingestion.py
[2026-06-04T15:00:34.697+0000] {logging_mixin.py:190} INFO - [2026-06-04T15:00:34.697+0000] {dag.py:3239} INFO - Sync 1 DAGs
[2026-06-04T15:00:34.723+0000] {logging_mixin.py:190} INFO - [2026-06-04T15:00:34.723+0000] {dag.py:4180} INFO - Setting next_dagrun for datahub_metadata_ingestion to 2026-06-04 14:55:00+00:00, run_after=2026-06-04 15:00:00+00:00
[2026-06-04T15:00:34.745+0000] {processor.py:208} INFO - Processing /opt/airflow/dags/datahub_ingestion.py took 0.088 seconds
[2026-06-04T15:01:04.885+0000] {processor.py:186} INFO - Started process (PID=1365) to work on /opt/airflow/dags/datahub_ingestion.py
[2026-06-04T15:01:04.907+0000] {processor.py:914} INFO - Processing file /opt/airflow/dags/datahub_ingestion.py for tasks to queue
[2026-06-04T15:01:04.909+0000] {logging_mixin.py:190} INFO - [2026-06-04T15:01:04.908+0000] {dagbag.py:588} INFO - Filling up the DagBag from /opt/airflow/dags/datahub_ingestion.py
[2026-06-04T15:01:04.921+0000] {processor.py:925} INFO - DAG(s) 'datahub_metadata_ingestion' retrieved from /opt/airflow/dags/datahub_ingestion.py
[2026-06-04T15:01:04.941+0000] {logging_mixin.py:190} INFO - [2026-06-04T15:01:04.941+0000] {dag.py:3239} INFO - Sync 1 DAGs
[2026-06-04T15:01:04.966+0000] {logging_mixin.py:190} INFO - [2026-06-04T15:01:04.966+0000] {dag.py:4180} INFO - Setting next_dagrun for datahub_metadata_ingestion to 2026-06-04 14:55:00+00:00, run_after=2026-06-04 15:00:00+00:00
[2026-06-04T15:01:04.986+0000] {processor.py:208} INFO - Processing /opt/airflow/dags/datahub_ingestion.py took 0.106 seconds
[2026-06-04T15:01:35.163+0000] {processor.py:186} INFO - Started process (PID=1491) to work on /opt/airflow/dags/datahub_ingestion.py
[2026-06-04T15:01:35.168+0000] {processor.py:914} INFO - Processing file /opt/airflow/dags/datahub_ingestion.py for tasks to queue
[2026-06-04T15:01:35.170+0000] {logging_mixin.py:190} INFO - [2026-06-04T15:01:35.170+0000] {dagbag.py:588} INFO - Filling up the DagBag from /opt/airflow/dags/datahub_ingestion.py
[2026-06-04T15:01:35.186+0000] {processor.py:925} INFO - DAG(s) 'datahub_metadata_ingestion' retrieved from /opt/airflow/dags/datahub_ingestion.py
[2026-06-04T15:01:35.214+0000] {logging_mixin.py:190} INFO - [2026-06-04T15:01:35.214+0000] {dag.py:3239} INFO - Sync 1 DAGs
[2026-06-04T15:01:35.255+0000] {logging_mixin.py:190} INFO - [2026-06-04T15:01:35.254+0000] {dag.py:4180} INFO - Setting next_dagrun for datahub_metadata_ingestion to 2026-06-04 14:55:00+00:00, run_after=2026-06-04 15:00:00+00:00
[2026-06-04T15:01:35.279+0000] {processor.py:208} INFO - Processing /opt/airflow/dags/datahub_ingestion.py took 0.122 seconds
[2026-06-04T15:02:05.454+0000] {processor.py:186} INFO - Started process (PID=1888) to work on /opt/airflow/dags/datahub_ingestion.py
[2026-06-04T15:02:05.456+0000] {processor.py:914} INFO - Processing file /opt/airflow/dags/datahub_ingestion.py for tasks to queue
[2026-06-04T15:02:05.458+0000] {logging_mixin.py:190} INFO - [2026-06-04T15:02:05.458+0000] {dagbag.py:588} INFO - Filling up the DagBag from /opt/airflow/dags/datahub_ingestion.py
[2026-06-04T15:02:05.474+0000] {processor.py:925} INFO - DAG(s) 'datahub_metadata_ingestion' retrieved from /opt/airflow/dags/datahub_ingestion.py
[2026-06-04T15:02:05.512+0000] {logging_mixin.py:190} INFO - [2026-06-04T15:02:05.512+0000] {dag.py:3239} INFO - Sync 1 DAGs
[2026-06-04T15:02:05.549+0000] {logging_mixin.py:190} INFO - [2026-06-04T15:02:05.548+0000] {dag.py:4180} INFO - Setting next_dagrun for datahub_metadata_ingestion to 2026-06-04 14:55:00+00:00, run_after=2026-06-04 15:00:00+00:00
[2026-06-04T15:02:05.581+0000] {processor.py:208} INFO - Processing /opt/airflow/dags/datahub_ingestion.py took 0.133 seconds
[2026-06-04T15:02:35.798+0000] {processor.py:186} INFO - Started process (PID=1987) to work on /opt/airflow/dags/datahub_ingestion.py
[2026-06-04T15:02:35.800+0000] {processor.py:914} INFO - Processing file /opt/airflow/dags/datahub_ingestion.py for tasks to queue
[2026-06-04T15:02:35.803+0000] {logging_mixin.py:190} INFO - [2026-06-04T15:02:35.803+0000] {dagbag.py:588} INFO - Filling up the DagBag from /opt/airflow/dags/datahub_ingestion.py
[2026-06-04T15:02:35.836+0000] {processor.py:925} INFO - DAG(s) 'datahub_metadata_ingestion' retrieved from /opt/airflow/dags/datahub_ingestion.py
[2026-06-04T15:02:35.879+0000] {logging_mixin.py:190} INFO - [2026-06-04T15:02:35.879+0000] {dag.py:3239} INFO - Sync 1 DAGs
[2026-06-04T15:02:35.911+0000] {logging_mixin.py:190} INFO - [2026-06-04T15:02:35.910+0000] {dag.py:4180} INFO - Setting next_dagrun for datahub_metadata_ingestion to 2026-06-04 14:55:00+00:00, run_after=2026-06-04 15:00:00+00:00
[2026-06-04T15:02:35.935+0000] {processor.py:208} INFO - Processing /opt/airflow/dags/datahub_ingestion.py took 0.161 seconds
[2026-06-04T15:03:06.074+0000] {processor.py:186} INFO - Started process (PID=2006) to work on /opt/airflow/dags/datahub_ingestion.py
[2026-06-04T15:03:06.078+0000] {processor.py:914} INFO - Processing file /opt/airflow/dags/datahub_ingestion.py for tasks to queue
[2026-06-04T15:03:06.080+0000] {logging_mixin.py:190} INFO - [2026-06-04T15:03:06.080+0000] {dagbag.py:588} INFO - Filling up the DagBag from /opt/airflow/dags/datahub_ingestion.py
[2026-06-04T15:03:06.092+0000] {processor.py:925} INFO - DAG(s) 'datahub_metadata_ingestion' retrieved from /opt/airflow/dags/datahub_ingestion.py
[2026-06-04T15:03:06.113+0000] {logging_mixin.py:190} INFO - [2026-06-04T15:03:06.112+0000] {dag.py:3239} INFO - Sync 1 DAGs
[2026-06-04T15:03:06.137+0000] {logging_mixin.py:190} INFO - [2026-06-04T15:03:06.137+0000] {dag.py:4180} INFO - Setting next_dagrun for datahub_metadata_ingestion to 2026-06-04 14:55:00+00:00, run_after=2026-06-04 15:00:00+00:00
[2026-06-04T15:03:06.159+0000] {processor.py:208} INFO - Processing /opt/airflow/dags/datahub_ingestion.py took 0.090 seconds
[2026-06-04T15:03:36.328+0000] {processor.py:186} INFO - Started process (PID=2146) to work on /opt/airflow/dags/datahub_ingestion.py
[2026-06-04T15:03:36.330+0000] {processor.py:914} INFO - Processing file /opt/airflow/dags/datahub_ingestion.py for tasks to queue
[2026-06-04T15:03:36.332+0000] {logging_mixin.py:190} INFO - [2026-06-04T15:03:36.331+0000] {dagbag.py:588} INFO - Filling up the DagBag from /opt/airflow/dags/datahub_ingestion.py
[2026-06-04T15:03:36.347+0000] {processor.py:925} INFO - DAG(s) 'datahub_metadata_ingestion' retrieved from /opt/airflow/dags/datahub_ingestion.py
[2026-06-04T15:03:36.371+0000] {logging_mixin.py:190} INFO - [2026-06-04T15:03:36.371+0000] {dag.py:3239} INFO - Sync 1 DAGs
[2026-06-04T15:03:36.412+0000] {logging_mixin.py:190} INFO - [2026-06-04T15:03:36.412+0000] {dag.py:4180} INFO - Setting next_dagrun for datahub_metadata_ingestion to 2026-06-04 14:55:00+00:00, run_after=2026-06-04 15:00:00+00:00
[2026-06-04T15:03:36.447+0000] {processor.py:208} INFO - Processing /opt/airflow/dags/datahub_ingestion.py took 0.124 seconds
[2026-06-04T15:04:06.633+0000] {processor.py:186} INFO - Started process (PID=2533) to work on /opt/airflow/dags/datahub_ingestion.py
[2026-06-04T15:04:06.642+0000] {processor.py:914} INFO - Processing file /opt/airflow/dags/datahub_ingestion.py for tasks to queue
[2026-06-04T15:04:06.644+0000] {logging_mixin.py:190} INFO - [2026-06-04T15:04:06.644+0000] {dagbag.py:588} INFO - Filling up the DagBag from /opt/airflow/dags/datahub_ingestion.py
[2026-06-04T15:04:06.685+0000] {processor.py:925} INFO - DAG(s) 'datahub_metadata_ingestion' retrieved from /opt/airflow/dags/datahub_ingestion.py
[2026-06-04T15:04:06.735+0000] {logging_mixin.py:190} INFO - [2026-06-04T15:04:06.735+0000] {dag.py:3239} INFO - Sync 1 DAGs
[2026-06-04T15:04:06.796+0000] {logging_mixin.py:190} INFO - [2026-06-04T15:04:06.795+0000] {dag.py:4180} INFO - Setting next_dagrun for datahub_metadata_ingestion to 2026-06-04 14:55:00+00:00, run_after=2026-06-04 15:00:00+00:00
[2026-06-04T15:04:06.847+0000] {processor.py:208} INFO - Processing /opt/airflow/dags/datahub_ingestion.py took 0.239 seconds
[2026-06-04T15:04:37.758+0000] {processor.py:186} INFO - Started process (PID=2896) to work on /opt/airflow/dags/datahub_ingestion.py
[2026-06-04T15:04:37.760+0000] {processor.py:914} INFO - Processing file /opt/airflow/dags/datahub_ingestion.py for tasks to queue
[2026-06-04T15:04:37.762+0000] {logging_mixin.py:190} INFO - [2026-06-04T15:04:37.761+0000] {dagbag.py:588} INFO - Filling up the DagBag from /opt/airflow/dags/datahub_ingestion.py
[2026-06-04T15:04:37.776+0000] {processor.py:925} INFO - DAG(s) 'datahub_metadata_ingestion' retrieved from /opt/airflow/dags/datahub_ingestion.py
[2026-06-04T15:04:37.799+0000] {logging_mixin.py:190} INFO - [2026-06-04T15:04:37.799+0000] {dag.py:3239} INFO - Sync 1 DAGs
[2026-06-04T15:04:37.867+0000] {logging_mixin.py:190} INFO - [2026-06-04T15:04:37.867+0000] {dag.py:4180} INFO - Setting next_dagrun for datahub_metadata_ingestion to 2026-06-04 14:55:00+00:00, run_after=2026-06-04 15:00:00+00:00
[2026-06-04T15:04:37.923+0000] {processor.py:208} INFO - Processing /opt/airflow/dags/datahub_ingestion.py took 0.171 seconds
[2026-06-04T15:05:08.184+0000] {processor.py:186} INFO - Started process (PID=2956) to work on /opt/airflow/dags/datahub_ingestion.py
[2026-06-04T15:05:08.186+0000] {processor.py:914} INFO - Processing file /opt/airflow/dags/datahub_ingestion.py for tasks to queue
[2026-06-04T15:05:08.188+0000] {logging_mixin.py:190} INFO - [2026-06-04T15:05:08.188+0000] {dagbag.py:588} INFO - Filling up the DagBag from /opt/airflow/dags/datahub_ingestion.py
[2026-06-04T15:05:08.204+0000] {processor.py:925} INFO - DAG(s) 'datahub_metadata_ingestion' retrieved from /opt/airflow/dags/datahub_ingestion.py
[2026-06-04T15:05:08.227+0000] {logging_mixin.py:190} INFO - [2026-06-04T15:05:08.227+0000] {dag.py:3239} INFO - Sync 1 DAGs
[2026-06-04T15:05:08.257+0000] {logging_mixin.py:190} INFO - [2026-06-04T15:05:08.257+0000] {dag.py:4180} INFO - Setting next_dagrun for datahub_metadata_ingestion to 2026-06-04 15:00:00+00:00, run_after=2026-06-04 15:05:00+00:00
[2026-06-04T15:05:08.286+0000] {processor.py:208} INFO - Processing /opt/airflow/dags/datahub_ingestion.py took 0.109 seconds
[2026-06-04T15:05:38.540+0000] {processor.py:186} INFO - Started process (PID=2966) to work on /opt/airflow/dags/datahub_ingestion.py
[2026-06-04T15:05:38.542+0000] {processor.py:914} INFO - Processing file /opt/airflow/dags/datahub_ingestion.py for tasks to queue
[2026-06-04T15:05:38.544+0000] {logging_mixin.py:190} INFO - [2026-06-04T15:05:38.544+0000] {dagbag.py:588} INFO - Filling up the DagBag from /opt/airflow/dags/datahub_ingestion.py
[2026-06-04T15:05:38.561+0000] {processor.py:925} INFO - DAG(s) 'datahub_metadata_ingestion' retrieved from /opt/airflow/dags/datahub_ingestion.py
[2026-06-04T15:05:38.585+0000] {logging_mixin.py:190} INFO - [2026-06-04T15:05:38.585+0000] {dag.py:3239} INFO - Sync 1 DAGs
[2026-06-04T15:05:38.613+0000] {logging_mixin.py:190} INFO - [2026-06-04T15:05:38.613+0000] {dag.py:4180} INFO - Setting next_dagrun for datahub_metadata_ingestion to 2026-06-04 15:00:00+00:00, run_after=2026-06-04 15:05:00+00:00
[2026-06-04T15:05:38.635+0000] {processor.py:208} INFO - Processing /opt/airflow/dags/datahub_ingestion.py took 0.103 seconds
[2026-06-04T15:06:08.878+0000] {processor.py:186} INFO - Started process (PID=2976) to work on /opt/airflow/dags/datahub_ingestion.py
[2026-06-04T15:06:08.882+0000] {processor.py:914} INFO - Processing file /opt/airflow/dags/datahub_ingestion.py for tasks to queue
[2026-06-04T15:06:08.884+0000] {logging_mixin.py:190} INFO - [2026-06-04T15:06:08.884+0000] {dagbag.py:588} INFO - Filling up the DagBag from /opt/airflow/dags/datahub_ingestion.py
[2026-06-04T15:06:08.901+0000] {processor.py:925} INFO - DAG(s) 'datahub_metadata_ingestion' retrieved from /opt/airflow/dags/datahub_ingestion.py
[2026-06-04T15:06:08.924+0000] {logging_mixin.py:190} INFO - [2026-06-04T15:06:08.924+0000] {dag.py:3239} INFO - Sync 1 DAGs
[2026-06-04T15:06:08.955+0000] {logging_mixin.py:190} INFO - [2026-06-04T15:06:08.954+0000] {dag.py:4180} INFO - Setting next_dagrun for datahub_metadata_ingestion to 2026-06-04 15:00:00+00:00, run_after=2026-06-04 15:05:00+00:00
[2026-06-04T15:06:08.985+0000] {processor.py:208} INFO - Processing /opt/airflow/dags/datahub_ingestion.py took 0.115 seconds
[2026-06-04T15:06:39.247+0000] {processor.py:186} INFO - Started process (PID=2986) to work on /opt/airflow/dags/datahub_ingestion.py
[2026-06-04T15:06:39.248+0000] {processor.py:914} INFO - Processing file /opt/airflow/dags/datahub_ingestion.py for tasks to queue
[2026-06-04T15:06:39.251+0000] {logging_mixin.py:190} INFO - [2026-06-04T15:06:39.250+0000] {dagbag.py:588} INFO - Filling up the DagBag from /opt/airflow/dags/datahub_ingestion.py
[2026-06-04T15:06:39.267+0000] {processor.py:925} INFO - DAG(s) 'datahub_metadata_ingestion' retrieved from /opt/airflow/dags/datahub_ingestion.py
[2026-06-04T15:06:39.290+0000] {logging_mixin.py:190} INFO - [2026-06-04T15:06:39.289+0000] {dag.py:3239} INFO - Sync 1 DAGs
[2026-06-04T15:06:39.330+0000] {logging_mixin.py:190} INFO - [2026-06-04T15:06:39.329+0000] {dag.py:4180} INFO - Setting next_dagrun for datahub_metadata_ingestion to 2026-06-04 15:00:00+00:00, run_after=2026-06-04 15:05:00+00:00
[2026-06-04T15:06:39.353+0000] {processor.py:208} INFO - Processing /opt/airflow/dags/datahub_ingestion.py took 0.113 seconds
[2026-06-04T15:07:09.588+0000] {processor.py:186} INFO - Started process (PID=2996) to work on /opt/airflow/dags/datahub_ingestion.py
[2026-06-04T15:07:09.593+0000] {processor.py:914} INFO - Processing file /opt/airflow/dags/datahub_ingestion.py for tasks to queue
[2026-06-04T15:07:09.595+0000] {logging_mixin.py:190} INFO - [2026-06-04T15:07:09.595+0000] {dagbag.py:588} INFO - Filling up the DagBag from /opt/airflow/dags/datahub_ingestion.py
[2026-06-04T15:07:09.613+0000] {processor.py:925} INFO - DAG(s) 'datahub_metadata_ingestion' retrieved from /opt/airflow/dags/datahub_ingestion.py
[2026-06-04T15:07:09.638+0000] {logging_mixin.py:190} INFO - [2026-06-04T15:07:09.637+0000] {dag.py:3239} INFO - Sync 1 DAGs
[2026-06-04T15:07:09.669+0000] {logging_mixin.py:190} INFO - [2026-06-04T15:07:09.669+0000] {dag.py:4180} INFO - Setting next_dagrun for datahub_metadata_ingestion to 2026-06-04 15:00:00+00:00, run_after=2026-06-04 15:05:00+00:00
[2026-06-04T15:07:09.695+0000] {processor.py:208} INFO - Processing /opt/airflow/dags/datahub_ingestion.py took 0.114 seconds
[2026-06-04T15:07:39.946+0000] {processor.py:186} INFO - Started process (PID=3006) to work on /opt/airflow/dags/datahub_ingestion.py
[2026-06-04T15:07:39.947+0000] {processor.py:914} INFO - Processing file /opt/airflow/dags/datahub_ingestion.py for tasks to queue
[2026-06-04T15:07:39.950+0000] {logging_mixin.py:190} INFO - [2026-06-04T15:07:39.949+0000] {dagbag.py:588} INFO - Filling up the DagBag from /opt/airflow/dags/datahub_ingestion.py
[2026-06-04T15:07:39.966+0000] {processor.py:925} INFO - DAG(s) 'datahub_metadata_ingestion' retrieved from /opt/airflow/dags/datahub_ingestion.py
[2026-06-04T15:07:39.990+0000] {logging_mixin.py:190} INFO - [2026-06-04T15:07:39.989+0000] {dag.py:3239} INFO - Sync 1 DAGs
[2026-06-04T15:07:40.020+0000] {logging_mixin.py:190} INFO - [2026-06-04T15:07:40.020+0000] {dag.py:4180} INFO - Setting next_dagrun for datahub_metadata_ingestion to 2026-06-04 15:00:00+00:00, run_after=2026-06-04 15:05:00+00:00
[2026-06-04T15:07:40.050+0000] {processor.py:208} INFO - Processing /opt/airflow/dags/datahub_ingestion.py took 0.112 seconds
[2026-06-04T15:08:10.292+0000] {processor.py:186} INFO - Started process (PID=3016) to work on /opt/airflow/dags/datahub_ingestion.py
[2026-06-04T15:08:10.296+0000] {processor.py:914} INFO - Processing file /opt/airflow/dags/datahub_ingestion.py for tasks to queue
[2026-06-04T15:08:10.298+0000] {logging_mixin.py:190} INFO - [2026-06-04T15:08:10.297+0000] {dagbag.py:588} INFO - Filling up the DagBag from /opt/airflow/dags/datahub_ingestion.py
[2026-06-04T15:08:10.318+0000] {processor.py:925} INFO - DAG(s) 'datahub_metadata_ingestion' retrieved from /opt/airflow/dags/datahub_ingestion.py
[2026-06-04T15:08:10.345+0000] {logging_mixin.py:190} INFO - [2026-06-04T15:08:10.345+0000] {dag.py:3239} INFO - Sync 1 DAGs
[2026-06-04T15:08:10.373+0000] {logging_mixin.py:190} INFO - [2026-06-04T15:08:10.373+0000] {dag.py:4180} INFO - Setting next_dagrun for datahub_metadata_ingestion to 2026-06-04 15:00:00+00:00, run_after=2026-06-04 15:05:00+00:00
[2026-06-04T15:08:10.402+0000] {processor.py:208} INFO - Processing /opt/airflow/dags/datahub_ingestion.py took 0.118 seconds
[2026-06-04T15:08:40.647+0000] {processor.py:186} INFO - Started process (PID=3026) to work on /opt/airflow/dags/datahub_ingestion.py
[2026-06-04T15:08:40.648+0000] {processor.py:914} INFO - Processing file /opt/airflow/dags/datahub_ingestion.py for tasks to queue
[2026-06-04T15:08:40.650+0000] {logging_mixin.py:190} INFO - [2026-06-04T15:08:40.650+0000] {dagbag.py:588} INFO - Filling up the DagBag from /opt/airflow/dags/datahub_ingestion.py
[2026-06-04T15:08:40.666+0000] {processor.py:925} INFO - DAG(s) 'datahub_metadata_ingestion' retrieved from /opt/airflow/dags/datahub_ingestion.py
[2026-06-04T15:08:40.689+0000] {logging_mixin.py:190} INFO - [2026-06-04T15:08:40.689+0000] {dag.py:3239} INFO - Sync 1 DAGs
[2026-06-04T15:08:40.721+0000] {logging_mixin.py:190} INFO - [2026-06-04T15:08:40.721+0000] {dag.py:4180} INFO - Setting next_dagrun for datahub_metadata_ingestion to 2026-06-04 15:00:00+00:00, run_after=2026-06-04 15:05:00+00:00
[2026-06-04T15:08:40.747+0000] {processor.py:208} INFO - Processing /opt/airflow/dags/datahub_ingestion.py took 0.107 seconds
[2026-06-04T15:09:10.997+0000] {processor.py:186} INFO - Started process (PID=3036) to work on /opt/airflow/dags/datahub_ingestion.py
[2026-06-04T15:09:10.998+0000] {processor.py:914} INFO - Processing file /opt/airflow/dags/datahub_ingestion.py for tasks to queue
[2026-06-04T15:09:11.001+0000] {logging_mixin.py:190} INFO - [2026-06-04T15:09:11.001+0000] {dagbag.py:588} INFO - Filling up the DagBag from /opt/airflow/dags/datahub_ingestion.py
[2026-06-04T15:09:11.020+0000] {processor.py:925} INFO - DAG(s) 'datahub_metadata_ingestion' retrieved from /opt/airflow/dags/datahub_ingestion.py
[2026-06-04T15:09:11.046+0000] {logging_mixin.py:190} INFO - [2026-06-04T15:09:11.046+0000] {dag.py:3239} INFO - Sync 1 DAGs
[2026-06-04T15:09:11.077+0000] {logging_mixin.py:190} INFO - [2026-06-04T15:09:11.077+0000] {dag.py:4180} INFO - Setting next_dagrun for datahub_metadata_ingestion to 2026-06-04 15:00:00+00:00, run_after=2026-06-04 15:05:00+00:00
[2026-06-04T15:09:11.103+0000] {processor.py:208} INFO - Processing /opt/airflow/dags/datahub_ingestion.py took 0.115 seconds
[2026-06-04T15:09:41.351+0000] {processor.py:186} INFO - Started process (PID=3046) to work on /opt/airflow/dags/datahub_ingestion.py
[2026-06-04T15:09:41.352+0000] {processor.py:914} INFO - Processing file /opt/airflow/dags/datahub_ingestion.py for tasks to queue
[2026-06-04T15:09:41.355+0000] {logging_mixin.py:190} INFO - [2026-06-04T15:09:41.354+0000] {dagbag.py:588} INFO - Filling up the DagBag from /opt/airflow/dags/datahub_ingestion.py
[2026-06-04T15:09:41.372+0000] {processor.py:925} INFO - DAG(s) 'datahub_metadata_ingestion' retrieved from /opt/airflow/dags/datahub_ingestion.py
[2026-06-04T15:09:41.394+0000] {logging_mixin.py:190} INFO - [2026-06-04T15:09:41.394+0000] {dag.py:3239} INFO - Sync 1 DAGs
[2026-06-04T15:09:41.421+0000] {logging_mixin.py:190} INFO - [2026-06-04T15:09:41.421+0000] {dag.py:4180} INFO - Setting next_dagrun for datahub_metadata_ingestion to 2026-06-04 15:00:00+00:00, run_after=2026-06-04 15:05:00+00:00
[2026-06-04T15:09:41.446+0000] {processor.py:208} INFO - Processing /opt/airflow/dags/datahub_ingestion.py took 0.102 seconds
[2026-06-04T15:10:11.673+0000] {processor.py:186} INFO - Started process (PID=3061) to work on /opt/airflow/dags/datahub_ingestion.py
[2026-06-04T15:10:11.674+0000] {processor.py:914} INFO - Processing file /opt/airflow/dags/datahub_ingestion.py for tasks to queue
[2026-06-04T15:10:11.676+0000] {logging_mixin.py:190} INFO - [2026-06-04T15:10:11.676+0000] {dagbag.py:588} INFO - Filling up the DagBag from /opt/airflow/dags/datahub_ingestion.py
[2026-06-04T15:10:11.692+0000] {processor.py:925} INFO - DAG(s) 'datahub_metadata_ingestion' retrieved from /opt/airflow/dags/datahub_ingestion.py
[2026-06-04T15:10:11.715+0000] {logging_mixin.py:190} INFO - [2026-06-04T15:10:11.715+0000] {dag.py:3239} INFO - Sync 1 DAGs
[2026-06-04T15:10:11.748+0000] {logging_mixin.py:190} INFO - [2026-06-04T15:10:11.748+0000] {dag.py:4180} INFO - Setting next_dagrun for datahub_metadata_ingestion to 2026-06-04 15:05:00+00:00, run_after=2026-06-04 15:10:00+00:00
[2026-06-04T15:10:11.775+0000] {processor.py:208} INFO - Processing /opt/airflow/dags/datahub_ingestion.py took 0.109 seconds
[2026-06-04T15:10:42.026+0000] {processor.py:186} INFO - Started process (PID=3071) to work on /opt/airflow/dags/datahub_ingestion.py
[2026-06-04T15:10:42.027+0000] {processor.py:914} INFO - Processing file /opt/airflow/dags/datahub_ingestion.py for tasks to queue
[2026-06-04T15:10:42.029+0000] {logging_mixin.py:190} INFO - [2026-06-04T15:10:42.029+0000] {dagbag.py:588} INFO - Filling up the DagBag from /opt/airflow/dags/datahub_ingestion.py
[2026-06-04T15:10:42.045+0000] {processor.py:925} INFO - DAG(s) 'datahub_metadata_ingestion' retrieved from /opt/airflow/dags/datahub_ingestion.py
[2026-06-04T15:10:42.069+0000] {logging_mixin.py:190} INFO - [2026-06-04T15:10:42.069+0000] {dag.py:3239} INFO - Sync 1 DAGs
[2026-06-04T15:10:42.104+0000] {logging_mixin.py:190} INFO - [2026-06-04T15:10:42.103+0000] {dag.py:4180} INFO - Setting next_dagrun for datahub_metadata_ingestion to 2026-06-04 15:05:00+00:00, run_after=2026-06-04 15:10:00+00:00
[2026-06-04T15:10:42.126+0000] {processor.py:208} INFO - Processing /opt/airflow/dags/datahub_ingestion.py took 0.107 seconds
[2026-06-04T15:11:12.380+0000] {processor.py:186} INFO - Started process (PID=3081) to work on /opt/airflow/dags/datahub_ingestion.py
[2026-06-04T15:11:12.381+0000] {processor.py:914} INFO - Processing file /opt/airflow/dags/datahub_ingestion.py for tasks to queue
[2026-06-04T15:11:12.384+0000] {logging_mixin.py:190} INFO - [2026-06-04T15:11:12.383+0000] {dagbag.py:588} INFO - Filling up the DagBag from /opt/airflow/dags/datahub_ingestion.py
[2026-06-04T15:11:12.399+0000] {processor.py:925} INFO - DAG(s) 'datahub_metadata_ingestion' retrieved from /opt/airflow/dags/datahub_ingestion.py
[2026-06-04T15:11:12.424+0000] {logging_mixin.py:190} INFO - [2026-06-04T15:11:12.423+0000] {dag.py:3239} INFO - Sync 1 DAGs
[2026-06-04T15:11:12.457+0000] {logging_mixin.py:190} INFO - [2026-06-04T15:11:12.457+0000] {dag.py:4180} INFO - Setting next_dagrun for datahub_metadata_ingestion to 2026-06-04 15:05:00+00:00, run_after=2026-06-04 15:10:00+00:00
[2026-06-04T15:11:12.489+0000] {processor.py:208} INFO - Processing /opt/airflow/dags/datahub_ingestion.py took 0.117 seconds
[2026-06-04T15:12:57.342+0000] {processor.py:186} INFO - Started process (PID=158) to work on /opt/airflow/dags/datahub_ingestion.py
[2026-06-04T15:12:57.350+0000] {processor.py:914} INFO - Processing file /opt/airflow/dags/datahub_ingestion.py for tasks to queue
[2026-06-04T15:12:57.352+0000] {logging_mixin.py:190} INFO - [2026-06-04T15:12:57.352+0000] {dagbag.py:588} INFO - Filling up the DagBag from /opt/airflow/dags/datahub_ingestion.py
[2026-06-04T15:12:57.367+0000] {processor.py:925} INFO - DAG(s) 'datahub_metadata_ingestion' retrieved from /opt/airflow/dags/datahub_ingestion.py
[2026-06-04T15:12:57.392+0000] {logging_mixin.py:190} INFO - [2026-06-04T15:12:57.392+0000] {dag.py:3239} INFO - Sync 1 DAGs
[2026-06-04T15:12:57.419+0000] {logging_mixin.py:190} INFO - [2026-06-04T15:12:57.418+0000] {dag.py:4180} INFO - Setting next_dagrun for datahub_metadata_ingestion to 2026-06-04 15:05:00+00:00, run_after=2026-06-04 15:10:00+00:00
[2026-06-04T15:12:57.435+0000] {processor.py:208} INFO - Processing /opt/airflow/dags/datahub_ingestion.py took 0.099 seconds
[2026-06-04T15:13:27.677+0000] {processor.py:186} INFO - Started process (PID=173) to work on /opt/airflow/dags/datahub_ingestion.py
[2026-06-04T15:13:27.679+0000] {processor.py:914} INFO - Processing file /opt/airflow/dags/datahub_ingestion.py for tasks to queue
[2026-06-04T15:13:27.680+0000] {logging_mixin.py:190} INFO - [2026-06-04T15:13:27.680+0000] {dagbag.py:588} INFO - Filling up the DagBag from /opt/airflow/dags/datahub_ingestion.py
[2026-06-04T15:13:27.695+0000] {processor.py:925} INFO - DAG(s) 'datahub_metadata_ingestion' retrieved from /opt/airflow/dags/datahub_ingestion.py
[2026-06-04T15:13:27.715+0000] {logging_mixin.py:190} INFO - [2026-06-04T15:13:27.715+0000] {dag.py:3239} INFO - Sync 1 DAGs
[2026-06-04T15:13:27.742+0000] {logging_mixin.py:190} INFO - [2026-06-04T15:13:27.742+0000] {dag.py:4180} INFO - Setting next_dagrun for datahub_metadata_ingestion to 2026-06-04 15:05:00+00:00, run_after=2026-06-04 15:10:00+00:00
[2026-06-04T15:13:27.761+0000] {processor.py:208} INFO - Processing /opt/airflow/dags/datahub_ingestion.py took 0.091 seconds
[2026-06-04T15:13:57.948+0000] {processor.py:186} INFO - Started process (PID=439) to work on /opt/airflow/dags/datahub_ingestion.py
[2026-06-04T15:13:57.953+0000] {processor.py:914} INFO - Processing file /opt/airflow/dags/datahub_ingestion.py for tasks to queue
[2026-06-04T15:13:57.955+0000] {logging_mixin.py:190} INFO - [2026-06-04T15:13:57.955+0000] {dagbag.py:588} INFO - Filling up the DagBag from /opt/airflow/dags/datahub_ingestion.py
[2026-06-04T15:13:57.969+0000] {processor.py:925} INFO - DAG(s) 'datahub_metadata_ingestion' retrieved from /opt/airflow/dags/datahub_ingestion.py
[2026-06-04T15:13:57.992+0000] {logging_mixin.py:190} INFO - [2026-06-04T15:13:57.992+0000] {dag.py:3239} INFO - Sync 1 DAGs
[2026-06-04T15:13:58.020+0000] {logging_mixin.py:190} INFO - [2026-06-04T15:13:58.020+0000] {dag.py:4180} INFO - Setting next_dagrun for datahub_metadata_ingestion to 2026-06-04 15:05:00+00:00, run_after=2026-06-04 15:10:00+00:00
[2026-06-04T15:13:58.041+0000] {processor.py:208} INFO - Processing /opt/airflow/dags/datahub_ingestion.py took 0.098 seconds
[2026-06-04T15:14:28.215+0000] {processor.py:186} INFO - Started process (PID=670) to work on /opt/airflow/dags/datahub_ingestion.py
[2026-06-04T15:14:28.216+0000] {processor.py:914} INFO - Processing file /opt/airflow/dags/datahub_ingestion.py for tasks to queue
[2026-06-04T15:14:28.218+0000] {logging_mixin.py:190} INFO - [2026-06-04T15:14:28.218+0000] {dagbag.py:588} INFO - Filling up the DagBag from /opt/airflow/dags/datahub_ingestion.py
[2026-06-04T15:14:28.233+0000] {processor.py:925} INFO - DAG(s) 'datahub_metadata_ingestion' retrieved from /opt/airflow/dags/datahub_ingestion.py
[2026-06-04T15:14:28.256+0000] {logging_mixin.py:190} INFO - [2026-06-04T15:14:28.255+0000] {dag.py:3239} INFO - Sync 1 DAGs
[2026-06-04T15:14:28.285+0000] {logging_mixin.py:190} INFO - [2026-06-04T15:14:28.285+0000] {dag.py:4180} INFO - Setting next_dagrun for datahub_metadata_ingestion to 2026-06-04 15:05:00+00:00, run_after=2026-06-04 15:10:00+00:00
[2026-06-04T15:14:28.308+0000] {processor.py:208} INFO - Processing /opt/airflow/dags/datahub_ingestion.py took 0.098 seconds
[2026-06-04T15:14:58.471+0000] {processor.py:186} INFO - Started process (PID=941) to work on /opt/airflow/dags/datahub_ingestion.py
[2026-06-04T15:14:58.475+0000] {processor.py:914} INFO - Processing file /opt/airflow/dags/datahub_ingestion.py for tasks to queue
[2026-06-04T15:14:58.477+0000] {logging_mixin.py:190} INFO - [2026-06-04T15:14:58.476+0000] {dagbag.py:588} INFO - Filling up the DagBag from /opt/airflow/dags/datahub_ingestion.py
[2026-06-04T15:14:58.493+0000] {processor.py:925} INFO - DAG(s) 'datahub_metadata_ingestion' retrieved from /opt/airflow/dags/datahub_ingestion.py
[2026-06-04T15:14:58.516+0000] {logging_mixin.py:190} INFO - [2026-06-04T15:14:58.516+0000] {dag.py:3239} INFO - Sync 1 DAGs
[2026-06-04T15:14:58.543+0000] {logging_mixin.py:190} INFO - [2026-06-04T15:14:58.543+0000] {dag.py:4180} INFO - Setting next_dagrun for datahub_metadata_ingestion to 2026-06-04 15:05:00+00:00, run_after=2026-06-04 15:10:00+00:00
[2026-06-04T15:14:58.576+0000] {processor.py:208} INFO - Processing /opt/airflow/dags/datahub_ingestion.py took 0.112 seconds
[2026-06-04T15:15:28.741+0000] {processor.py:186} INFO - Started process (PID=997) to work on /opt/airflow/dags/datahub_ingestion.py
[2026-06-04T15:15:28.743+0000] {processor.py:914} INFO - Processing file /opt/airflow/dags/datahub_ingestion.py for tasks to queue
[2026-06-04T15:15:28.744+0000] {logging_mixin.py:190} INFO - [2026-06-04T15:15:28.744+0000] {dagbag.py:588} INFO - Filling up the DagBag from /opt/airflow/dags/datahub_ingestion.py
[2026-06-04T15:15:28.756+0000] {processor.py:925} INFO - DAG(s) 'datahub_metadata_ingestion' retrieved from /opt/airflow/dags/datahub_ingestion.py
[2026-06-04T15:15:28.775+0000] {logging_mixin.py:190} INFO - [2026-06-04T15:15:28.775+0000] {dag.py:3239} INFO - Sync 1 DAGs
[2026-06-04T15:15:28.795+0000] {logging_mixin.py:190} INFO - [2026-06-04T15:15:28.795+0000] {dag.py:4180} INFO - Setting next_dagrun for datahub_metadata_ingestion to 2026-06-04 15:10:00+00:00, run_after=2026-06-04 15:15:00+00:00
[2026-06-04T15:15:28.821+0000] {processor.py:208} INFO - Processing /opt/airflow/dags/datahub_ingestion.py took 0.084 seconds
[2026-06-04T15:15:58.989+0000] {processor.py:186} INFO - Started process (PID=1090) to work on /opt/airflow/dags/datahub_ingestion.py
[2026-06-04T15:15:58.994+0000] {processor.py:914} INFO - Processing file /opt/airflow/dags/datahub_ingestion.py for tasks to queue
[2026-06-04T15:15:58.996+0000] {logging_mixin.py:190} INFO - [2026-06-04T15:15:58.995+0000] {dagbag.py:588} INFO - Filling up the DagBag from /opt/airflow/dags/datahub_ingestion.py
[2026-06-04T15:15:59.008+0000] {processor.py:925} INFO - DAG(s) 'datahub_metadata_ingestion' retrieved from /opt/airflow/dags/datahub_ingestion.py
[2026-06-04T15:15:59.026+0000] {logging_mixin.py:190} INFO - [2026-06-04T15:15:59.026+0000] {dag.py:3239} INFO - Sync 1 DAGs
[2026-06-04T15:15:59.046+0000] {logging_mixin.py:190} INFO - [2026-06-04T15:15:59.046+0000] {dag.py:4180} INFO - Setting next_dagrun for datahub_metadata_ingestion to 2026-06-04 15:10:00+00:00, run_after=2026-06-04 15:15:00+00:00
[2026-06-04T15:15:59.065+0000] {processor.py:208} INFO - Processing /opt/airflow/dags/datahub_ingestion.py took 0.080 seconds
[2026-06-04T15:16:29.212+0000] {processor.py:186} INFO - Started process (PID=1115) to work on /opt/airflow/dags/datahub_ingestion.py
[2026-06-04T15:16:29.256+0000] {processor.py:914} INFO - Processing file /opt/airflow/dags/datahub_ingestion.py for tasks to queue
[2026-06-04T15:16:29.258+0000] {logging_mixin.py:190} INFO - [2026-06-04T15:16:29.258+0000] {dagbag.py:588} INFO - Filling up the DagBag from /opt/airflow/dags/datahub_ingestion.py
[2026-06-04T15:16:29.273+0000] {processor.py:925} INFO - DAG(s) 'datahub_metadata_ingestion' retrieved from /opt/airflow/dags/datahub_ingestion.py
[2026-06-04T15:16:29.292+0000] {logging_mixin.py:190} INFO - [2026-06-04T15:16:29.292+0000] {dag.py:3239} INFO - Sync 1 DAGs
[2026-06-04T15:16:29.320+0000] {logging_mixin.py:190} INFO - [2026-06-04T15:16:29.320+0000] {dag.py:4180} INFO - Setting next_dagrun for datahub_metadata_ingestion to 2026-06-04 15:10:00+00:00, run_after=2026-06-04 15:15:00+00:00
[2026-06-04T15:16:29.340+0000] {processor.py:208} INFO - Processing /opt/airflow/dags/datahub_ingestion.py took 0.132 seconds
[2026-06-04T15:16:59.527+0000] {processor.py:186} INFO - Started process (PID=1462) to work on /opt/airflow/dags/datahub_ingestion.py
[2026-06-04T15:16:59.544+0000] {processor.py:914} INFO - Processing file /opt/airflow/dags/datahub_ingestion.py for tasks to queue
[2026-06-04T15:16:59.546+0000] {logging_mixin.py:190} INFO - [2026-06-04T15:16:59.546+0000] {dagbag.py:588} INFO - Filling up the DagBag from /opt/airflow/dags/datahub_ingestion.py
[2026-06-04T15:16:59.569+0000] {processor.py:925} INFO - DAG(s) 'datahub_metadata_ingestion' retrieved from /opt/airflow/dags/datahub_ingestion.py
[2026-06-04T15:16:59.611+0000] {logging_mixin.py:190} INFO - [2026-06-04T15:16:59.611+0000] {dag.py:3239} INFO - Sync 1 DAGs
[2026-06-04T15:16:59.640+0000] {logging_mixin.py:190} INFO - [2026-06-04T15:16:59.639+0000] {dag.py:4180} INFO - Setting next_dagrun for datahub_metadata_ingestion to 2026-06-04 15:10:00+00:00, run_after=2026-06-04 15:15:00+00:00
[2026-06-04T15:16:59.683+0000] {processor.py:208} INFO - Processing /opt/airflow/dags/datahub_ingestion.py took 0.164 seconds
[2026-06-04T15:17:29.907+0000] {processor.py:186} INFO - Started process (PID=1715) to work on /opt/airflow/dags/datahub_ingestion.py
[2026-06-04T15:17:29.908+0000] {processor.py:914} INFO - Processing file /opt/airflow/dags/datahub_ingestion.py for tasks to queue
[2026-06-04T15:17:29.910+0000] {logging_mixin.py:190} INFO - [2026-06-04T15:17:29.910+0000] {dagbag.py:588} INFO - Filling up the DagBag from /opt/airflow/dags/datahub_ingestion.py
[2026-06-04T15:17:29.942+0000] {processor.py:925} INFO - DAG(s) 'datahub_metadata_ingestion' retrieved from /opt/airflow/dags/datahub_ingestion.py
[2026-06-04T15:17:29.990+0000] {logging_mixin.py:190} INFO - [2026-06-04T15:17:29.990+0000] {dag.py:3239} INFO - Sync 1 DAGs
[2026-06-04T15:17:30.063+0000] {logging_mixin.py:190} INFO - [2026-06-04T15:17:30.063+0000] {dag.py:4180} INFO - Setting next_dagrun for datahub_metadata_ingestion to 2026-06-04 15:10:00+00:00, run_after=2026-06-04 15:15:00+00:00
[2026-06-04T15:17:30.099+0000] {processor.py:208} INFO - Processing /opt/airflow/dags/datahub_ingestion.py took 0.198 seconds
[2026-06-04T15:18:00.278+0000] {processor.py:186} INFO - Started process (PID=1742) to work on /opt/airflow/dags/datahub_ingestion.py
[2026-06-04T15:18:00.279+0000] {processor.py:914} INFO - Processing file /opt/airflow/dags/datahub_ingestion.py for tasks to queue
[2026-06-04T15:18:00.281+0000] {logging_mixin.py:190} INFO - [2026-06-04T15:18:00.280+0000] {dagbag.py:588} INFO - Filling up the DagBag from /opt/airflow/dags/datahub_ingestion.py
[2026-06-04T15:18:00.293+0000] {processor.py:925} INFO - DAG(s) 'datahub_metadata_ingestion' retrieved from /opt/airflow/dags/datahub_ingestion.py
[2026-06-04T15:18:00.312+0000] {logging_mixin.py:190} INFO - [2026-06-04T15:18:00.311+0000] {dag.py:3239} INFO - Sync 1 DAGs
[2026-06-04T15:18:00.336+0000] {logging_mixin.py:190} INFO - [2026-06-04T15:18:00.335+0000] {dag.py:4180} INFO - Setting next_dagrun for datahub_metadata_ingestion to 2026-06-04 15:10:00+00:00, run_after=2026-06-04 15:15:00+00:00
[2026-06-04T15:18:00.360+0000] {processor.py:208} INFO - Processing /opt/airflow/dags/datahub_ingestion.py took 0.087 seconds
[2026-06-04T15:18:30.510+0000] {processor.py:186} INFO - Started process (PID=1785) to work on /opt/airflow/dags/datahub_ingestion.py
[2026-06-04T15:18:30.517+0000] {processor.py:914} INFO - Processing file /opt/airflow/dags/datahub_ingestion.py for tasks to queue
[2026-06-04T15:18:30.520+0000] {logging_mixin.py:190} INFO - [2026-06-04T15:18:30.519+0000] {dagbag.py:588} INFO - Filling up the DagBag from /opt/airflow/dags/datahub_ingestion.py
[2026-06-04T15:18:30.537+0000] {processor.py:925} INFO - DAG(s) 'datahub_metadata_ingestion' retrieved from /opt/airflow/dags/datahub_ingestion.py
[2026-06-04T15:18:30.562+0000] {logging_mixin.py:190} INFO - [2026-06-04T15:18:30.561+0000] {dag.py:3239} INFO - Sync 1 DAGs
[2026-06-04T15:18:30.592+0000] {logging_mixin.py:190} INFO - [2026-06-04T15:18:30.592+0000] {dag.py:4180} INFO - Setting next_dagrun for datahub_metadata_ingestion to 2026-06-04 15:10:00+00:00, run_after=2026-06-04 15:15:00+00:00
[2026-06-04T15:18:30.619+0000] {processor.py:208} INFO - Processing /opt/airflow/dags/datahub_ingestion.py took 0.115 seconds
[2026-06-04T15:19:00.791+0000] {processor.py:186} INFO - Started process (PID=2208) to work on /opt/airflow/dags/datahub_ingestion.py
[2026-06-04T15:19:00.792+0000] {processor.py:914} INFO - Processing file /opt/airflow/dags/datahub_ingestion.py for tasks to queue
[2026-06-04T15:19:00.794+0000] {logging_mixin.py:190} INFO - [2026-06-04T15:19:00.794+0000] {dagbag.py:588} INFO - Filling up the DagBag from /opt/airflow/dags/datahub_ingestion.py
[2026-06-04T15:19:00.806+0000] {processor.py:925} INFO - DAG(s) 'datahub_metadata_ingestion' retrieved from /opt/airflow/dags/datahub_ingestion.py
[2026-06-04T15:19:00.828+0000] {logging_mixin.py:190} INFO - [2026-06-04T15:19:00.828+0000] {dag.py:3239} INFO - Sync 1 DAGs
[2026-06-04T15:19:00.859+0000] {logging_mixin.py:190} INFO - [2026-06-04T15:19:00.858+0000] {dag.py:4180} INFO - Setting next_dagrun for datahub_metadata_ingestion to 2026-06-04 15:10:00+00:00, run_after=2026-06-04 15:15:00+00:00
[2026-06-04T15:19:00.886+0000] {processor.py:208} INFO - Processing /opt/airflow/dags/datahub_ingestion.py took 0.107 seconds
[2026-06-04T15:19:31.113+0000] {processor.py:186} INFO - Started process (PID=2565) to work on /opt/airflow/dags/datahub_ingestion.py
[2026-06-04T15:19:31.117+0000] {processor.py:914} INFO - Processing file /opt/airflow/dags/datahub_ingestion.py for tasks to queue
[2026-06-04T15:19:31.119+0000] {logging_mixin.py:190} INFO - [2026-06-04T15:19:31.119+0000] {dagbag.py:588} INFO - Filling up the DagBag from /opt/airflow/dags/datahub_ingestion.py
[2026-06-04T15:19:31.157+0000] {processor.py:925} INFO - DAG(s) 'datahub_metadata_ingestion' retrieved from /opt/airflow/dags/datahub_ingestion.py
[2026-06-04T15:19:31.189+0000] {logging_mixin.py:190} INFO - [2026-06-04T15:19:31.189+0000] {dag.py:3239} INFO - Sync 1 DAGs
[2026-06-04T15:19:31.250+0000] {logging_mixin.py:190} INFO - [2026-06-04T15:19:31.250+0000] {dag.py:4180} INFO - Setting next_dagrun for datahub_metadata_ingestion to 2026-06-04 15:10:00+00:00, run_after=2026-06-04 15:15:00+00:00
[2026-06-04T15:19:31.297+0000] {processor.py:208} INFO - Processing /opt/airflow/dags/datahub_ingestion.py took 0.190 seconds
[2026-06-04T15:20:01.900+0000] {processor.py:186} INFO - Started process (PID=2663) to work on /opt/airflow/dags/datahub_ingestion.py
[2026-06-04T15:20:01.904+0000] {processor.py:914} INFO - Processing file /opt/airflow/dags/datahub_ingestion.py for tasks to queue
[2026-06-04T15:20:01.906+0000] {logging_mixin.py:190} INFO - [2026-06-04T15:20:01.906+0000] {dagbag.py:588} INFO - Filling up the DagBag from /opt/airflow/dags/datahub_ingestion.py
[2026-06-04T15:20:01.923+0000] {processor.py:925} INFO - DAG(s) 'datahub_metadata_ingestion' retrieved from /opt/airflow/dags/datahub_ingestion.py
[2026-06-04T15:20:01.946+0000] {logging_mixin.py:190} INFO - [2026-06-04T15:20:01.945+0000] {dag.py:3239} INFO - Sync 1 DAGs
[2026-06-04T15:20:01.974+0000] {logging_mixin.py:190} INFO - [2026-06-04T15:20:01.974+0000] {dag.py:4180} INFO - Setting next_dagrun for datahub_metadata_ingestion to 2026-06-04 15:15:00+00:00, run_after=2026-06-04 15:20:00+00:00
[2026-06-04T15:20:01.998+0000] {processor.py:208} INFO - Processing /opt/airflow/dags/datahub_ingestion.py took 0.107 seconds
[2026-06-04T15:20:32.219+0000] {processor.py:186} INFO - Started process (PID=2673) to work on /opt/airflow/dags/datahub_ingestion.py
[2026-06-04T15:20:32.220+0000] {processor.py:914} INFO - Processing file /opt/airflow/dags/datahub_ingestion.py for tasks to queue
[2026-06-04T15:20:32.223+0000] {logging_mixin.py:190} INFO - [2026-06-04T15:20:32.222+0000] {dagbag.py:588} INFO - Filling up the DagBag from /opt/airflow/dags/datahub_ingestion.py
[2026-06-04T15:20:32.240+0000] {processor.py:925} INFO - DAG(s) 'datahub_metadata_ingestion' retrieved from /opt/airflow/dags/datahub_ingestion.py
[2026-06-04T15:20:32.263+0000] {logging_mixin.py:190} INFO - [2026-06-04T15:20:32.262+0000] {dag.py:3239} INFO - Sync 1 DAGs
[2026-06-04T15:20:32.291+0000] {logging_mixin.py:190} INFO - [2026-06-04T15:20:32.290+0000] {dag.py:4180} INFO - Setting next_dagrun for datahub_metadata_ingestion to 2026-06-04 15:15:00+00:00, run_after=2026-06-04 15:20:00+00:00
[2026-06-04T15:20:32.320+0000] {processor.py:208} INFO - Processing /opt/airflow/dags/datahub_ingestion.py took 0.108 seconds
[2026-06-04T15:21:02.527+0000] {processor.py:186} INFO - Started process (PID=2683) to work on /opt/airflow/dags/datahub_ingestion.py
[2026-06-04T15:21:02.528+0000] {processor.py:914} INFO - Processing file /opt/airflow/dags/datahub_ingestion.py for tasks to queue
[2026-06-04T15:21:02.530+0000] {logging_mixin.py:190} INFO - [2026-06-04T15:21:02.530+0000] {dagbag.py:588} INFO - Filling up the DagBag from /opt/airflow/dags/datahub_ingestion.py
[2026-06-04T15:21:02.545+0000] {processor.py:925} INFO - DAG(s) 'datahub_metadata_ingestion' retrieved from /opt/airflow/dags/datahub_ingestion.py
[2026-06-04T15:21:02.568+0000] {logging_mixin.py:190} INFO - [2026-06-04T15:21:02.568+0000] {dag.py:3239} INFO - Sync 1 DAGs
[2026-06-04T15:21:02.744+0000] {logging_mixin.py:190} INFO - [2026-06-04T15:21:02.744+0000] {dag.py:4180} INFO - Setting next_dagrun for datahub_metadata_ingestion to 2026-06-04 15:15:00+00:00, run_after=2026-06-04 15:20:00+00:00
[2026-06-04T15:21:02.771+0000] {processor.py:208} INFO - Processing /opt/airflow/dags/datahub_ingestion.py took 0.251 seconds
[2026-06-04T15:21:33.013+0000] {processor.py:186} INFO - Started process (PID=2693) to work on /opt/airflow/dags/datahub_ingestion.py
[2026-06-04T15:21:33.015+0000] {processor.py:914} INFO - Processing file /opt/airflow/dags/datahub_ingestion.py for tasks to queue
[2026-06-04T15:21:33.018+0000] {logging_mixin.py:190} INFO - [2026-06-04T15:21:33.017+0000] {dagbag.py:588} INFO - Filling up the DagBag from /opt/airflow/dags/datahub_ingestion.py
[2026-06-04T15:21:33.038+0000] {processor.py:925} INFO - DAG(s) 'datahub_metadata_ingestion' retrieved from /opt/airflow/dags/datahub_ingestion.py
[2026-06-04T15:21:33.065+0000] {logging_mixin.py:190} INFO - [2026-06-04T15:21:33.065+0000] {dag.py:3239} INFO - Sync 1 DAGs
[2026-06-04T15:21:33.097+0000] {logging_mixin.py:190} INFO - [2026-06-04T15:21:33.097+0000] {dag.py:4180} INFO - Setting next_dagrun for datahub_metadata_ingestion to 2026-06-04 15:15:00+00:00, run_after=2026-06-04 15:20:00+00:00
[2026-06-04T15:21:33.131+0000] {processor.py:208} INFO - Processing /opt/airflow/dags/datahub_ingestion.py took 0.126 seconds
[2026-06-04T15:22:03.381+0000] {processor.py:186} INFO - Started process (PID=2703) to work on /opt/airflow/dags/datahub_ingestion.py
[2026-06-04T15:22:03.383+0000] {processor.py:914} INFO - Processing file /opt/airflow/dags/datahub_ingestion.py for tasks to queue
[2026-06-04T15:22:03.385+0000] {logging_mixin.py:190} INFO - [2026-06-04T15:22:03.385+0000] {dagbag.py:588} INFO - Filling up the DagBag from /opt/airflow/dags/datahub_ingestion.py
[2026-06-04T15:22:03.402+0000] {processor.py:925} INFO - DAG(s) 'datahub_metadata_ingestion' retrieved from /opt/airflow/dags/datahub_ingestion.py
[2026-06-04T15:22:03.427+0000] {logging_mixin.py:190} INFO - [2026-06-04T15:22:03.427+0000] {dag.py:3239} INFO - Sync 1 DAGs
[2026-06-04T15:22:03.458+0000] {logging_mixin.py:190} INFO - [2026-06-04T15:22:03.458+0000] {dag.py:4180} INFO - Setting next_dagrun for datahub_metadata_ingestion to 2026-06-04 15:15:00+00:00, run_after=2026-06-04 15:20:00+00:00
[2026-06-04T15:22:03.483+0000] {processor.py:208} INFO - Processing /opt/airflow/dags/datahub_ingestion.py took 0.108 seconds
[2026-06-04T15:22:33.763+0000] {processor.py:186} INFO - Started process (PID=2713) to work on /opt/airflow/dags/datahub_ingestion.py
[2026-06-04T15:22:33.765+0000] {processor.py:914} INFO - Processing file /opt/airflow/dags/datahub_ingestion.py for tasks to queue
[2026-06-04T15:22:33.767+0000] {logging_mixin.py:190} INFO - [2026-06-04T15:22:33.767+0000] {dagbag.py:588} INFO - Filling up the DagBag from /opt/airflow/dags/datahub_ingestion.py
[2026-06-04T15:22:33.786+0000] {processor.py:925} INFO - DAG(s) 'datahub_metadata_ingestion' retrieved from /opt/airflow/dags/datahub_ingestion.py
[2026-06-04T15:22:33.813+0000] {logging_mixin.py:190} INFO - [2026-06-04T15:22:33.813+0000] {dag.py:3239} INFO - Sync 1 DAGs
[2026-06-04T15:22:34.062+0000] {logging_mixin.py:190} INFO - [2026-06-04T15:22:34.062+0000] {dag.py:4180} INFO - Setting next_dagrun for datahub_metadata_ingestion to 2026-06-04 15:15:00+00:00, run_after=2026-06-04 15:20:00+00:00
[2026-06-04T15:22:34.081+0000] {processor.py:208} INFO - Processing /opt/airflow/dags/datahub_ingestion.py took 0.326 seconds
[2026-06-04T15:23:04.338+0000] {processor.py:186} INFO - Started process (PID=2723) to work on /opt/airflow/dags/datahub_ingestion.py
[2026-06-04T15:23:04.340+0000] {processor.py:914} INFO - Processing file /opt/airflow/dags/datahub_ingestion.py for tasks to queue
[2026-06-04T15:23:04.342+0000] {logging_mixin.py:190} INFO - [2026-06-04T15:23:04.342+0000] {dagbag.py:588} INFO - Filling up the DagBag from /opt/airflow/dags/datahub_ingestion.py
[2026-06-04T15:23:04.359+0000] {processor.py:925} INFO - DAG(s) 'datahub_metadata_ingestion' retrieved from /opt/airflow/dags/datahub_ingestion.py
[2026-06-04T15:23:04.384+0000] {logging_mixin.py:190} INFO - [2026-06-04T15:23:04.383+0000] {dag.py:3239} INFO - Sync 1 DAGs
[2026-06-04T15:23:04.415+0000] {logging_mixin.py:190} INFO - [2026-06-04T15:23:04.415+0000] {dag.py:4180} INFO - Setting next_dagrun for datahub_metadata_ingestion to 2026-06-04 15:15:00+00:00, run_after=2026-06-04 15:20:00+00:00
[2026-06-04T15:23:04.440+0000] {processor.py:208} INFO - Processing /opt/airflow/dags/datahub_ingestion.py took 0.109 seconds
[2026-06-04T15:23:34.695+0000] {processor.py:186} INFO - Started process (PID=2733) to work on /opt/airflow/dags/datahub_ingestion.py
[2026-06-04T15:23:34.696+0000] {processor.py:914} INFO - Processing file /opt/airflow/dags/datahub_ingestion.py for tasks to queue
[2026-06-04T15:23:34.699+0000] {logging_mixin.py:190} INFO - [2026-06-04T15:23:34.698+0000] {dagbag.py:588} INFO - Filling up the DagBag from /opt/airflow/dags/datahub_ingestion.py
[2026-06-04T15:23:34.716+0000] {processor.py:925} INFO - DAG(s) 'datahub_metadata_ingestion' retrieved from /opt/airflow/dags/datahub_ingestion.py
[2026-06-04T15:23:34.740+0000] {logging_mixin.py:190} INFO - [2026-06-04T15:23:34.739+0000] {dag.py:3239} INFO - Sync 1 DAGs
[2026-06-04T15:23:34.766+0000] {logging_mixin.py:190} INFO - [2026-06-04T15:23:34.765+0000] {dag.py:4180} INFO - Setting next_dagrun for datahub_metadata_ingestion to 2026-06-04 15:15:00+00:00, run_after=2026-06-04 15:20:00+00:00
[2026-06-04T15:23:34.785+0000] {processor.py:208} INFO - Processing /opt/airflow/dags/datahub_ingestion.py took 0.096 seconds
[2026-06-04T15:24:05.036+0000] {processor.py:186} INFO - Started process (PID=2743) to work on /opt/airflow/dags/datahub_ingestion.py
[2026-06-04T15:24:05.038+0000] {processor.py:914} INFO - Processing file /opt/airflow/dags/datahub_ingestion.py for tasks to queue
[2026-06-04T15:24:05.040+0000] {logging_mixin.py:190} INFO - [2026-06-04T15:24:05.040+0000] {dagbag.py:588} INFO - Filling up the DagBag from /opt/airflow/dags/datahub_ingestion.py
[2026-06-04T15:24:05.054+0000] {processor.py:925} INFO - DAG(s) 'datahub_metadata_ingestion' retrieved from /opt/airflow/dags/datahub_ingestion.py
[2026-06-04T15:24:05.076+0000] {logging_mixin.py:190} INFO - [2026-06-04T15:24:05.076+0000] {dag.py:3239} INFO - Sync 1 DAGs
[2026-06-04T15:24:05.256+0000] {logging_mixin.py:190} INFO - [2026-06-04T15:24:05.256+0000] {dag.py:4180} INFO - Setting next_dagrun for datahub_metadata_ingestion to 2026-06-04 15:15:00+00:00, run_after=2026-06-04 15:20:00+00:00
[2026-06-04T15:24:05.273+0000] {processor.py:208} INFO - Processing /opt/airflow/dags/datahub_ingestion.py took 0.242 seconds
[2026-06-04T15:24:35.530+0000] {processor.py:186} INFO - Started process (PID=2753) to work on /opt/airflow/dags/datahub_ingestion.py
[2026-06-04T15:24:35.535+0000] {processor.py:914} INFO - Processing file /opt/airflow/dags/datahub_ingestion.py for tasks to queue
[2026-06-04T15:24:35.537+0000] {logging_mixin.py:190} INFO - [2026-06-04T15:24:35.537+0000] {dagbag.py:588} INFO - Filling up the DagBag from /opt/airflow/dags/datahub_ingestion.py
[2026-06-04T15:24:35.554+0000] {processor.py:925} INFO - DAG(s) 'datahub_metadata_ingestion' retrieved from /opt/airflow/dags/datahub_ingestion.py
[2026-06-04T15:24:35.577+0000] {logging_mixin.py:190} INFO - [2026-06-04T15:24:35.577+0000] {dag.py:3239} INFO - Sync 1 DAGs
[2026-06-04T15:24:35.607+0000] {logging_mixin.py:190} INFO - [2026-06-04T15:24:35.607+0000] {dag.py:4180} INFO - Setting next_dagrun for datahub_metadata_ingestion to 2026-06-04 15:15:00+00:00, run_after=2026-06-04 15:20:00+00:00
[2026-06-04T15:24:35.631+0000] {processor.py:208} INFO - Processing /opt/airflow/dags/datahub_ingestion.py took 0.108 seconds
[2026-06-04T15:25:05.859+0000] {processor.py:186} INFO - Started process (PID=2763) to work on /opt/airflow/dags/datahub_ingestion.py
[2026-06-04T15:25:05.861+0000] {processor.py:914} INFO - Processing file /opt/airflow/dags/datahub_ingestion.py for tasks to queue
[2026-06-04T15:25:05.863+0000] {logging_mixin.py:190} INFO - [2026-06-04T15:25:05.863+0000] {dagbag.py:588} INFO - Filling up the DagBag from /opt/airflow/dags/datahub_ingestion.py
[2026-06-04T15:25:05.880+0000] {processor.py:925} INFO - DAG(s) 'datahub_metadata_ingestion' retrieved from /opt/airflow/dags/datahub_ingestion.py
[2026-06-04T15:25:05.903+0000] {logging_mixin.py:190} INFO - [2026-06-04T15:25:05.903+0000] {dag.py:3239} INFO - Sync 1 DAGs
[2026-06-04T15:25:05.930+0000] {logging_mixin.py:190} INFO - [2026-06-04T15:25:05.930+0000] {dag.py:4180} INFO - Setting next_dagrun for datahub_metadata_ingestion to 2026-06-04 15:20:00+00:00, run_after=2026-06-04 15:25:00+00:00
[2026-06-04T15:25:05.953+0000] {processor.py:208} INFO - Processing /opt/airflow/dags/datahub_ingestion.py took 0.101 seconds
[2026-06-04T15:25:36.166+0000] {processor.py:186} INFO - Started process (PID=2773) to work on /opt/airflow/dags/datahub_ingestion.py
[2026-06-04T15:25:36.167+0000] {processor.py:914} INFO - Processing file /opt/airflow/dags/datahub_ingestion.py for tasks to queue
[2026-06-04T15:25:36.169+0000] {logging_mixin.py:190} INFO - [2026-06-04T15:25:36.169+0000] {dagbag.py:588} INFO - Filling up the DagBag from /opt/airflow/dags/datahub_ingestion.py
[2026-06-04T15:25:36.185+0000] {processor.py:925} INFO - DAG(s) 'datahub_metadata_ingestion' retrieved from /opt/airflow/dags/datahub_ingestion.py
[2026-06-04T15:25:36.209+0000] {logging_mixin.py:190} INFO - [2026-06-04T15:25:36.209+0000] {dag.py:3239} INFO - Sync 1 DAGs
[2026-06-04T15:25:36.400+0000] {logging_mixin.py:190} INFO - [2026-06-04T15:25:36.400+0000] {dag.py:4180} INFO - Setting next_dagrun for datahub_metadata_ingestion to 2026-06-04 15:20:00+00:00, run_after=2026-06-04 15:25:00+00:00
[2026-06-04T15:25:36.419+0000] {processor.py:208} INFO - Processing /opt/airflow/dags/datahub_ingestion.py took 0.260 seconds
[2026-06-04T15:26:06.635+0000] {processor.py:186} INFO - Started process (PID=2783) to work on /opt/airflow/dags/datahub_ingestion.py
[2026-06-04T15:26:06.636+0000] {processor.py:914} INFO - Processing file /opt/airflow/dags/datahub_ingestion.py for tasks to queue
[2026-06-04T15:26:06.639+0000] {logging_mixin.py:190} INFO - [2026-06-04T15:26:06.639+0000] {dagbag.py:588} INFO - Filling up the DagBag from /opt/airflow/dags/datahub_ingestion.py
[2026-06-04T15:26:06.655+0000] {processor.py:925} INFO - DAG(s) 'datahub_metadata_ingestion' retrieved from /opt/airflow/dags/datahub_ingestion.py
[2026-06-04T15:26:06.677+0000] {logging_mixin.py:190} INFO - [2026-06-04T15:26:06.677+0000] {dag.py:3239} INFO - Sync 1 DAGs
[2026-06-04T15:26:06.705+0000] {logging_mixin.py:190} INFO - [2026-06-04T15:26:06.705+0000] {dag.py:4180} INFO - Setting next_dagrun for datahub_metadata_ingestion to 2026-06-04 15:20:00+00:00, run_after=2026-06-04 15:25:00+00:00
[2026-06-04T15:26:06.732+0000] {processor.py:208} INFO - Processing /opt/airflow/dags/datahub_ingestion.py took 0.104 seconds
[2026-06-04T15:26:37.006+0000] {processor.py:186} INFO - Started process (PID=2793) to work on /opt/airflow/dags/datahub_ingestion.py
[2026-06-04T15:26:37.007+0000] {processor.py:914} INFO - Processing file /opt/airflow/dags/datahub_ingestion.py for tasks to queue
[2026-06-04T15:26:37.010+0000] {logging_mixin.py:190} INFO - [2026-06-04T15:26:37.010+0000] {dagbag.py:588} INFO - Filling up the DagBag from /opt/airflow/dags/datahub_ingestion.py
[2026-06-04T15:26:37.029+0000] {processor.py:925} INFO - DAG(s) 'datahub_metadata_ingestion' retrieved from /opt/airflow/dags/datahub_ingestion.py
[2026-06-04T15:26:37.057+0000] {logging_mixin.py:190} INFO - [2026-06-04T15:26:37.057+0000] {dag.py:3239} INFO - Sync 1 DAGs
[2026-06-04T15:26:37.092+0000] {logging_mixin.py:190} INFO - [2026-06-04T15:26:37.092+0000] {dag.py:4180} INFO - Setting next_dagrun for datahub_metadata_ingestion to 2026-06-04 15:20:00+00:00, run_after=2026-06-04 15:25:00+00:00
[2026-06-04T15:26:37.117+0000] {processor.py:208} INFO - Processing /opt/airflow/dags/datahub_ingestion.py took 0.121 seconds
[2026-06-04T15:27:07.358+0000] {processor.py:186} INFO - Started process (PID=2803) to work on /opt/airflow/dags/datahub_ingestion.py
[2026-06-04T15:27:07.359+0000] {processor.py:914} INFO - Processing file /opt/airflow/dags/datahub_ingestion.py for tasks to queue
[2026-06-04T15:27:07.362+0000] {logging_mixin.py:190} INFO - [2026-06-04T15:27:07.361+0000] {dagbag.py:588} INFO - Filling up the DagBag from /opt/airflow/dags/datahub_ingestion.py
[2026-06-04T15:27:07.377+0000] {processor.py:925} INFO - DAG(s) 'datahub_metadata_ingestion' retrieved from /opt/airflow/dags/datahub_ingestion.py
[2026-06-04T15:27:07.403+0000] {logging_mixin.py:190} INFO - [2026-06-04T15:27:07.402+0000] {dag.py:3239} INFO - Sync 1 DAGs
[2026-06-04T15:27:07.588+0000] {logging_mixin.py:190} INFO - [2026-06-04T15:27:07.587+0000] {dag.py:4180} INFO - Setting next_dagrun for datahub_metadata_ingestion to 2026-06-04 15:20:00+00:00, run_after=2026-06-04 15:25:00+00:00
[2026-06-04T15:27:07.607+0000] {processor.py:208} INFO - Processing /opt/airflow/dags/datahub_ingestion.py took 0.256 seconds
[2026-06-04T15:27:37.883+0000] {processor.py:186} INFO - Started process (PID=2813) to work on /opt/airflow/dags/datahub_ingestion.py
[2026-06-04T15:27:37.887+0000] {processor.py:914} INFO - Processing file /opt/airflow/dags/datahub_ingestion.py for tasks to queue
[2026-06-04T15:27:37.889+0000] {logging_mixin.py:190} INFO - [2026-06-04T15:27:37.889+0000] {dagbag.py:588} INFO - Filling up the DagBag from /opt/airflow/dags/datahub_ingestion.py
[2026-06-04T15:27:37.907+0000] {processor.py:925} INFO - DAG(s) 'datahub_metadata_ingestion' retrieved from /opt/airflow/dags/datahub_ingestion.py
[2026-06-04T15:27:37.933+0000] {logging_mixin.py:190} INFO - [2026-06-04T15:27:37.933+0000] {dag.py:3239} INFO - Sync 1 DAGs
[2026-06-04T15:27:37.964+0000] {logging_mixin.py:190} INFO - [2026-06-04T15:27:37.964+0000] {dag.py:4180} INFO - Setting next_dagrun for datahub_metadata_ingestion to 2026-06-04 15:20:00+00:00, run_after=2026-06-04 15:25:00+00:00
[2026-06-04T15:27:38.001+0000] {processor.py:208} INFO - Processing /opt/airflow/dags/datahub_ingestion.py took 0.124 seconds
[2026-06-04T15:28:08.271+0000] {processor.py:186} INFO - Started process (PID=2823) to work on /opt/airflow/dags/datahub_ingestion.py
[2026-06-04T15:28:08.272+0000] {processor.py:914} INFO - Processing file /opt/airflow/dags/datahub_ingestion.py for tasks to queue
[2026-06-04T15:28:08.274+0000] {logging_mixin.py:190} INFO - [2026-06-04T15:28:08.274+0000] {dagbag.py:588} INFO - Filling up the DagBag from /opt/airflow/dags/datahub_ingestion.py
[2026-06-04T15:28:08.289+0000] {processor.py:925} INFO - DAG(s) 'datahub_metadata_ingestion' retrieved from /opt/airflow/dags/datahub_ingestion.py
[2026-06-04T15:28:08.312+0000] {logging_mixin.py:190} INFO - [2026-06-04T15:28:08.312+0000] {dag.py:3239} INFO - Sync 1 DAGs
[2026-06-04T15:28:08.340+0000] {logging_mixin.py:190} INFO - [2026-06-04T15:28:08.340+0000] {dag.py:4180} INFO - Setting next_dagrun for datahub_metadata_ingestion to 2026-06-04 15:20:00+00:00, run_after=2026-06-04 15:25:00+00:00
[2026-06-04T15:28:08.369+0000] {processor.py:208} INFO - Processing /opt/airflow/dags/datahub_ingestion.py took 0.104 seconds
[2026-06-04T15:28:38.638+0000] {processor.py:186} INFO - Started process (PID=2833) to work on /opt/airflow/dags/datahub_ingestion.py
[2026-06-04T15:28:38.639+0000] {processor.py:914} INFO - Processing file /opt/airflow/dags/datahub_ingestion.py for tasks to queue
[2026-06-04T15:28:38.642+0000] {logging_mixin.py:190} INFO - [2026-06-04T15:28:38.641+0000] {dagbag.py:588} INFO - Filling up the DagBag from /opt/airflow/dags/datahub_ingestion.py
[2026-06-04T15:28:38.658+0000] {processor.py:925} INFO - DAG(s) 'datahub_metadata_ingestion' retrieved from /opt/airflow/dags/datahub_ingestion.py
[2026-06-04T15:28:38.682+0000] {logging_mixin.py:190} INFO - [2026-06-04T15:28:38.682+0000] {dag.py:3239} INFO - Sync 1 DAGs
[2026-06-04T15:28:38.875+0000] {logging_mixin.py:190} INFO - [2026-06-04T15:28:38.875+0000] {dag.py:4180} INFO - Setting next_dagrun for datahub_metadata_ingestion to 2026-06-04 15:20:00+00:00, run_after=2026-06-04 15:25:00+00:00
[2026-06-04T15:28:38.898+0000] {processor.py:208} INFO - Processing /opt/airflow/dags/datahub_ingestion.py took 0.267 seconds
[2026-06-04T15:29:09.139+0000] {processor.py:186} INFO - Started process (PID=2843) to work on /opt/airflow/dags/datahub_ingestion.py
[2026-06-04T15:29:09.140+0000] {processor.py:914} INFO - Processing file /opt/airflow/dags/datahub_ingestion.py for tasks to queue
[2026-06-04T15:29:09.142+0000] {logging_mixin.py:190} INFO - [2026-06-04T15:29:09.142+0000] {dagbag.py:588} INFO - Filling up the DagBag from /opt/airflow/dags/datahub_ingestion.py
[2026-06-04T15:29:09.157+0000] {processor.py:925} INFO - DAG(s) 'datahub_metadata_ingestion' retrieved from /opt/airflow/dags/datahub_ingestion.py
[2026-06-04T15:29:09.180+0000] {logging_mixin.py:190} INFO - [2026-06-04T15:29:09.180+0000] {dag.py:3239} INFO - Sync 1 DAGs
[2026-06-04T15:29:09.208+0000] {logging_mixin.py:190} INFO - [2026-06-04T15:29:09.208+0000] {dag.py:4180} INFO - Setting next_dagrun for datahub_metadata_ingestion to 2026-06-04 15:20:00+00:00, run_after=2026-06-04 15:25:00+00:00
[2026-06-04T15:29:09.228+0000] {processor.py:208} INFO - Processing /opt/airflow/dags/datahub_ingestion.py took 0.096 seconds
[2026-06-04T15:29:39.498+0000] {processor.py:186} INFO - Started process (PID=2853) to work on /opt/airflow/dags/datahub_ingestion.py
[2026-06-04T15:29:39.502+0000] {processor.py:914} INFO - Processing file /opt/airflow/dags/datahub_ingestion.py for tasks to queue
[2026-06-04T15:29:39.504+0000] {logging_mixin.py:190} INFO - [2026-06-04T15:29:39.504+0000] {dagbag.py:588} INFO - Filling up the DagBag from /opt/airflow/dags/datahub_ingestion.py
[2026-06-04T15:29:39.522+0000] {processor.py:925} INFO - DAG(s) 'datahub_metadata_ingestion' retrieved from /opt/airflow/dags/datahub_ingestion.py
[2026-06-04T15:29:39.548+0000] {logging_mixin.py:190} INFO - [2026-06-04T15:29:39.547+0000] {dag.py:3239} INFO - Sync 1 DAGs
[2026-06-04T15:29:39.579+0000] {logging_mixin.py:190} INFO - [2026-06-04T15:29:39.578+0000] {dag.py:4180} INFO - Setting next_dagrun for datahub_metadata_ingestion to 2026-06-04 15:20:00+00:00, run_after=2026-06-04 15:25:00+00:00
[2026-06-04T15:29:39.603+0000] {processor.py:208} INFO - Processing /opt/airflow/dags/datahub_ingestion.py took 0.112 seconds
[2026-06-04T15:30:09.870+0000] {processor.py:186} INFO - Started process (PID=2863) to work on /opt/airflow/dags/datahub_ingestion.py
[2026-06-04T15:30:09.872+0000] {processor.py:914} INFO - Processing file /opt/airflow/dags/datahub_ingestion.py for tasks to queue
[2026-06-04T15:30:09.874+0000] {logging_mixin.py:190} INFO - [2026-06-04T15:30:09.874+0000] {dagbag.py:588} INFO - Filling up the DagBag from /opt/airflow/dags/datahub_ingestion.py
[2026-06-04T15:30:09.892+0000] {processor.py:925} INFO - DAG(s) 'datahub_metadata_ingestion' retrieved from /opt/airflow/dags/datahub_ingestion.py
[2026-06-04T15:30:09.916+0000] {logging_mixin.py:190} INFO - [2026-06-04T15:30:09.916+0000] {dag.py:3239} INFO - Sync 1 DAGs
[2026-06-04T15:30:10.100+0000] {logging_mixin.py:190} INFO - [2026-06-04T15:30:10.100+0000] {dag.py:4180} INFO - Setting next_dagrun for datahub_metadata_ingestion to 2026-06-04 15:25:00+00:00, run_after=2026-06-04 15:30:00+00:00
[2026-06-04T15:30:10.124+0000] {processor.py:208} INFO - Processing /opt/airflow/dags/datahub_ingestion.py took 0.261 seconds
[2026-06-04T15:30:40.383+0000] {processor.py:186} INFO - Started process (PID=2873) to work on /opt/airflow/dags/datahub_ingestion.py
[2026-06-04T15:30:40.384+0000] {processor.py:914} INFO - Processing file /opt/airflow/dags/datahub_ingestion.py for tasks to queue
[2026-06-04T15:30:40.386+0000] {logging_mixin.py:190} INFO - [2026-06-04T15:30:40.386+0000] {dagbag.py:588} INFO - Filling up the DagBag from /opt/airflow/dags/datahub_ingestion.py
[2026-06-04T15:30:40.401+0000] {processor.py:925} INFO - DAG(s) 'datahub_metadata_ingestion' retrieved from /opt/airflow/dags/datahub_ingestion.py
[2026-06-04T15:30:40.423+0000] {logging_mixin.py:190} INFO - [2026-06-04T15:30:40.423+0000] {dag.py:3239} INFO - Sync 1 DAGs
[2026-06-04T15:30:40.450+0000] {logging_mixin.py:190} INFO - [2026-06-04T15:30:40.450+0000] {dag.py:4180} INFO - Setting next_dagrun for datahub_metadata_ingestion to 2026-06-04 15:25:00+00:00, run_after=2026-06-04 15:30:00+00:00
[2026-06-04T15:30:40.470+0000] {processor.py:208} INFO - Processing /opt/airflow/dags/datahub_ingestion.py took 0.093 seconds
[2026-06-04T15:31:10.738+0000] {processor.py:186} INFO - Started process (PID=2883) to work on /opt/airflow/dags/datahub_ingestion.py
[2026-06-04T15:31:10.740+0000] {processor.py:914} INFO - Processing file /opt/airflow/dags/datahub_ingestion.py for tasks to queue
[2026-06-04T15:31:10.742+0000] {logging_mixin.py:190} INFO - [2026-06-04T15:31:10.742+0000] {dagbag.py:588} INFO - Filling up the DagBag from /opt/airflow/dags/datahub_ingestion.py
[2026-06-04T15:31:10.759+0000] {processor.py:925} INFO - DAG(s) 'datahub_metadata_ingestion' retrieved from /opt/airflow/dags/datahub_ingestion.py
[2026-06-04T15:31:10.783+0000] {logging_mixin.py:190} INFO - [2026-06-04T15:31:10.783+0000] {dag.py:3239} INFO - Sync 1 DAGs
[2026-06-04T15:31:10.811+0000] {logging_mixin.py:190} INFO - [2026-06-04T15:31:10.811+0000] {dag.py:4180} INFO - Setting next_dagrun for datahub_metadata_ingestion to 2026-06-04 15:25:00+00:00, run_after=2026-06-04 15:30:00+00:00
[2026-06-04T15:31:10.840+0000] {processor.py:208} INFO - Processing /opt/airflow/dags/datahub_ingestion.py took 0.108 seconds
[2026-06-04T15:31:41.105+0000] {processor.py:186} INFO - Started process (PID=2893) to work on /opt/airflow/dags/datahub_ingestion.py
[2026-06-04T15:31:41.109+0000] {processor.py:914} INFO - Processing file /opt/airflow/dags/datahub_ingestion.py for tasks to queue
[2026-06-04T15:31:41.111+0000] {logging_mixin.py:190} INFO - [2026-06-04T15:31:41.111+0000] {dagbag.py:588} INFO - Filling up the DagBag from /opt/airflow/dags/datahub_ingestion.py
[2026-06-04T15:31:41.127+0000] {processor.py:925} INFO - DAG(s) 'datahub_metadata_ingestion' retrieved from /opt/airflow/dags/datahub_ingestion.py
[2026-06-04T15:31:41.152+0000] {logging_mixin.py:190} INFO - [2026-06-04T15:31:41.152+0000] {dag.py:3239} INFO - Sync 1 DAGs
[2026-06-04T15:31:41.341+0000] {logging_mixin.py:190} INFO - [2026-06-04T15:31:41.341+0000] {dag.py:4180} INFO - Setting next_dagrun for datahub_metadata_ingestion to 2026-06-04 15:25:00+00:00, run_after=2026-06-04 15:30:00+00:00
[2026-06-04T15:31:41.365+0000] {processor.py:208} INFO - Processing /opt/airflow/dags/datahub_ingestion.py took 0.266 seconds
[2026-06-04T15:32:11.628+0000] {processor.py:186} INFO - Started process (PID=2903) to work on /opt/airflow/dags/datahub_ingestion.py
[2026-06-04T15:32:11.630+0000] {processor.py:914} INFO - Processing file /opt/airflow/dags/datahub_ingestion.py for tasks to queue
[2026-06-04T15:32:11.632+0000] {logging_mixin.py:190} INFO - [2026-06-04T15:32:11.631+0000] {dagbag.py:588} INFO - Filling up the DagBag from /opt/airflow/dags/datahub_ingestion.py
[2026-06-04T15:32:11.649+0000] {processor.py:925} INFO - DAG(s) 'datahub_metadata_ingestion' retrieved from /opt/airflow/dags/datahub_ingestion.py
[2026-06-04T15:32:11.674+0000] {logging_mixin.py:190} INFO - [2026-06-04T15:32:11.674+0000] {dag.py:3239} INFO - Sync 1 DAGs
[2026-06-04T15:32:11.706+0000] {logging_mixin.py:190} INFO - [2026-06-04T15:32:11.706+0000] {dag.py:4180} INFO - Setting next_dagrun for datahub_metadata_ingestion to 2026-06-04 15:25:00+00:00, run_after=2026-06-04 15:30:00+00:00
[2026-06-04T15:32:11.739+0000] {processor.py:208} INFO - Processing /opt/airflow/dags/datahub_ingestion.py took 0.120 seconds
[2026-06-04T15:32:41.990+0000] {processor.py:186} INFO - Started process (PID=2913) to work on /opt/airflow/dags/datahub_ingestion.py
[2026-06-04T15:32:41.991+0000] {processor.py:914} INFO - Processing file /opt/airflow/dags/datahub_ingestion.py for tasks to queue
[2026-06-04T15:32:41.993+0000] {logging_mixin.py:190} INFO - [2026-06-04T15:32:41.993+0000] {dagbag.py:588} INFO - Filling up the DagBag from /opt/airflow/dags/datahub_ingestion.py
[2026-06-04T15:32:42.009+0000] {processor.py:925} INFO - DAG(s) 'datahub_metadata_ingestion' retrieved from /opt/airflow/dags/datahub_ingestion.py
[2026-06-04T15:32:42.034+0000] {logging_mixin.py:190} INFO - [2026-06-04T15:32:42.034+0000] {dag.py:3239} INFO - Sync 1 DAGs
[2026-06-04T15:32:42.065+0000] {logging_mixin.py:190} INFO - [2026-06-04T15:32:42.065+0000] {dag.py:4180} INFO - Setting next_dagrun for datahub_metadata_ingestion to 2026-06-04 15:25:00+00:00, run_after=2026-06-04 15:30:00+00:00
[2026-06-04T15:32:42.087+0000] {processor.py:208} INFO - Processing /opt/airflow/dags/datahub_ingestion.py took 0.104 seconds
[2026-06-04T15:33:12.347+0000] {processor.py:186} INFO - Started process (PID=2923) to work on /opt/airflow/dags/datahub_ingestion.py
[2026-06-04T15:33:12.348+0000] {processor.py:914} INFO - Processing file /opt/airflow/dags/datahub_ingestion.py for tasks to queue
[2026-06-04T15:33:12.350+0000] {logging_mixin.py:190} INFO - [2026-06-04T15:33:12.350+0000] {dagbag.py:588} INFO - Filling up the DagBag from /opt/airflow/dags/datahub_ingestion.py
[2026-06-04T15:33:12.368+0000] {processor.py:925} INFO - DAG(s) 'datahub_metadata_ingestion' retrieved from /opt/airflow/dags/datahub_ingestion.py
[2026-06-04T15:33:12.392+0000] {logging_mixin.py:190} INFO - [2026-06-04T15:33:12.391+0000] {dag.py:3239} INFO - Sync 1 DAGs
[2026-06-04T15:33:12.582+0000] {logging_mixin.py:190} INFO - [2026-06-04T15:33:12.582+0000] {dag.py:4180} INFO - Setting next_dagrun for datahub_metadata_ingestion to 2026-06-04 15:25:00+00:00, run_after=2026-06-04 15:30:00+00:00
[2026-06-04T15:33:12.604+0000] {processor.py:208} INFO - Processing /opt/airflow/dags/datahub_ingestion.py took 0.265 seconds
[2026-06-04T15:33:42.862+0000] {processor.py:186} INFO - Started process (PID=2933) to work on /opt/airflow/dags/datahub_ingestion.py
[2026-06-04T15:33:42.867+0000] {processor.py:914} INFO - Processing file /opt/airflow/dags/datahub_ingestion.py for tasks to queue
[2026-06-04T15:33:42.869+0000] {logging_mixin.py:190} INFO - [2026-06-04T15:33:42.869+0000] {dagbag.py:588} INFO - Filling up the DagBag from /opt/airflow/dags/datahub_ingestion.py
[2026-06-04T15:33:42.886+0000] {processor.py:925} INFO - DAG(s) 'datahub_metadata_ingestion' retrieved from /opt/airflow/dags/datahub_ingestion.py
[2026-06-04T15:33:42.909+0000] {logging_mixin.py:190} INFO - [2026-06-04T15:33:42.909+0000] {dag.py:3239} INFO - Sync 1 DAGs
[2026-06-04T15:33:42.939+0000] {logging_mixin.py:190} INFO - [2026-06-04T15:33:42.938+0000] {dag.py:4180} INFO - Setting next_dagrun for datahub_metadata_ingestion to 2026-06-04 15:25:00+00:00, run_after=2026-06-04 15:30:00+00:00
[2026-06-04T15:33:42.959+0000] {processor.py:208} INFO - Processing /opt/airflow/dags/datahub_ingestion.py took 0.103 seconds
[2026-06-04T15:34:13.208+0000] {processor.py:186} INFO - Started process (PID=2943) to work on /opt/airflow/dags/datahub_ingestion.py
[2026-06-04T15:34:13.210+0000] {processor.py:914} INFO - Processing file /opt/airflow/dags/datahub_ingestion.py for tasks to queue
[2026-06-04T15:34:13.212+0000] {logging_mixin.py:190} INFO - [2026-06-04T15:34:13.211+0000] {dagbag.py:588} INFO - Filling up the DagBag from /opt/airflow/dags/datahub_ingestion.py
[2026-06-04T15:34:13.227+0000] {processor.py:925} INFO - DAG(s) 'datahub_metadata_ingestion' retrieved from /opt/airflow/dags/datahub_ingestion.py
[2026-06-04T15:34:13.250+0000] {logging_mixin.py:190} INFO - [2026-06-04T15:34:13.249+0000] {dag.py:3239} INFO - Sync 1 DAGs
[2026-06-04T15:34:13.280+0000] {logging_mixin.py:190} INFO - [2026-06-04T15:34:13.279+0000] {dag.py:4180} INFO - Setting next_dagrun for datahub_metadata_ingestion to 2026-06-04 15:25:00+00:00, run_after=2026-06-04 15:30:00+00:00
[2026-06-04T15:34:13.301+0000] {processor.py:208} INFO - Processing /opt/airflow/dags/datahub_ingestion.py took 0.099 seconds
[2026-06-04T15:34:43.514+0000] {processor.py:186} INFO - Started process (PID=2953) to work on /opt/airflow/dags/datahub_ingestion.py
[2026-06-04T15:34:43.516+0000] {processor.py:914} INFO - Processing file /opt/airflow/dags/datahub_ingestion.py for tasks to queue
[2026-06-04T15:34:43.518+0000] {logging_mixin.py:190} INFO - [2026-06-04T15:34:43.518+0000] {dagbag.py:588} INFO - Filling up the DagBag from /opt/airflow/dags/datahub_ingestion.py
[2026-06-04T15:34:43.534+0000] {processor.py:925} INFO - DAG(s) 'datahub_metadata_ingestion' retrieved from /opt/airflow/dags/datahub_ingestion.py
[2026-06-04T15:34:43.556+0000] {logging_mixin.py:190} INFO - [2026-06-04T15:34:43.556+0000] {dag.py:3239} INFO - Sync 1 DAGs
[2026-06-04T15:34:43.748+0000] {logging_mixin.py:190} INFO - [2026-06-04T15:34:43.748+0000] {dag.py:4180} INFO - Setting next_dagrun for datahub_metadata_ingestion to 2026-06-04 15:25:00+00:00, run_after=2026-06-04 15:30:00+00:00
[2026-06-04T15:34:43.765+0000] {processor.py:208} INFO - Processing /opt/airflow/dags/datahub_ingestion.py took 0.257 seconds
[2026-06-04T15:35:13.978+0000] {processor.py:186} INFO - Started process (PID=2963) to work on /opt/airflow/dags/datahub_ingestion.py
[2026-06-04T15:35:13.979+0000] {processor.py:914} INFO - Processing file /opt/airflow/dags/datahub_ingestion.py for tasks to queue
[2026-06-04T15:35:13.981+0000] {logging_mixin.py:190} INFO - [2026-06-04T15:35:13.981+0000] {dagbag.py:588} INFO - Filling up the DagBag from /opt/airflow/dags/datahub_ingestion.py
[2026-06-04T15:35:13.998+0000] {processor.py:925} INFO - DAG(s) 'datahub_metadata_ingestion' retrieved from /opt/airflow/dags/datahub_ingestion.py
[2026-06-04T15:35:14.021+0000] {logging_mixin.py:190} INFO - [2026-06-04T15:35:14.021+0000] {dag.py:3239} INFO - Sync 1 DAGs
[2026-06-04T15:35:14.049+0000] {logging_mixin.py:190} INFO - [2026-06-04T15:35:14.049+0000] {dag.py:4180} INFO - Setting next_dagrun for datahub_metadata_ingestion to 2026-06-04 15:30:00+00:00, run_after=2026-06-04 15:35:00+00:00
[2026-06-04T15:35:14.070+0000] {processor.py:208} INFO - Processing /opt/airflow/dags/datahub_ingestion.py took 0.099 seconds
[2026-06-04T15:35:44.278+0000] {processor.py:186} INFO - Started process (PID=2973) to work on /opt/airflow/dags/datahub_ingestion.py
[2026-06-04T15:35:44.280+0000] {processor.py:914} INFO - Processing file /opt/airflow/dags/datahub_ingestion.py for tasks to queue
[2026-06-04T15:35:44.282+0000] {logging_mixin.py:190} INFO - [2026-06-04T15:35:44.282+0000] {dagbag.py:588} INFO - Filling up the DagBag from /opt/airflow/dags/datahub_ingestion.py
[2026-06-04T15:35:44.299+0000] {processor.py:925} INFO - DAG(s) 'datahub_metadata_ingestion' retrieved from /opt/airflow/dags/datahub_ingestion.py
[2026-06-04T15:35:44.326+0000] {logging_mixin.py:190} INFO - [2026-06-04T15:35:44.326+0000] {dag.py:3239} INFO - Sync 1 DAGs
[2026-06-04T15:35:44.358+0000] {logging_mixin.py:190} INFO - [2026-06-04T15:35:44.358+0000] {dag.py:4180} INFO - Setting next_dagrun for datahub_metadata_ingestion to 2026-06-04 15:30:00+00:00, run_after=2026-06-04 15:35:00+00:00
[2026-06-04T15:35:44.384+0000] {processor.py:208} INFO - Processing /opt/airflow/dags/datahub_ingestion.py took 0.113 seconds
[2026-06-04T15:36:14.630+0000] {processor.py:186} INFO - Started process (PID=2983) to work on /opt/airflow/dags/datahub_ingestion.py
[2026-06-04T15:36:14.631+0000] {processor.py:914} INFO - Processing file /opt/airflow/dags/datahub_ingestion.py for tasks to queue
[2026-06-04T15:36:14.633+0000] {logging_mixin.py:190} INFO - [2026-06-04T15:36:14.633+0000] {dagbag.py:588} INFO - Filling up the DagBag from /opt/airflow/dags/datahub_ingestion.py
[2026-06-04T15:36:14.650+0000] {processor.py:925} INFO - DAG(s) 'datahub_metadata_ingestion' retrieved from /opt/airflow/dags/datahub_ingestion.py
[2026-06-04T15:36:14.673+0000] {logging_mixin.py:190} INFO - [2026-06-04T15:36:14.673+0000] {dag.py:3239} INFO - Sync 1 DAGs
[2026-06-04T15:36:14.861+0000] {logging_mixin.py:190} INFO - [2026-06-04T15:36:14.861+0000] {dag.py:4180} INFO - Setting next_dagrun for datahub_metadata_ingestion to 2026-06-04 15:30:00+00:00, run_after=2026-06-04 15:35:00+00:00
[2026-06-04T15:36:14.888+0000] {processor.py:208} INFO - Processing /opt/airflow/dags/datahub_ingestion.py took 0.265 seconds
[2026-06-04T15:36:45.153+0000] {processor.py:186} INFO - Started process (PID=2993) to work on /opt/airflow/dags/datahub_ingestion.py
[2026-06-04T15:36:45.154+0000] {processor.py:914} INFO - Processing file /opt/airflow/dags/datahub_ingestion.py for tasks to queue
[2026-06-04T15:36:45.156+0000] {logging_mixin.py:190} INFO - [2026-06-04T15:36:45.156+0000] {dagbag.py:588} INFO - Filling up the DagBag from /opt/airflow/dags/datahub_ingestion.py
[2026-06-04T15:36:45.173+0000] {processor.py:925} INFO - DAG(s) 'datahub_metadata_ingestion' retrieved from /opt/airflow/dags/datahub_ingestion.py
[2026-06-04T15:36:45.197+0000] {logging_mixin.py:190} INFO - [2026-06-04T15:36:45.196+0000] {dag.py:3239} INFO - Sync 1 DAGs
[2026-06-04T15:36:45.225+0000] {logging_mixin.py:190} INFO - [2026-06-04T15:36:45.225+0000] {dag.py:4180} INFO - Setting next_dagrun for datahub_metadata_ingestion to 2026-06-04 15:30:00+00:00, run_after=2026-06-04 15:35:00+00:00
[2026-06-04T15:36:45.253+0000] {processor.py:208} INFO - Processing /opt/airflow/dags/datahub_ingestion.py took 0.107 seconds
[2026-06-04T15:37:15.515+0000] {processor.py:186} INFO - Started process (PID=3003) to work on /opt/airflow/dags/datahub_ingestion.py
[2026-06-04T15:37:15.517+0000] {processor.py:914} INFO - Processing file /opt/airflow/dags/datahub_ingestion.py for tasks to queue
[2026-06-04T15:37:15.519+0000] {logging_mixin.py:190} INFO - [2026-06-04T15:37:15.519+0000] {dagbag.py:588} INFO - Filling up the DagBag from /opt/airflow/dags/datahub_ingestion.py
[2026-06-04T15:37:15.536+0000] {processor.py:925} INFO - DAG(s) 'datahub_metadata_ingestion' retrieved from /opt/airflow/dags/datahub_ingestion.py
[2026-06-04T15:37:15.559+0000] {logging_mixin.py:190} INFO - [2026-06-04T15:37:15.559+0000] {dag.py:3239} INFO - Sync 1 DAGs
[2026-06-04T15:37:15.593+0000] {logging_mixin.py:190} INFO - [2026-06-04T15:37:15.593+0000] {dag.py:4180} INFO - Setting next_dagrun for datahub_metadata_ingestion to 2026-06-04 15:30:00+00:00, run_after=2026-06-04 15:35:00+00:00
[2026-06-04T15:37:15.622+0000] {processor.py:208} INFO - Processing /opt/airflow/dags/datahub_ingestion.py took 0.114 seconds
[2026-06-04T15:37:45.876+0000] {processor.py:186} INFO - Started process (PID=3013) to work on /opt/airflow/dags/datahub_ingestion.py
[2026-06-04T15:37:45.877+0000] {processor.py:914} INFO - Processing file /opt/airflow/dags/datahub_ingestion.py for tasks to queue
[2026-06-04T15:37:45.879+0000] {logging_mixin.py:190} INFO - [2026-06-04T15:37:45.879+0000] {dagbag.py:588} INFO - Filling up the DagBag from /opt/airflow/dags/datahub_ingestion.py
[2026-06-04T15:37:45.893+0000] {processor.py:925} INFO - DAG(s) 'datahub_metadata_ingestion' retrieved from /opt/airflow/dags/datahub_ingestion.py
[2026-06-04T15:37:45.915+0000] {logging_mixin.py:190} INFO - [2026-06-04T15:37:45.915+0000] {dag.py:3239} INFO - Sync 1 DAGs
[2026-06-04T15:37:46.098+0000] {logging_mixin.py:190} INFO - [2026-06-04T15:37:46.098+0000] {dag.py:4180} INFO - Setting next_dagrun for datahub_metadata_ingestion to 2026-06-04 15:30:00+00:00, run_after=2026-06-04 15:35:00+00:00
[2026-06-04T15:37:46.125+0000] {processor.py:208} INFO - Processing /opt/airflow/dags/datahub_ingestion.py took 0.255 seconds
[2026-06-04T15:38:16.415+0000] {processor.py:186} INFO - Started process (PID=3023) to work on /opt/airflow/dags/datahub_ingestion.py
[2026-06-04T15:38:16.416+0000] {processor.py:914} INFO - Processing file /opt/airflow/dags/datahub_ingestion.py for tasks to queue
[2026-06-04T15:38:16.418+0000] {logging_mixin.py:190} INFO - [2026-06-04T15:38:16.418+0000] {dagbag.py:588} INFO - Filling up the DagBag from /opt/airflow/dags/datahub_ingestion.py
[2026-06-04T15:38:16.435+0000] {processor.py:925} INFO - DAG(s) 'datahub_metadata_ingestion' retrieved from /opt/airflow/dags/datahub_ingestion.py
[2026-06-04T15:38:16.460+0000] {logging_mixin.py:190} INFO - [2026-06-04T15:38:16.460+0000] {dag.py:3239} INFO - Sync 1 DAGs
[2026-06-04T15:38:16.490+0000] {logging_mixin.py:190} INFO - [2026-06-04T15:38:16.490+0000] {dag.py:4180} INFO - Setting next_dagrun for datahub_metadata_ingestion to 2026-06-04 15:30:00+00:00, run_after=2026-06-04 15:35:00+00:00
[2026-06-04T15:38:16.514+0000] {processor.py:208} INFO - Processing /opt/airflow/dags/datahub_ingestion.py took 0.107 seconds
[2026-06-04T15:38:46.774+0000] {processor.py:186} INFO - Started process (PID=3033) to work on /opt/airflow/dags/datahub_ingestion.py
[2026-06-04T15:38:46.776+0000] {processor.py:914} INFO - Processing file /opt/airflow/dags/datahub_ingestion.py for tasks to queue
[2026-06-04T15:38:46.778+0000] {logging_mixin.py:190} INFO - [2026-06-04T15:38:46.778+0000] {dagbag.py:588} INFO - Filling up the DagBag from /opt/airflow/dags/datahub_ingestion.py
[2026-06-04T15:38:46.795+0000] {processor.py:925} INFO - DAG(s) 'datahub_metadata_ingestion' retrieved from /opt/airflow/dags/datahub_ingestion.py
[2026-06-04T15:38:46.819+0000] {logging_mixin.py:190} INFO - [2026-06-04T15:38:46.819+0000] {dag.py:3239} INFO - Sync 1 DAGs
[2026-06-04T15:38:46.850+0000] {logging_mixin.py:190} INFO - [2026-06-04T15:38:46.849+0000] {dag.py:4180} INFO - Setting next_dagrun for datahub_metadata_ingestion to 2026-06-04 15:30:00+00:00, run_after=2026-06-04 15:35:00+00:00
[2026-06-04T15:38:46.875+0000] {processor.py:208} INFO - Processing /opt/airflow/dags/datahub_ingestion.py took 0.108 seconds
[2026-06-04T15:39:17.133+0000] {processor.py:186} INFO - Started process (PID=3043) to work on /opt/airflow/dags/datahub_ingestion.py
[2026-06-04T15:39:17.137+0000] {processor.py:914} INFO - Processing file /opt/airflow/dags/datahub_ingestion.py for tasks to queue
[2026-06-04T15:39:17.139+0000] {logging_mixin.py:190} INFO - [2026-06-04T15:39:17.139+0000] {dagbag.py:588} INFO - Filling up the DagBag from /opt/airflow/dags/datahub_ingestion.py
[2026-06-04T15:39:17.154+0000] {processor.py:925} INFO - DAG(s) 'datahub_metadata_ingestion' retrieved from /opt/airflow/dags/datahub_ingestion.py
[2026-06-04T15:39:17.178+0000] {logging_mixin.py:190} INFO - [2026-06-04T15:39:17.178+0000] {dag.py:3239} INFO - Sync 1 DAGs
[2026-06-04T15:39:17.361+0000] {logging_mixin.py:190} INFO - [2026-06-04T15:39:17.361+0000] {dag.py:4180} INFO - Setting next_dagrun for datahub_metadata_ingestion to 2026-06-04 15:30:00+00:00, run_after=2026-06-04 15:35:00+00:00
[2026-06-04T15:39:17.380+0000] {processor.py:208} INFO - Processing /opt/airflow/dags/datahub_ingestion.py took 0.256 seconds
[2026-06-04T15:39:47.646+0000] {processor.py:186} INFO - Started process (PID=3053) to work on /opt/airflow/dags/datahub_ingestion.py
[2026-06-04T15:39:47.648+0000] {processor.py:914} INFO - Processing file /opt/airflow/dags/datahub_ingestion.py for tasks to queue
[2026-06-04T15:39:47.650+0000] {logging_mixin.py:190} INFO - [2026-06-04T15:39:47.650+0000] {dagbag.py:588} INFO - Filling up the DagBag from /opt/airflow/dags/datahub_ingestion.py
[2026-06-04T15:39:47.667+0000] {processor.py:925} INFO - DAG(s) 'datahub_metadata_ingestion' retrieved from /opt/airflow/dags/datahub_ingestion.py
[2026-06-04T15:39:47.691+0000] {logging_mixin.py:190} INFO - [2026-06-04T15:39:47.691+0000] {dag.py:3239} INFO - Sync 1 DAGs
[2026-06-04T15:39:47.722+0000] {logging_mixin.py:190} INFO - [2026-06-04T15:39:47.722+0000] {dag.py:4180} INFO - Setting next_dagrun for datahub_metadata_ingestion to 2026-06-04 15:30:00+00:00, run_after=2026-06-04 15:35:00+00:00
[2026-06-04T15:39:47.743+0000] {processor.py:208} INFO - Processing /opt/airflow/dags/datahub_ingestion.py took 0.103 seconds
[2026-06-04T15:40:18.006+0000] {processor.py:186} INFO - Started process (PID=3063) to work on /opt/airflow/dags/datahub_ingestion.py
[2026-06-04T15:40:18.008+0000] {processor.py:914} INFO - Processing file /opt/airflow/dags/datahub_ingestion.py for tasks to queue
[2026-06-04T15:40:18.010+0000] {logging_mixin.py:190} INFO - [2026-06-04T15:40:18.010+0000] {dagbag.py:588} INFO - Filling up the DagBag from /opt/airflow/dags/datahub_ingestion.py
[2026-06-04T15:40:18.026+0000] {processor.py:925} INFO - DAG(s) 'datahub_metadata_ingestion' retrieved from /opt/airflow/dags/datahub_ingestion.py
[2026-06-04T15:40:18.049+0000] {logging_mixin.py:190} INFO - [2026-06-04T15:40:18.049+0000] {dag.py:3239} INFO - Sync 1 DAGs
[2026-06-04T15:40:18.078+0000] {logging_mixin.py:190} INFO - [2026-06-04T15:40:18.078+0000] {dag.py:4180} INFO - Setting next_dagrun for datahub_metadata_ingestion to 2026-06-04 15:35:00+00:00, run_after=2026-06-04 15:40:00+00:00
[2026-06-04T15:40:18.100+0000] {processor.py:208} INFO - Processing /opt/airflow/dags/datahub_ingestion.py took 0.100 seconds
[2026-06-04T15:40:48.342+0000] {processor.py:186} INFO - Started process (PID=3073) to work on /opt/airflow/dags/datahub_ingestion.py
[2026-06-04T15:40:48.344+0000] {processor.py:914} INFO - Processing file /opt/airflow/dags/datahub_ingestion.py for tasks to queue
[2026-06-04T15:40:48.346+0000] {logging_mixin.py:190} INFO - [2026-06-04T15:40:48.346+0000] {dagbag.py:588} INFO - Filling up the DagBag from /opt/airflow/dags/datahub_ingestion.py
[2026-06-04T15:40:48.363+0000] {processor.py:925} INFO - DAG(s) 'datahub_metadata_ingestion' retrieved from /opt/airflow/dags/datahub_ingestion.py
[2026-06-04T15:40:48.386+0000] {logging_mixin.py:190} INFO - [2026-06-04T15:40:48.386+0000] {dag.py:3239} INFO - Sync 1 DAGs
[2026-06-04T15:40:48.577+0000] {logging_mixin.py:190} INFO - [2026-06-04T15:40:48.577+0000] {dag.py:4180} INFO - Setting next_dagrun for datahub_metadata_ingestion to 2026-06-04 15:35:00+00:00, run_after=2026-06-04 15:40:00+00:00
[2026-06-04T15:40:48.598+0000] {processor.py:208} INFO - Processing /opt/airflow/dags/datahub_ingestion.py took 0.263 seconds
[2026-06-04T15:41:18.854+0000] {processor.py:186} INFO - Started process (PID=3083) to work on /opt/airflow/dags/datahub_ingestion.py
[2026-06-04T15:41:18.857+0000] {processor.py:914} INFO - Processing file /opt/airflow/dags/datahub_ingestion.py for tasks to queue
[2026-06-04T15:41:18.860+0000] {logging_mixin.py:190} INFO - [2026-06-04T15:41:18.859+0000] {dagbag.py:588} INFO - Filling up the DagBag from /opt/airflow/dags/datahub_ingestion.py
[2026-06-04T15:41:18.876+0000] {processor.py:925} INFO - DAG(s) 'datahub_metadata_ingestion' retrieved from /opt/airflow/dags/datahub_ingestion.py
[2026-06-04T15:41:18.900+0000] {logging_mixin.py:190} INFO - [2026-06-04T15:41:18.900+0000] {dag.py:3239} INFO - Sync 1 DAGs
[2026-06-04T15:41:18.929+0000] {logging_mixin.py:190} INFO - [2026-06-04T15:41:18.929+0000] {dag.py:4180} INFO - Setting next_dagrun for datahub_metadata_ingestion to 2026-06-04 15:35:00+00:00, run_after=2026-06-04 15:40:00+00:00
[2026-06-04T15:41:18.951+0000] {processor.py:208} INFO - Processing /opt/airflow/dags/datahub_ingestion.py took 0.104 seconds
[2026-06-04T15:41:49.202+0000] {processor.py:186} INFO - Started process (PID=3093) to work on /opt/airflow/dags/datahub_ingestion.py
[2026-06-04T15:41:49.203+0000] {processor.py:914} INFO - Processing file /opt/airflow/dags/datahub_ingestion.py for tasks to queue
[2026-06-04T15:41:49.205+0000] {logging_mixin.py:190} INFO - [2026-06-04T15:41:49.205+0000] {dagbag.py:588} INFO - Filling up the DagBag from /opt/airflow/dags/datahub_ingestion.py
[2026-06-04T15:41:49.222+0000] {processor.py:925} INFO - DAG(s) 'datahub_metadata_ingestion' retrieved from /opt/airflow/dags/datahub_ingestion.py
[2026-06-04T15:41:49.246+0000] {logging_mixin.py:190} INFO - [2026-06-04T15:41:49.246+0000] {dag.py:3239} INFO - Sync 1 DAGs
[2026-06-04T15:41:49.275+0000] {logging_mixin.py:190} INFO - [2026-06-04T15:41:49.275+0000] {dag.py:4180} INFO - Setting next_dagrun for datahub_metadata_ingestion to 2026-06-04 15:35:00+00:00, run_after=2026-06-04 15:40:00+00:00
[2026-06-04T15:41:49.297+0000] {processor.py:208} INFO - Processing /opt/airflow/dags/datahub_ingestion.py took 0.103 seconds
[2026-06-04T15:42:19.557+0000] {processor.py:186} INFO - Started process (PID=3103) to work on /opt/airflow/dags/datahub_ingestion.py
[2026-06-04T15:42:19.559+0000] {processor.py:914} INFO - Processing file /opt/airflow/dags/datahub_ingestion.py for tasks to queue
[2026-06-04T15:42:19.561+0000] {logging_mixin.py:190} INFO - [2026-06-04T15:42:19.561+0000] {dagbag.py:588} INFO - Filling up the DagBag from /opt/airflow/dags/datahub_ingestion.py
[2026-06-04T15:42:19.577+0000] {processor.py:925} INFO - DAG(s) 'datahub_metadata_ingestion' retrieved from /opt/airflow/dags/datahub_ingestion.py
[2026-06-04T15:42:19.600+0000] {logging_mixin.py:190} INFO - [2026-06-04T15:42:19.600+0000] {dag.py:3239} INFO - Sync 1 DAGs
[2026-06-04T15:42:19.789+0000] {logging_mixin.py:190} INFO - [2026-06-04T15:42:19.788+0000] {dag.py:4180} INFO - Setting next_dagrun for datahub_metadata_ingestion to 2026-06-04 15:35:00+00:00, run_after=2026-06-04 15:40:00+00:00
[2026-06-04T15:42:19.815+0000] {processor.py:208} INFO - Processing /opt/airflow/dags/datahub_ingestion.py took 0.264 seconds
[2026-06-04T15:42:50.071+0000] {processor.py:186} INFO - Started process (PID=3113) to work on /opt/airflow/dags/datahub_ingestion.py
[2026-06-04T15:42:50.072+0000] {processor.py:914} INFO - Processing file /opt/airflow/dags/datahub_ingestion.py for tasks to queue
[2026-06-04T15:42:50.074+0000] {logging_mixin.py:190} INFO - [2026-06-04T15:42:50.074+0000] {dagbag.py:588} INFO - Filling up the DagBag from /opt/airflow/dags/datahub_ingestion.py
[2026-06-04T15:42:50.091+0000] {processor.py:925} INFO - DAG(s) 'datahub_metadata_ingestion' retrieved from /opt/airflow/dags/datahub_ingestion.py
[2026-06-04T15:42:50.112+0000] {logging_mixin.py:190} INFO - [2026-06-04T15:42:50.112+0000] {dag.py:3239} INFO - Sync 1 DAGs
[2026-06-04T15:42:50.141+0000] {logging_mixin.py:190} INFO - [2026-06-04T15:42:50.140+0000] {dag.py:4180} INFO - Setting next_dagrun for datahub_metadata_ingestion to 2026-06-04 15:35:00+00:00, run_after=2026-06-04 15:40:00+00:00
[2026-06-04T15:42:50.173+0000] {processor.py:208} INFO - Processing /opt/airflow/dags/datahub_ingestion.py took 0.108 seconds
[2026-06-04T15:43:20.423+0000] {processor.py:186} INFO - Started process (PID=3123) to work on /opt/airflow/dags/datahub_ingestion.py
[2026-06-04T15:43:20.424+0000] {processor.py:914} INFO - Processing file /opt/airflow/dags/datahub_ingestion.py for tasks to queue
[2026-06-04T15:43:20.427+0000] {logging_mixin.py:190} INFO - [2026-06-04T15:43:20.426+0000] {dagbag.py:588} INFO - Filling up the DagBag from /opt/airflow/dags/datahub_ingestion.py
[2026-06-04T15:43:20.444+0000] {processor.py:925} INFO - DAG(s) 'datahub_metadata_ingestion' retrieved from /opt/airflow/dags/datahub_ingestion.py
[2026-06-04T15:43:20.470+0000] {logging_mixin.py:190} INFO - [2026-06-04T15:43:20.470+0000] {dag.py:3239} INFO - Sync 1 DAGs
[2026-06-04T15:43:20.503+0000] {logging_mixin.py:190} INFO - [2026-06-04T15:43:20.502+0000] {dag.py:4180} INFO - Setting next_dagrun for datahub_metadata_ingestion to 2026-06-04 15:35:00+00:00, run_after=2026-06-04 15:40:00+00:00
[2026-06-04T15:43:20.527+0000] {processor.py:208} INFO - Processing /opt/airflow/dags/datahub_ingestion.py took 0.111 seconds
[2026-06-04T15:43:50.749+0000] {processor.py:186} INFO - Started process (PID=3133) to work on /opt/airflow/dags/datahub_ingestion.py
[2026-06-04T15:43:50.750+0000] {processor.py:914} INFO - Processing file /opt/airflow/dags/datahub_ingestion.py for tasks to queue
[2026-06-04T15:43:50.752+0000] {logging_mixin.py:190} INFO - [2026-06-04T15:43:50.752+0000] {dagbag.py:588} INFO - Filling up the DagBag from /opt/airflow/dags/datahub_ingestion.py
[2026-06-04T15:43:50.769+0000] {processor.py:925} INFO - DAG(s) 'datahub_metadata_ingestion' retrieved from /opt/airflow/dags/datahub_ingestion.py
[2026-06-04T15:43:50.794+0000] {logging_mixin.py:190} INFO - [2026-06-04T15:43:50.793+0000] {dag.py:3239} INFO - Sync 1 DAGs
[2026-06-04T15:43:50.979+0000] {logging_mixin.py:190} INFO - [2026-06-04T15:43:50.979+0000] {dag.py:4180} INFO - Setting next_dagrun for datahub_metadata_ingestion to 2026-06-04 15:35:00+00:00, run_after=2026-06-04 15:40:00+00:00
[2026-06-04T15:43:51.008+0000] {processor.py:208} INFO - Processing /opt/airflow/dags/datahub_ingestion.py took 0.266 seconds
[2026-06-04T15:44:21.259+0000] {processor.py:186} INFO - Started process (PID=3143) to work on /opt/airflow/dags/datahub_ingestion.py
[2026-06-04T15:44:21.264+0000] {processor.py:914} INFO - Processing file /opt/airflow/dags/datahub_ingestion.py for tasks to queue
[2026-06-04T15:44:21.270+0000] {logging_mixin.py:190} INFO - [2026-06-04T15:44:21.269+0000] {dagbag.py:588} INFO - Filling up the DagBag from /opt/airflow/dags/datahub_ingestion.py
[2026-06-04T15:44:21.290+0000] {processor.py:925} INFO - DAG(s) 'datahub_metadata_ingestion' retrieved from /opt/airflow/dags/datahub_ingestion.py
[2026-06-04T15:44:21.318+0000] {logging_mixin.py:190} INFO - [2026-06-04T15:44:21.317+0000] {dag.py:3239} INFO - Sync 1 DAGs
[2026-06-04T15:44:21.350+0000] {logging_mixin.py:190} INFO - [2026-06-04T15:44:21.350+0000] {dag.py:4180} INFO - Setting next_dagrun for datahub_metadata_ingestion to 2026-06-04 15:35:00+00:00, run_after=2026-06-04 15:40:00+00:00
[2026-06-04T15:44:21.379+0000] {processor.py:208} INFO - Processing /opt/airflow/dags/datahub_ingestion.py took 0.126 seconds
[2026-06-04T15:44:51.639+0000] {processor.py:186} INFO - Started process (PID=3153) to work on /opt/airflow/dags/datahub_ingestion.py
[2026-06-04T15:44:51.644+0000] {processor.py:914} INFO - Processing file /opt/airflow/dags/datahub_ingestion.py for tasks to queue
[2026-06-04T15:44:51.650+0000] {logging_mixin.py:190} INFO - [2026-06-04T15:44:51.649+0000] {dagbag.py:588} INFO - Filling up the DagBag from /opt/airflow/dags/datahub_ingestion.py
[2026-06-04T15:44:51.673+0000] {processor.py:925} INFO - DAG(s) 'datahub_metadata_ingestion' retrieved from /opt/airflow/dags/datahub_ingestion.py
[2026-06-04T15:44:51.706+0000] {logging_mixin.py:190} INFO - [2026-06-04T15:44:51.705+0000] {dag.py:3239} INFO - Sync 1 DAGs
[2026-06-04T15:44:51.749+0000] {logging_mixin.py:190} INFO - [2026-06-04T15:44:51.749+0000] {dag.py:4180} INFO - Setting next_dagrun for datahub_metadata_ingestion to 2026-06-04 15:35:00+00:00, run_after=2026-06-04 15:40:00+00:00
[2026-06-04T15:44:51.781+0000] {processor.py:208} INFO - Processing /opt/airflow/dags/datahub_ingestion.py took 0.149 seconds
[2026-06-04T15:45:22.100+0000] {processor.py:186} INFO - Started process (PID=3163) to work on /opt/airflow/dags/datahub_ingestion.py
[2026-06-04T15:45:22.105+0000] {processor.py:914} INFO - Processing file /opt/airflow/dags/datahub_ingestion.py for tasks to queue
[2026-06-04T15:45:22.111+0000] {logging_mixin.py:190} INFO - [2026-06-04T15:45:22.111+0000] {dagbag.py:588} INFO - Filling up the DagBag from /opt/airflow/dags/datahub_ingestion.py
[2026-06-04T15:45:22.134+0000] {processor.py:925} INFO - DAG(s) 'datahub_metadata_ingestion' retrieved from /opt/airflow/dags/datahub_ingestion.py
[2026-06-04T15:45:22.168+0000] {logging_mixin.py:190} INFO - [2026-06-04T15:45:22.168+0000] {dag.py:3239} INFO - Sync 1 DAGs
[2026-06-04T15:45:22.424+0000] {logging_mixin.py:190} INFO - [2026-06-04T15:45:22.424+0000] {dag.py:4180} INFO - Setting next_dagrun for datahub_metadata_ingestion to 2026-06-04 15:40:00+00:00, run_after=2026-06-04 15:45:00+00:00
[2026-06-04T15:45:22.452+0000] {processor.py:208} INFO - Processing /opt/airflow/dags/datahub_ingestion.py took 0.360 seconds
[2026-06-04T15:45:52.745+0000] {processor.py:186} INFO - Started process (PID=3173) to work on /opt/airflow/dags/datahub_ingestion.py
[2026-06-04T15:45:52.750+0000] {processor.py:914} INFO - Processing file /opt/airflow/dags/datahub_ingestion.py for tasks to queue
[2026-06-04T15:45:52.756+0000] {logging_mixin.py:190} INFO - [2026-06-04T15:45:52.755+0000] {dagbag.py:588} INFO - Filling up the DagBag from /opt/airflow/dags/datahub_ingestion.py
[2026-06-04T15:45:52.778+0000] {processor.py:925} INFO - DAG(s) 'datahub_metadata_ingestion' retrieved from /opt/airflow/dags/datahub_ingestion.py
[2026-06-04T15:45:52.808+0000] {logging_mixin.py:190} INFO - [2026-06-04T15:45:52.808+0000] {dag.py:3239} INFO - Sync 1 DAGs
[2026-06-04T15:45:52.853+0000] {logging_mixin.py:190} INFO - [2026-06-04T15:45:52.853+0000] {dag.py:4180} INFO - Setting next_dagrun for datahub_metadata_ingestion to 2026-06-04 15:40:00+00:00, run_after=2026-06-04 15:45:00+00:00
[2026-06-04T15:45:52.887+0000] {processor.py:208} INFO - Processing /opt/airflow/dags/datahub_ingestion.py took 0.149 seconds
[2026-06-04T15:46:23.016+0000] {processor.py:186} INFO - Started process (PID=3181) to work on /opt/airflow/dags/datahub_ingestion.py
[2026-06-04T15:46:23.023+0000] {processor.py:914} INFO - Processing file /opt/airflow/dags/datahub_ingestion.py for tasks to queue
[2026-06-04T15:46:23.028+0000] {logging_mixin.py:190} INFO - [2026-06-04T15:46:23.028+0000] {dagbag.py:588} INFO - Filling up the DagBag from /opt/airflow/dags/datahub_ingestion.py
[2026-06-04T15:46:23.052+0000] {processor.py:925} INFO - DAG(s) 'datahub_metadata_ingestion' retrieved from /opt/airflow/dags/datahub_ingestion.py
[2026-06-04T15:46:23.085+0000] {logging_mixin.py:190} INFO - [2026-06-04T15:46:23.085+0000] {dag.py:3239} INFO - Sync 1 DAGs
[2026-06-04T15:46:23.122+0000] {logging_mixin.py:190} INFO - [2026-06-04T15:46:23.122+0000] {dag.py:4180} INFO - Setting next_dagrun for datahub_metadata_ingestion to 2026-06-04 15:40:00+00:00, run_after=2026-06-04 15:45:00+00:00
[2026-06-04T15:46:23.152+0000] {processor.py:208} INFO - Processing /opt/airflow/dags/datahub_ingestion.py took 0.144 seconds
[2026-06-04T15:46:53.399+0000] {processor.py:186} INFO - Started process (PID=3188) to work on /opt/airflow/dags/datahub_ingestion.py
[2026-06-04T15:46:53.405+0000] {processor.py:914} INFO - Processing file /opt/airflow/dags/datahub_ingestion.py for tasks to queue
[2026-06-04T15:46:53.411+0000] {logging_mixin.py:190} INFO - [2026-06-04T15:46:53.410+0000] {dagbag.py:588} INFO - Filling up the DagBag from /opt/airflow/dags/datahub_ingestion.py
[2026-06-04T15:46:53.434+0000] {processor.py:925} INFO - DAG(s) 'datahub_metadata_ingestion' retrieved from /opt/airflow/dags/datahub_ingestion.py
[2026-06-04T15:46:53.466+0000] {logging_mixin.py:190} INFO - [2026-06-04T15:46:53.465+0000] {dag.py:3239} INFO - Sync 1 DAGs
[2026-06-04T15:46:53.499+0000] {logging_mixin.py:190} INFO - [2026-06-04T15:46:53.499+0000] {dag.py:4180} INFO - Setting next_dagrun for datahub_metadata_ingestion to 2026-06-04 15:40:00+00:00, run_after=2026-06-04 15:45:00+00:00
[2026-06-04T15:46:53.733+0000] {processor.py:208} INFO - Processing /opt/airflow/dags/datahub_ingestion.py took 0.341 seconds
[2026-06-04T15:47:24.686+0000] {processor.py:186} INFO - Started process (PID=3198) to work on /opt/airflow/dags/datahub_ingestion.py
[2026-06-04T15:47:24.693+0000] {processor.py:914} INFO - Processing file /opt/airflow/dags/datahub_ingestion.py for tasks to queue
[2026-06-04T15:47:24.700+0000] {logging_mixin.py:190} INFO - [2026-06-04T15:47:24.699+0000] {dagbag.py:588} INFO - Filling up the DagBag from /opt/airflow/dags/datahub_ingestion.py
[2026-06-04T15:47:24.721+0000] {processor.py:925} INFO - DAG(s) 'datahub_metadata_ingestion' retrieved from /opt/airflow/dags/datahub_ingestion.py
[2026-06-04T15:47:24.752+0000] {logging_mixin.py:190} INFO - [2026-06-04T15:47:24.752+0000] {dag.py:3239} INFO - Sync 1 DAGs
[2026-06-04T15:47:24.996+0000] {logging_mixin.py:190} INFO - [2026-06-04T15:47:24.996+0000] {dag.py:4180} INFO - Setting next_dagrun for datahub_metadata_ingestion to 2026-06-04 15:40:00+00:00, run_after=2026-06-04 15:45:00+00:00
[2026-06-04T15:47:25.022+0000] {processor.py:208} INFO - Processing /opt/airflow/dags/datahub_ingestion.py took 0.344 seconds
[2026-06-04T15:47:55.095+0000] {processor.py:186} INFO - Started process (PID=3208) to work on /opt/airflow/dags/datahub_ingestion.py
[2026-06-04T15:47:55.109+0000] {processor.py:914} INFO - Processing file /opt/airflow/dags/datahub_ingestion.py for tasks to queue
[2026-06-04T15:47:55.115+0000] {logging_mixin.py:190} INFO - [2026-06-04T15:47:55.114+0000] {dagbag.py:588} INFO - Filling up the DagBag from /opt/airflow/dags/datahub_ingestion.py
[2026-06-04T15:47:55.136+0000] {processor.py:925} INFO - DAG(s) 'datahub_metadata_ingestion' retrieved from /opt/airflow/dags/datahub_ingestion.py
[2026-06-04T15:47:55.164+0000] {logging_mixin.py:190} INFO - [2026-06-04T15:47:55.164+0000] {dag.py:3239} INFO - Sync 1 DAGs
[2026-06-04T15:47:55.202+0000] {logging_mixin.py:190} INFO - [2026-06-04T15:47:55.202+0000] {dag.py:4180} INFO - Setting next_dagrun for datahub_metadata_ingestion to 2026-06-04 15:40:00+00:00, run_after=2026-06-04 15:45:00+00:00
[2026-06-04T15:47:55.228+0000] {processor.py:208} INFO - Processing /opt/airflow/dags/datahub_ingestion.py took 0.140 seconds
[2026-06-04T15:48:25.355+0000] {processor.py:186} INFO - Started process (PID=3218) to work on /opt/airflow/dags/datahub_ingestion.py
[2026-06-04T15:48:25.360+0000] {processor.py:914} INFO - Processing file /opt/airflow/dags/datahub_ingestion.py for tasks to queue
[2026-06-04T15:48:25.368+0000] {logging_mixin.py:190} INFO - [2026-06-04T15:48:25.368+0000] {dagbag.py:588} INFO - Filling up the DagBag from /opt/airflow/dags/datahub_ingestion.py
[2026-06-04T15:48:25.390+0000] {processor.py:925} INFO - DAG(s) 'datahub_metadata_ingestion' retrieved from /opt/airflow/dags/datahub_ingestion.py
[2026-06-04T15:48:25.420+0000] {logging_mixin.py:190} INFO - [2026-06-04T15:48:25.420+0000] {dag.py:3239} INFO - Sync 1 DAGs
[2026-06-04T15:48:25.461+0000] {logging_mixin.py:190} INFO - [2026-06-04T15:48:25.461+0000] {dag.py:4180} INFO - Setting next_dagrun for datahub_metadata_ingestion to 2026-06-04 15:40:00+00:00, run_after=2026-06-04 15:45:00+00:00
[2026-06-04T15:48:25.488+0000] {processor.py:208} INFO - Processing /opt/airflow/dags/datahub_ingestion.py took 0.140 seconds
[2026-06-04T15:48:55.731+0000] {processor.py:186} INFO - Started process (PID=3228) to work on /opt/airflow/dags/datahub_ingestion.py
[2026-06-04T15:48:55.736+0000] {processor.py:914} INFO - Processing file /opt/airflow/dags/datahub_ingestion.py for tasks to queue
[2026-06-04T15:48:55.742+0000] {logging_mixin.py:190} INFO - [2026-06-04T15:48:55.742+0000] {dagbag.py:588} INFO - Filling up the DagBag from /opt/airflow/dags/datahub_ingestion.py
[2026-06-04T15:48:55.765+0000] {processor.py:925} INFO - DAG(s) 'datahub_metadata_ingestion' retrieved from /opt/airflow/dags/datahub_ingestion.py
[2026-06-04T15:48:55.797+0000] {logging_mixin.py:190} INFO - [2026-06-04T15:48:55.796+0000] {dag.py:3239} INFO - Sync 1 DAGs
[2026-06-04T15:48:55.836+0000] {logging_mixin.py:190} INFO - [2026-06-04T15:48:55.835+0000] {dag.py:4180} INFO - Setting next_dagrun for datahub_metadata_ingestion to 2026-06-04 15:40:00+00:00, run_after=2026-06-04 15:45:00+00:00
[2026-06-04T15:48:56.070+0000] {processor.py:208} INFO - Processing /opt/airflow/dags/datahub_ingestion.py took 0.347 seconds
[2026-06-04T15:49:26.348+0000] {processor.py:186} INFO - Started process (PID=3238) to work on /opt/airflow/dags/datahub_ingestion.py
[2026-06-04T15:49:26.353+0000] {processor.py:914} INFO - Processing file /opt/airflow/dags/datahub_ingestion.py for tasks to queue
[2026-06-04T15:49:26.359+0000] {logging_mixin.py:190} INFO - [2026-06-04T15:49:26.359+0000] {dagbag.py:588} INFO - Filling up the DagBag from /opt/airflow/dags/datahub_ingestion.py
[2026-06-04T15:49:26.381+0000] {processor.py:925} INFO - DAG(s) 'datahub_metadata_ingestion' retrieved from /opt/airflow/dags/datahub_ingestion.py
[2026-06-04T15:49:26.415+0000] {logging_mixin.py:190} INFO - [2026-06-04T15:49:26.415+0000] {dag.py:3239} INFO - Sync 1 DAGs
[2026-06-04T15:49:26.659+0000] {logging_mixin.py:190} INFO - [2026-06-04T15:49:26.658+0000] {dag.py:4180} INFO - Setting next_dagrun for datahub_metadata_ingestion to 2026-06-04 15:40:00+00:00, run_after=2026-06-04 15:45:00+00:00
[2026-06-04T15:49:26.680+0000] {processor.py:208} INFO - Processing /opt/airflow/dags/datahub_ingestion.py took 0.340 seconds
[2026-06-04T15:49:56.966+0000] {processor.py:186} INFO - Started process (PID=3248) to work on /opt/airflow/dags/datahub_ingestion.py
[2026-06-04T15:49:56.973+0000] {processor.py:914} INFO - Processing file /opt/airflow/dags/datahub_ingestion.py for tasks to queue
[2026-06-04T15:49:56.979+0000] {logging_mixin.py:190} INFO - [2026-06-04T15:49:56.979+0000] {dagbag.py:588} INFO - Filling up the DagBag from /opt/airflow/dags/datahub_ingestion.py
[2026-06-04T15:49:57.219+0000] {processor.py:925} INFO - DAG(s) 'datahub_metadata_ingestion' retrieved from /opt/airflow/dags/datahub_ingestion.py
[2026-06-04T15:49:57.239+0000] {logging_mixin.py:190} INFO - [2026-06-04T15:49:57.239+0000] {dag.py:3239} INFO - Sync 1 DAGs
[2026-06-04T15:49:57.266+0000] {logging_mixin.py:190} INFO - [2026-06-04T15:49:57.266+0000] {dag.py:4180} INFO - Setting next_dagrun for datahub_metadata_ingestion to 2026-06-04 15:40:00+00:00, run_after=2026-06-04 15:45:00+00:00
[2026-06-04T15:49:57.292+0000] {processor.py:208} INFO - Processing /opt/airflow/dags/datahub_ingestion.py took 0.334 seconds
[2026-06-04T15:50:27.591+0000] {processor.py:186} INFO - Started process (PID=3256) to work on /opt/airflow/dags/datahub_ingestion.py
[2026-06-04T15:50:37.163+0000] {processor.py:914} INFO - Processing file /opt/airflow/dags/datahub_ingestion.py for tasks to queue
[2026-06-04T15:50:37.169+0000] {logging_mixin.py:190} INFO - [2026-06-04T15:50:37.169+0000] {dagbag.py:588} INFO - Filling up the DagBag from /opt/airflow/dags/datahub_ingestion.py
[2026-06-04T15:50:37.192+0000] {processor.py:925} INFO - DAG(s) 'datahub_metadata_ingestion' retrieved from /opt/airflow/dags/datahub_ingestion.py
[2026-06-04T15:50:37.232+0000] {logging_mixin.py:190} INFO - [2026-06-04T15:50:37.231+0000] {dag.py:3239} INFO - Sync 1 DAGs
[2026-06-04T15:50:37.284+0000] {logging_mixin.py:190} INFO - [2026-06-04T15:50:37.283+0000] {dag.py:4180} INFO - Setting next_dagrun for datahub_metadata_ingestion to 2026-06-04 15:45:00+00:00, run_after=2026-06-04 15:50:00+00:00
[2026-06-04T15:50:37.317+0000] {processor.py:208} INFO - Processing /opt/airflow/dags/datahub_ingestion.py took 9.734 seconds
[2026-06-04T15:51:07.614+0000] {processor.py:186} INFO - Started process (PID=3266) to work on /opt/airflow/dags/datahub_ingestion.py
[2026-06-04T15:51:07.619+0000] {processor.py:914} INFO - Processing file /opt/airflow/dags/datahub_ingestion.py for tasks to queue
[2026-06-04T15:51:07.624+0000] {logging_mixin.py:190} INFO - [2026-06-04T15:51:07.624+0000] {dagbag.py:588} INFO - Filling up the DagBag from /opt/airflow/dags/datahub_ingestion.py
[2026-06-04T15:51:07.645+0000] {processor.py:925} INFO - DAG(s) 'datahub_metadata_ingestion' retrieved from /opt/airflow/dags/datahub_ingestion.py
[2026-06-04T15:51:07.671+0000] {logging_mixin.py:190} INFO - [2026-06-04T15:51:07.671+0000] {dag.py:3239} INFO - Sync 1 DAGs
[2026-06-04T15:51:07.709+0000] {logging_mixin.py:190} INFO - [2026-06-04T15:51:07.709+0000] {dag.py:4180} INFO - Setting next_dagrun for datahub_metadata_ingestion to 2026-06-04 15:45:00+00:00, run_after=2026-06-04 15:50:00+00:00
[2026-06-04T15:51:07.739+0000] {processor.py:208} INFO - Processing /opt/airflow/dags/datahub_ingestion.py took 0.132 seconds
[2026-06-04T15:51:37.928+0000] {processor.py:186} INFO - Started process (PID=3276) to work on /opt/airflow/dags/datahub_ingestion.py
[2026-06-04T15:51:37.935+0000] {processor.py:914} INFO - Processing file /opt/airflow/dags/datahub_ingestion.py for tasks to queue
[2026-06-04T15:51:37.942+0000] {logging_mixin.py:190} INFO - [2026-06-04T15:51:37.942+0000] {dagbag.py:588} INFO - Filling up the DagBag from /opt/airflow/dags/datahub_ingestion.py
[2026-06-04T15:51:37.964+0000] {processor.py:925} INFO - DAG(s) 'datahub_metadata_ingestion' retrieved from /opt/airflow/dags/datahub_ingestion.py
[2026-06-04T15:51:37.993+0000] {logging_mixin.py:190} INFO - [2026-06-04T15:51:37.993+0000] {dag.py:3239} INFO - Sync 1 DAGs
[2026-06-04T15:51:38.024+0000] {logging_mixin.py:190} INFO - [2026-06-04T15:51:38.023+0000] {dag.py:4180} INFO - Setting next_dagrun for datahub_metadata_ingestion to 2026-06-04 15:45:00+00:00, run_after=2026-06-04 15:50:00+00:00
[2026-06-04T15:51:38.053+0000] {processor.py:208} INFO - Processing /opt/airflow/dags/datahub_ingestion.py took 0.134 seconds
[2026-06-04T15:52:08.279+0000] {processor.py:186} INFO - Started process (PID=3286) to work on /opt/airflow/dags/datahub_ingestion.py
[2026-06-04T15:52:08.286+0000] {processor.py:914} INFO - Processing file /opt/airflow/dags/datahub_ingestion.py for tasks to queue
[2026-06-04T15:52:08.292+0000] {logging_mixin.py:190} INFO - [2026-06-04T15:52:08.291+0000] {dagbag.py:588} INFO - Filling up the DagBag from /opt/airflow/dags/datahub_ingestion.py
[2026-06-04T15:52:08.313+0000] {processor.py:925} INFO - DAG(s) 'datahub_metadata_ingestion' retrieved from /opt/airflow/dags/datahub_ingestion.py
[2026-06-04T15:52:08.343+0000] {logging_mixin.py:190} INFO - [2026-06-04T15:52:08.343+0000] {dag.py:3239} INFO - Sync 1 DAGs
[2026-06-04T15:52:08.379+0000] {logging_mixin.py:190} INFO - [2026-06-04T15:52:08.379+0000] {dag.py:4180} INFO - Setting next_dagrun for datahub_metadata_ingestion to 2026-06-04 15:45:00+00:00, run_after=2026-06-04 15:50:00+00:00
[2026-06-04T15:52:08.409+0000] {processor.py:208} INFO - Processing /opt/airflow/dags/datahub_ingestion.py took 0.138 seconds
[2026-06-04T15:52:38.574+0000] {processor.py:186} INFO - Started process (PID=3296) to work on /opt/airflow/dags/datahub_ingestion.py
[2026-06-04T15:52:38.578+0000] {processor.py:914} INFO - Processing file /opt/airflow/dags/datahub_ingestion.py for tasks to queue
[2026-06-04T15:52:38.583+0000] {logging_mixin.py:190} INFO - [2026-06-04T15:52:38.583+0000] {dagbag.py:588} INFO - Filling up the DagBag from /opt/airflow/dags/datahub_ingestion.py
[2026-06-04T15:52:38.600+0000] {processor.py:925} INFO - DAG(s) 'datahub_metadata_ingestion' retrieved from /opt/airflow/dags/datahub_ingestion.py
[2026-06-04T15:52:38.626+0000] {logging_mixin.py:190} INFO - [2026-06-04T15:52:38.626+0000] {dag.py:3239} INFO - Sync 1 DAGs
[2026-06-04T15:52:38.663+0000] {logging_mixin.py:190} INFO - [2026-06-04T15:52:38.662+0000] {dag.py:4180} INFO - Setting next_dagrun for datahub_metadata_ingestion to 2026-06-04 15:45:00+00:00, run_after=2026-06-04 15:50:00+00:00
[2026-06-04T15:52:38.686+0000] {processor.py:208} INFO - Processing /opt/airflow/dags/datahub_ingestion.py took 0.119 seconds
[2026-06-04T15:53:08.991+0000] {processor.py:186} INFO - Started process (PID=3306) to work on /opt/airflow/dags/datahub_ingestion.py
[2026-06-04T15:53:08.998+0000] {processor.py:914} INFO - Processing file /opt/airflow/dags/datahub_ingestion.py for tasks to queue
[2026-06-04T15:53:09.004+0000] {logging_mixin.py:190} INFO - [2026-06-04T15:53:09.003+0000] {dagbag.py:588} INFO - Filling up the DagBag from /opt/airflow/dags/datahub_ingestion.py
[2026-06-04T15:53:09.029+0000] {processor.py:925} INFO - DAG(s) 'datahub_metadata_ingestion' retrieved from /opt/airflow/dags/datahub_ingestion.py
[2026-06-04T15:53:09.053+0000] {logging_mixin.py:190} INFO - [2026-06-04T15:53:09.053+0000] {dag.py:3239} INFO - Sync 1 DAGs
[2026-06-04T15:53:09.083+0000] {logging_mixin.py:190} INFO - [2026-06-04T15:53:09.083+0000] {dag.py:4180} INFO - Setting next_dagrun for datahub_metadata_ingestion to 2026-06-04 15:45:00+00:00, run_after=2026-06-04 15:50:00+00:00
[2026-06-04T15:53:09.107+0000] {processor.py:208} INFO - Processing /opt/airflow/dags/datahub_ingestion.py took 0.123 seconds
[2026-06-04T15:53:39.926+0000] {processor.py:186} INFO - Started process (PID=3316) to work on /opt/airflow/dags/datahub_ingestion.py
[2026-06-04T15:53:39.940+0000] {processor.py:914} INFO - Processing file /opt/airflow/dags/datahub_ingestion.py for tasks to queue
[2026-06-04T15:53:39.946+0000] {logging_mixin.py:190} INFO - [2026-06-04T15:53:39.945+0000] {dagbag.py:588} INFO - Filling up the DagBag from /opt/airflow/dags/datahub_ingestion.py
[2026-06-04T15:53:39.969+0000] {processor.py:925} INFO - DAG(s) 'datahub_metadata_ingestion' retrieved from /opt/airflow/dags/datahub_ingestion.py
[2026-06-04T15:53:39.994+0000] {logging_mixin.py:190} INFO - [2026-06-04T15:53:39.994+0000] {dag.py:3239} INFO - Sync 1 DAGs
[2026-06-04T15:53:40.024+0000] {logging_mixin.py:190} INFO - [2026-06-04T15:53:40.024+0000] {dag.py:4180} INFO - Setting next_dagrun for datahub_metadata_ingestion to 2026-06-04 15:45:00+00:00, run_after=2026-06-04 15:50:00+00:00
[2026-06-04T15:53:40.048+0000] {processor.py:208} INFO - Processing /opt/airflow/dags/datahub_ingestion.py took 0.130 seconds
[2026-06-04T15:54:13.881+0000] {processor.py:186} INFO - Started process (PID=3326) to work on /opt/airflow/dags/datahub_ingestion.py
[2026-06-04T15:54:13.885+0000] {processor.py:914} INFO - Processing file /opt/airflow/dags/datahub_ingestion.py for tasks to queue
[2026-06-04T15:54:13.891+0000] {logging_mixin.py:190} INFO - [2026-06-04T15:54:13.890+0000] {dagbag.py:588} INFO - Filling up the DagBag from /opt/airflow/dags/datahub_ingestion.py
[2026-06-04T15:54:13.909+0000] {processor.py:925} INFO - DAG(s) 'datahub_metadata_ingestion' retrieved from /opt/airflow/dags/datahub_ingestion.py
[2026-06-04T15:54:13.937+0000] {logging_mixin.py:190} INFO - [2026-06-04T15:54:13.936+0000] {dag.py:3239} INFO - Sync 1 DAGs
[2026-06-04T15:54:13.970+0000] {logging_mixin.py:190} INFO - [2026-06-04T15:54:13.970+0000] {dag.py:4180} INFO - Setting next_dagrun for datahub_metadata_ingestion to 2026-06-04 15:45:00+00:00, run_after=2026-06-04 15:50:00+00:00
[2026-06-04T15:54:13.995+0000] {processor.py:208} INFO - Processing /opt/airflow/dags/datahub_ingestion.py took 0.122 seconds
[2026-06-04T15:54:44.150+0000] {processor.py:186} INFO - Started process (PID=3336) to work on /opt/airflow/dags/datahub_ingestion.py
[2026-06-04T15:54:44.155+0000] {processor.py:914} INFO - Processing file /opt/airflow/dags/datahub_ingestion.py for tasks to queue
[2026-06-04T15:54:44.161+0000] {logging_mixin.py:190} INFO - [2026-06-04T15:54:44.161+0000] {dagbag.py:588} INFO - Filling up the DagBag from /opt/airflow/dags/datahub_ingestion.py
[2026-06-04T15:54:44.183+0000] {processor.py:925} INFO - DAG(s) 'datahub_metadata_ingestion' retrieved from /opt/airflow/dags/datahub_ingestion.py
[2026-06-04T15:54:44.209+0000] {logging_mixin.py:190} INFO - [2026-06-04T15:54:44.209+0000] {dag.py:3239} INFO - Sync 1 DAGs
[2026-06-04T15:54:44.242+0000] {logging_mixin.py:190} INFO - [2026-06-04T15:54:44.242+0000] {dag.py:4180} INFO - Setting next_dagrun for datahub_metadata_ingestion to 2026-06-04 15:45:00+00:00, run_after=2026-06-04 15:50:00+00:00
[2026-06-04T15:54:44.273+0000] {processor.py:208} INFO - Processing /opt/airflow/dags/datahub_ingestion.py took 0.129 seconds
[2026-06-04T15:55:14.508+0000] {processor.py:186} INFO - Started process (PID=3346) to work on /opt/airflow/dags/datahub_ingestion.py
[2026-06-04T15:55:14.519+0000] {processor.py:914} INFO - Processing file /opt/airflow/dags/datahub_ingestion.py for tasks to queue
[2026-06-04T15:55:14.527+0000] {logging_mixin.py:190} INFO - [2026-06-04T15:55:14.526+0000] {dagbag.py:588} INFO - Filling up the DagBag from /opt/airflow/dags/datahub_ingestion.py
[2026-06-04T15:55:14.550+0000] {processor.py:925} INFO - DAG(s) 'datahub_metadata_ingestion' retrieved from /opt/airflow/dags/datahub_ingestion.py
[2026-06-04T15:55:14.584+0000] {logging_mixin.py:190} INFO - [2026-06-04T15:55:14.583+0000] {dag.py:3239} INFO - Sync 1 DAGs
[2026-06-04T15:55:14.625+0000] {logging_mixin.py:190} INFO - [2026-06-04T15:55:14.624+0000] {dag.py:4180} INFO - Setting next_dagrun for datahub_metadata_ingestion to 2026-06-04 15:50:00+00:00, run_after=2026-06-04 15:55:00+00:00
[2026-06-04T15:55:14.661+0000] {processor.py:208} INFO - Processing /opt/airflow/dags/datahub_ingestion.py took 0.160 seconds
[2026-06-04T15:55:47.752+0000] {processor.py:186} INFO - Started process (PID=3356) to work on /opt/airflow/dags/datahub_ingestion.py
[2026-06-04T15:55:47.758+0000] {processor.py:914} INFO - Processing file /opt/airflow/dags/datahub_ingestion.py for tasks to queue
[2026-06-04T15:55:47.764+0000] {logging_mixin.py:190} INFO - [2026-06-04T15:55:47.764+0000] {dagbag.py:588} INFO - Filling up the DagBag from /opt/airflow/dags/datahub_ingestion.py
[2026-06-04T15:55:47.784+0000] {processor.py:925} INFO - DAG(s) 'datahub_metadata_ingestion' retrieved from /opt/airflow/dags/datahub_ingestion.py
[2026-06-04T15:55:47.813+0000] {logging_mixin.py:190} INFO - [2026-06-04T15:55:47.812+0000] {dag.py:3239} INFO - Sync 1 DAGs
[2026-06-04T15:55:47.848+0000] {logging_mixin.py:190} INFO - [2026-06-04T15:55:47.848+0000] {dag.py:4180} INFO - Setting next_dagrun for datahub_metadata_ingestion to 2026-06-04 15:50:00+00:00, run_after=2026-06-04 15:55:00+00:00
[2026-06-04T15:55:47.878+0000] {processor.py:208} INFO - Processing /opt/airflow/dags/datahub_ingestion.py took 0.132 seconds
[2026-06-04T15:56:18.190+0000] {processor.py:186} INFO - Started process (PID=3366) to work on /opt/airflow/dags/datahub_ingestion.py
[2026-06-04T15:56:33.388+0000] {processor.py:914} INFO - Processing file /opt/airflow/dags/datahub_ingestion.py for tasks to queue
[2026-06-04T15:56:33.416+0000] {logging_mixin.py:190} INFO - [2026-06-04T15:56:33.416+0000] {dagbag.py:588} INFO - Filling up the DagBag from /opt/airflow/dags/datahub_ingestion.py
[2026-06-04T15:56:33.445+0000] {processor.py:925} INFO - DAG(s) 'datahub_metadata_ingestion' retrieved from /opt/airflow/dags/datahub_ingestion.py
[2026-06-04T15:56:33.483+0000] {logging_mixin.py:190} INFO - [2026-06-04T15:56:33.482+0000] {dag.py:3239} INFO - Sync 1 DAGs
[2026-06-04T15:56:33.534+0000] {logging_mixin.py:190} INFO - [2026-06-04T15:56:33.533+0000] {dag.py:4180} INFO - Setting next_dagrun for datahub_metadata_ingestion to 2026-06-04 15:50:00+00:00, run_after=2026-06-04 15:55:00+00:00
[2026-06-04T15:56:33.581+0000] {processor.py:208} INFO - Processing /opt/airflow/dags/datahub_ingestion.py took 15.398 seconds
[2026-06-04T15:57:03.865+0000] {processor.py:186} INFO - Started process (PID=3378) to work on /opt/airflow/dags/datahub_ingestion.py
[2026-06-04T15:57:03.871+0000] {processor.py:914} INFO - Processing file /opt/airflow/dags/datahub_ingestion.py for tasks to queue
[2026-06-04T15:57:03.876+0000] {logging_mixin.py:190} INFO - [2026-06-04T15:57:03.876+0000] {dagbag.py:588} INFO - Filling up the DagBag from /opt/airflow/dags/datahub_ingestion.py
[2026-06-04T15:57:03.897+0000] {processor.py:925} INFO - DAG(s) 'datahub_metadata_ingestion' retrieved from /opt/airflow/dags/datahub_ingestion.py
[2026-06-04T15:57:03.928+0000] {logging_mixin.py:190} INFO - [2026-06-04T15:57:03.927+0000] {dag.py:3239} INFO - Sync 1 DAGs
[2026-06-04T15:57:03.964+0000] {logging_mixin.py:190} INFO - [2026-06-04T15:57:03.964+0000] {dag.py:4180} INFO - Setting next_dagrun for datahub_metadata_ingestion to 2026-06-04 15:50:00+00:00, run_after=2026-06-04 15:55:00+00:00
[2026-06-04T15:57:03.995+0000] {processor.py:208} INFO - Processing /opt/airflow/dags/datahub_ingestion.py took 0.139 seconds
[2026-06-04T15:57:34.249+0000] {processor.py:186} INFO - Started process (PID=3388) to work on /opt/airflow/dags/datahub_ingestion.py
[2026-06-04T15:57:35.992+0000] {processor.py:914} INFO - Processing file /opt/airflow/dags/datahub_ingestion.py for tasks to queue
[2026-06-04T15:57:35.998+0000] {logging_mixin.py:190} INFO - [2026-06-04T15:57:35.997+0000] {dagbag.py:588} INFO - Filling up the DagBag from /opt/airflow/dags/datahub_ingestion.py
[2026-06-04T15:57:36.018+0000] {processor.py:925} INFO - DAG(s) 'datahub_metadata_ingestion' retrieved from /opt/airflow/dags/datahub_ingestion.py
[2026-06-04T15:57:36.063+0000] {logging_mixin.py:190} INFO - [2026-06-04T15:57:36.063+0000] {dag.py:3239} INFO - Sync 1 DAGs
[2026-06-04T15:57:36.123+0000] {logging_mixin.py:190} INFO - [2026-06-04T15:57:36.123+0000] {dag.py:4180} INFO - Setting next_dagrun for datahub_metadata_ingestion to 2026-06-04 15:50:00+00:00, run_after=2026-06-04 15:55:00+00:00
[2026-06-04T15:57:36.171+0000] {processor.py:208} INFO - Processing /opt/airflow/dags/datahub_ingestion.py took 1.928 seconds
[2026-06-04T15:58:06.561+0000] {processor.py:186} INFO - Started process (PID=3398) to work on /opt/airflow/dags/datahub_ingestion.py
[2026-06-04T15:58:06.566+0000] {processor.py:914} INFO - Processing file /opt/airflow/dags/datahub_ingestion.py for tasks to queue
[2026-06-04T15:58:06.573+0000] {logging_mixin.py:190} INFO - [2026-06-04T15:58:06.572+0000] {dagbag.py:588} INFO - Filling up the DagBag from /opt/airflow/dags/datahub_ingestion.py
[2026-06-04T15:58:06.594+0000] {processor.py:925} INFO - DAG(s) 'datahub_metadata_ingestion' retrieved from /opt/airflow/dags/datahub_ingestion.py
[2026-06-04T15:58:06.624+0000] {logging_mixin.py:190} INFO - [2026-06-04T15:58:06.624+0000] {dag.py:3239} INFO - Sync 1 DAGs
[2026-06-04T15:58:06.661+0000] {logging_mixin.py:190} INFO - [2026-06-04T15:58:06.660+0000] {dag.py:4180} INFO - Setting next_dagrun for datahub_metadata_ingestion to 2026-06-04 15:50:00+00:00, run_after=2026-06-04 15:55:00+00:00
[2026-06-04T15:58:06.687+0000] {processor.py:208} INFO - Processing /opt/airflow/dags/datahub_ingestion.py took 0.134 seconds
[2026-06-04T15:58:36.925+0000] {processor.py:186} INFO - Started process (PID=3408) to work on /opt/airflow/dags/datahub_ingestion.py
[2026-06-04T15:58:36.930+0000] {processor.py:914} INFO - Processing file /opt/airflow/dags/datahub_ingestion.py for tasks to queue
[2026-06-04T15:58:36.936+0000] {logging_mixin.py:190} INFO - [2026-06-04T15:58:36.936+0000] {dagbag.py:588} INFO - Filling up the DagBag from /opt/airflow/dags/datahub_ingestion.py
[2026-06-04T15:58:36.955+0000] {processor.py:925} INFO - DAG(s) 'datahub_metadata_ingestion' retrieved from /opt/airflow/dags/datahub_ingestion.py
[2026-06-04T15:58:36.983+0000] {logging_mixin.py:190} INFO - [2026-06-04T15:58:36.983+0000] {dag.py:3239} INFO - Sync 1 DAGs
[2026-06-04T15:58:37.020+0000] {logging_mixin.py:190} INFO - [2026-06-04T15:58:37.020+0000] {dag.py:4180} INFO - Setting next_dagrun for datahub_metadata_ingestion to 2026-06-04 15:50:00+00:00, run_after=2026-06-04 15:55:00+00:00
[2026-06-04T15:58:37.051+0000] {processor.py:208} INFO - Processing /opt/airflow/dags/datahub_ingestion.py took 0.132 seconds
[2026-06-04T15:59:07.294+0000] {processor.py:186} INFO - Started process (PID=3418) to work on /opt/airflow/dags/datahub_ingestion.py
[2026-06-04T15:59:07.299+0000] {processor.py:914} INFO - Processing file /opt/airflow/dags/datahub_ingestion.py for tasks to queue
[2026-06-04T15:59:07.305+0000] {logging_mixin.py:190} INFO - [2026-06-04T15:59:07.305+0000] {dagbag.py:588} INFO - Filling up the DagBag from /opt/airflow/dags/datahub_ingestion.py
[2026-06-04T15:59:07.325+0000] {processor.py:925} INFO - DAG(s) 'datahub_metadata_ingestion' retrieved from /opt/airflow/dags/datahub_ingestion.py
[2026-06-04T15:59:07.352+0000] {logging_mixin.py:190} INFO - [2026-06-04T15:59:07.352+0000] {dag.py:3239} INFO - Sync 1 DAGs
[2026-06-04T15:59:07.390+0000] {logging_mixin.py:190} INFO - [2026-06-04T15:59:07.389+0000] {dag.py:4180} INFO - Setting next_dagrun for datahub_metadata_ingestion to 2026-06-04 15:50:00+00:00, run_after=2026-06-04 15:55:00+00:00
[2026-06-04T15:59:07.426+0000] {processor.py:208} INFO - Processing /opt/airflow/dags/datahub_ingestion.py took 0.139 seconds
[2026-06-04T15:59:37.665+0000] {processor.py:186} INFO - Started process (PID=3428) to work on /opt/airflow/dags/datahub_ingestion.py
[2026-06-04T15:59:37.671+0000] {processor.py:914} INFO - Processing file /opt/airflow/dags/datahub_ingestion.py for tasks to queue
[2026-06-04T15:59:37.676+0000] {logging_mixin.py:190} INFO - [2026-06-04T15:59:37.676+0000] {dagbag.py:588} INFO - Filling up the DagBag from /opt/airflow/dags/datahub_ingestion.py
[2026-06-04T15:59:37.696+0000] {processor.py:925} INFO - DAG(s) 'datahub_metadata_ingestion' retrieved from /opt/airflow/dags/datahub_ingestion.py
[2026-06-04T15:59:37.726+0000] {logging_mixin.py:190} INFO - [2026-06-04T15:59:37.726+0000] {dag.py:3239} INFO - Sync 1 DAGs
[2026-06-04T15:59:37.763+0000] {logging_mixin.py:190} INFO - [2026-06-04T15:59:37.763+0000] {dag.py:4180} INFO - Setting next_dagrun for datahub_metadata_ingestion to 2026-06-04 15:50:00+00:00, run_after=2026-06-04 15:55:00+00:00
[2026-06-04T15:59:37.797+0000] {processor.py:208} INFO - Processing /opt/airflow/dags/datahub_ingestion.py took 0.139 seconds
[2026-06-04T16:00:08.037+0000] {processor.py:186} INFO - Started process (PID=3438) to work on /opt/airflow/dags/datahub_ingestion.py
[2026-06-04T16:00:08.051+0000] {processor.py:914} INFO - Processing file /opt/airflow/dags/datahub_ingestion.py for tasks to queue
[2026-06-04T16:00:08.057+0000] {logging_mixin.py:190} INFO - [2026-06-04T16:00:08.056+0000] {dagbag.py:588} INFO - Filling up the DagBag from /opt/airflow/dags/datahub_ingestion.py
[2026-06-04T16:00:08.077+0000] {processor.py:925} INFO - DAG(s) 'datahub_metadata_ingestion' retrieved from /opt/airflow/dags/datahub_ingestion.py
[2026-06-04T16:00:08.105+0000] {logging_mixin.py:190} INFO - [2026-06-04T16:00:08.105+0000] {dag.py:3239} INFO - Sync 1 DAGs
[2026-06-04T16:00:08.142+0000] {logging_mixin.py:190} INFO - [2026-06-04T16:00:08.142+0000] {dag.py:4180} INFO - Setting next_dagrun for datahub_metadata_ingestion to 2026-06-04 15:55:00+00:00, run_after=2026-06-04 16:00:00+00:00
[2026-06-04T16:00:08.172+0000] {processor.py:208} INFO - Processing /opt/airflow/dags/datahub_ingestion.py took 0.142 seconds
[2026-06-04T16:00:38.410+0000] {processor.py:186} INFO - Started process (PID=3448) to work on /opt/airflow/dags/datahub_ingestion.py
[2026-06-04T16:00:38.415+0000] {processor.py:914} INFO - Processing file /opt/airflow/dags/datahub_ingestion.py for tasks to queue
[2026-06-04T16:00:38.420+0000] {logging_mixin.py:190} INFO - [2026-06-04T16:00:38.420+0000] {dagbag.py:588} INFO - Filling up the DagBag from /opt/airflow/dags/datahub_ingestion.py
[2026-06-04T16:00:38.441+0000] {processor.py:925} INFO - DAG(s) 'datahub_metadata_ingestion' retrieved from /opt/airflow/dags/datahub_ingestion.py
[2026-06-04T16:00:38.470+0000] {logging_mixin.py:190} INFO - [2026-06-04T16:00:38.470+0000] {dag.py:3239} INFO - Sync 1 DAGs
[2026-06-04T16:00:38.506+0000] {logging_mixin.py:190} INFO - [2026-06-04T16:00:38.506+0000] {dag.py:4180} INFO - Setting next_dagrun for datahub_metadata_ingestion to 2026-06-04 15:55:00+00:00, run_after=2026-06-04 16:00:00+00:00
[2026-06-04T16:00:38.531+0000] {processor.py:208} INFO - Processing /opt/airflow/dags/datahub_ingestion.py took 0.129 seconds
[2026-06-04T16:01:08.758+0000] {processor.py:186} INFO - Started process (PID=3458) to work on /opt/airflow/dags/datahub_ingestion.py
[2026-06-04T16:01:08.769+0000] {processor.py:914} INFO - Processing file /opt/airflow/dags/datahub_ingestion.py for tasks to queue
[2026-06-04T16:01:08.785+0000] {logging_mixin.py:190} INFO - [2026-06-04T16:01:08.784+0000] {dagbag.py:588} INFO - Filling up the DagBag from /opt/airflow/dags/datahub_ingestion.py
[2026-06-04T16:01:08.814+0000] {processor.py:925} INFO - DAG(s) 'datahub_metadata_ingestion' retrieved from /opt/airflow/dags/datahub_ingestion.py
[2026-06-04T16:01:08.850+0000] {logging_mixin.py:190} INFO - [2026-06-04T16:01:08.849+0000] {dag.py:3239} INFO - Sync 1 DAGs
[2026-06-04T16:01:08.904+0000] {logging_mixin.py:190} INFO - [2026-06-04T16:01:08.904+0000] {dag.py:4180} INFO - Setting next_dagrun for datahub_metadata_ingestion to 2026-06-04 15:55:00+00:00, run_after=2026-06-04 16:00:00+00:00
[2026-06-04T16:01:08.950+0000] {processor.py:208} INFO - Processing /opt/airflow/dags/datahub_ingestion.py took 0.198 seconds
[2026-06-04T16:01:39.198+0000] {processor.py:186} INFO - Started process (PID=3468) to work on /opt/airflow/dags/datahub_ingestion.py
[2026-06-04T16:01:39.205+0000] {processor.py:914} INFO - Processing file /opt/airflow/dags/datahub_ingestion.py for tasks to queue
[2026-06-04T16:01:39.210+0000] {logging_mixin.py:190} INFO - [2026-06-04T16:01:39.210+0000] {dagbag.py:588} INFO - Filling up the DagBag from /opt/airflow/dags/datahub_ingestion.py
[2026-06-04T16:01:39.231+0000] {processor.py:925} INFO - DAG(s) 'datahub_metadata_ingestion' retrieved from /opt/airflow/dags/datahub_ingestion.py
[2026-06-04T16:01:39.259+0000] {logging_mixin.py:190} INFO - [2026-06-04T16:01:39.259+0000] {dag.py:3239} INFO - Sync 1 DAGs
[2026-06-04T16:01:39.297+0000] {logging_mixin.py:190} INFO - [2026-06-04T16:01:39.297+0000] {dag.py:4180} INFO - Setting next_dagrun for datahub_metadata_ingestion to 2026-06-04 15:55:00+00:00, run_after=2026-06-04 16:00:00+00:00
[2026-06-04T16:01:39.331+0000] {processor.py:208} INFO - Processing /opt/airflow/dags/datahub_ingestion.py took 0.141 seconds
[2026-06-04T16:02:09.592+0000] {processor.py:186} INFO - Started process (PID=3478) to work on /opt/airflow/dags/datahub_ingestion.py
[2026-06-04T16:02:09.597+0000] {processor.py:914} INFO - Processing file /opt/airflow/dags/datahub_ingestion.py for tasks to queue
[2026-06-04T16:02:09.603+0000] {logging_mixin.py:190} INFO - [2026-06-04T16:02:09.603+0000] {dagbag.py:588} INFO - Filling up the DagBag from /opt/airflow/dags/datahub_ingestion.py
[2026-06-04T16:02:09.626+0000] {processor.py:925} INFO - DAG(s) 'datahub_metadata_ingestion' retrieved from /opt/airflow/dags/datahub_ingestion.py
[2026-06-04T16:02:09.658+0000] {logging_mixin.py:190} INFO - [2026-06-04T16:02:09.658+0000] {dag.py:3239} INFO - Sync 1 DAGs
[2026-06-04T16:02:09.698+0000] {logging_mixin.py:190} INFO - [2026-06-04T16:02:09.698+0000] {dag.py:4180} INFO - Setting next_dagrun for datahub_metadata_ingestion to 2026-06-04 15:55:00+00:00, run_after=2026-06-04 16:00:00+00:00
[2026-06-04T16:02:09.731+0000] {processor.py:208} INFO - Processing /opt/airflow/dags/datahub_ingestion.py took 0.147 seconds
[2026-06-04T16:02:40.022+0000] {processor.py:186} INFO - Started process (PID=3488) to work on /opt/airflow/dags/datahub_ingestion.py
[2026-06-04T16:02:40.028+0000] {processor.py:914} INFO - Processing file /opt/airflow/dags/datahub_ingestion.py for tasks to queue
[2026-06-04T16:02:40.033+0000] {logging_mixin.py:190} INFO - [2026-06-04T16:02:40.033+0000] {dagbag.py:588} INFO - Filling up the DagBag from /opt/airflow/dags/datahub_ingestion.py
[2026-06-04T16:02:40.058+0000] {processor.py:925} INFO - DAG(s) 'datahub_metadata_ingestion' retrieved from /opt/airflow/dags/datahub_ingestion.py
[2026-06-04T16:02:40.091+0000] {logging_mixin.py:190} INFO - [2026-06-04T16:02:40.091+0000] {dag.py:3239} INFO - Sync 1 DAGs
[2026-06-04T16:02:40.129+0000] {logging_mixin.py:190} INFO - [2026-06-04T16:02:40.129+0000] {dag.py:4180} INFO - Setting next_dagrun for datahub_metadata_ingestion to 2026-06-04 15:55:00+00:00, run_after=2026-06-04 16:00:00+00:00
[2026-06-04T16:02:40.161+0000] {processor.py:208} INFO - Processing /opt/airflow/dags/datahub_ingestion.py took 0.148 seconds
[2026-06-04T16:03:10.466+0000] {processor.py:186} INFO - Started process (PID=3498) to work on /opt/airflow/dags/datahub_ingestion.py
[2026-06-04T16:03:10.475+0000] {processor.py:914} INFO - Processing file /opt/airflow/dags/datahub_ingestion.py for tasks to queue
[2026-06-04T16:03:10.480+0000] {logging_mixin.py:190} INFO - [2026-06-04T16:03:10.480+0000] {dagbag.py:588} INFO - Filling up the DagBag from /opt/airflow/dags/datahub_ingestion.py
[2026-06-04T16:03:10.503+0000] {processor.py:925} INFO - DAG(s) 'datahub_metadata_ingestion' retrieved from /opt/airflow/dags/datahub_ingestion.py
[2026-06-04T16:03:10.535+0000] {logging_mixin.py:190} INFO - [2026-06-04T16:03:10.534+0000] {dag.py:3239} INFO - Sync 1 DAGs
[2026-06-04T16:03:10.577+0000] {logging_mixin.py:190} INFO - [2026-06-04T16:03:10.577+0000] {dag.py:4180} INFO - Setting next_dagrun for datahub_metadata_ingestion to 2026-06-04 15:55:00+00:00, run_after=2026-06-04 16:00:00+00:00
[2026-06-04T16:03:10.608+0000] {processor.py:208} INFO - Processing /opt/airflow/dags/datahub_ingestion.py took 0.149 seconds
[2026-06-04T16:03:40.891+0000] {processor.py:186} INFO - Started process (PID=3508) to work on /opt/airflow/dags/datahub_ingestion.py
[2026-06-04T16:03:40.897+0000] {processor.py:914} INFO - Processing file /opt/airflow/dags/datahub_ingestion.py for tasks to queue
[2026-06-04T16:03:40.903+0000] {logging_mixin.py:190} INFO - [2026-06-04T16:03:40.902+0000] {dagbag.py:588} INFO - Filling up the DagBag from /opt/airflow/dags/datahub_ingestion.py
[2026-06-04T16:03:40.926+0000] {processor.py:925} INFO - DAG(s) 'datahub_metadata_ingestion' retrieved from /opt/airflow/dags/datahub_ingestion.py
[2026-06-04T16:03:40.959+0000] {logging_mixin.py:190} INFO - [2026-06-04T16:03:40.958+0000] {dag.py:3239} INFO - Sync 1 DAGs
[2026-06-04T16:03:41.001+0000] {logging_mixin.py:190} INFO - [2026-06-04T16:03:41.000+0000] {dag.py:4180} INFO - Setting next_dagrun for datahub_metadata_ingestion to 2026-06-04 15:55:00+00:00, run_after=2026-06-04 16:00:00+00:00
[2026-06-04T16:03:41.030+0000] {processor.py:208} INFO - Processing /opt/airflow/dags/datahub_ingestion.py took 0.146 seconds
[2026-06-04T16:04:11.272+0000] {processor.py:186} INFO - Started process (PID=3518) to work on /opt/airflow/dags/datahub_ingestion.py
[2026-06-04T16:04:11.283+0000] {processor.py:914} INFO - Processing file /opt/airflow/dags/datahub_ingestion.py for tasks to queue
[2026-06-04T16:04:11.289+0000] {logging_mixin.py:190} INFO - [2026-06-04T16:04:11.288+0000] {dagbag.py:588} INFO - Filling up the DagBag from /opt/airflow/dags/datahub_ingestion.py
[2026-06-04T16:04:11.310+0000] {processor.py:925} INFO - DAG(s) 'datahub_metadata_ingestion' retrieved from /opt/airflow/dags/datahub_ingestion.py
[2026-06-04T16:04:11.344+0000] {logging_mixin.py:190} INFO - [2026-06-04T16:04:11.343+0000] {dag.py:3239} INFO - Sync 1 DAGs
[2026-06-04T16:04:11.371+0000] {logging_mixin.py:190} INFO - [2026-06-04T16:04:11.371+0000] {dag.py:4180} INFO - Setting next_dagrun for datahub_metadata_ingestion to 2026-06-04 15:55:00+00:00, run_after=2026-06-04 16:00:00+00:00
[2026-06-04T16:04:11.395+0000] {processor.py:208} INFO - Processing /opt/airflow/dags/datahub_ingestion.py took 0.131 seconds
[2026-06-04T16:04:41.634+0000] {processor.py:186} INFO - Started process (PID=3528) to work on /opt/airflow/dags/datahub_ingestion.py
[2026-06-04T16:04:41.639+0000] {processor.py:914} INFO - Processing file /opt/airflow/dags/datahub_ingestion.py for tasks to queue
[2026-06-04T16:04:41.645+0000] {logging_mixin.py:190} INFO - [2026-06-04T16:04:41.645+0000] {dagbag.py:588} INFO - Filling up the DagBag from /opt/airflow/dags/datahub_ingestion.py
[2026-06-04T16:04:41.665+0000] {processor.py:925} INFO - DAG(s) 'datahub_metadata_ingestion' retrieved from /opt/airflow/dags/datahub_ingestion.py
[2026-06-04T16:04:41.689+0000] {logging_mixin.py:190} INFO - [2026-06-04T16:04:41.689+0000] {dag.py:3239} INFO - Sync 1 DAGs
[2026-06-04T16:04:41.721+0000] {logging_mixin.py:190} INFO - [2026-06-04T16:04:41.721+0000] {dag.py:4180} INFO - Setting next_dagrun for datahub_metadata_ingestion to 2026-06-04 15:55:00+00:00, run_after=2026-06-04 16:00:00+00:00
[2026-06-04T16:04:41.749+0000] {processor.py:208} INFO - Processing /opt/airflow/dags/datahub_ingestion.py took 0.121 seconds
[2026-06-04T16:05:11.978+0000] {processor.py:186} INFO - Started process (PID=3538) to work on /opt/airflow/dags/datahub_ingestion.py
[2026-06-04T16:05:11.983+0000] {processor.py:914} INFO - Processing file /opt/airflow/dags/datahub_ingestion.py for tasks to queue
[2026-06-04T16:05:11.988+0000] {logging_mixin.py:190} INFO - [2026-06-04T16:05:11.988+0000] {dagbag.py:588} INFO - Filling up the DagBag from /opt/airflow/dags/datahub_ingestion.py
[2026-06-04T16:05:12.008+0000] {processor.py:925} INFO - DAG(s) 'datahub_metadata_ingestion' retrieved from /opt/airflow/dags/datahub_ingestion.py
[2026-06-04T16:05:12.038+0000] {logging_mixin.py:190} INFO - [2026-06-04T16:05:12.038+0000] {dag.py:3239} INFO - Sync 1 DAGs
[2026-06-04T16:05:12.079+0000] {logging_mixin.py:190} INFO - [2026-06-04T16:05:12.079+0000] {dag.py:4180} INFO - Setting next_dagrun for datahub_metadata_ingestion to 2026-06-04 16:00:00+00:00, run_after=2026-06-04 16:05:00+00:00
[2026-06-04T16:05:12.109+0000] {processor.py:208} INFO - Processing /opt/airflow/dags/datahub_ingestion.py took 0.138 seconds
[2026-06-04T16:05:42.341+0000] {processor.py:186} INFO - Started process (PID=3548) to work on /opt/airflow/dags/datahub_ingestion.py
[2026-06-04T16:05:42.346+0000] {processor.py:914} INFO - Processing file /opt/airflow/dags/datahub_ingestion.py for tasks to queue
[2026-06-04T16:05:42.351+0000] {logging_mixin.py:190} INFO - [2026-06-04T16:05:42.351+0000] {dagbag.py:588} INFO - Filling up the DagBag from /opt/airflow/dags/datahub_ingestion.py
[2026-06-04T16:05:42.372+0000] {processor.py:925} INFO - DAG(s) 'datahub_metadata_ingestion' retrieved from /opt/airflow/dags/datahub_ingestion.py
[2026-06-04T16:05:42.408+0000] {logging_mixin.py:190} INFO - [2026-06-04T16:05:42.407+0000] {dag.py:3239} INFO - Sync 1 DAGs
[2026-06-04T16:05:42.444+0000] {logging_mixin.py:190} INFO - [2026-06-04T16:05:42.443+0000] {dag.py:4180} INFO - Setting next_dagrun for datahub_metadata_ingestion to 2026-06-04 16:00:00+00:00, run_after=2026-06-04 16:05:00+00:00
[2026-06-04T16:05:42.468+0000] {processor.py:208} INFO - Processing /opt/airflow/dags/datahub_ingestion.py took 0.134 seconds
[2026-06-04T16:06:12.743+0000] {processor.py:186} INFO - Started process (PID=3558) to work on /opt/airflow/dags/datahub_ingestion.py
[2026-06-04T16:06:12.749+0000] {processor.py:914} INFO - Processing file /opt/airflow/dags/datahub_ingestion.py for tasks to queue
[2026-06-04T16:06:12.755+0000] {logging_mixin.py:190} INFO - [2026-06-04T16:06:12.754+0000] {dagbag.py:588} INFO - Filling up the DagBag from /opt/airflow/dags/datahub_ingestion.py
[2026-06-04T16:06:12.776+0000] {processor.py:925} INFO - DAG(s) 'datahub_metadata_ingestion' retrieved from /opt/airflow/dags/datahub_ingestion.py
[2026-06-04T16:06:12.808+0000] {logging_mixin.py:190} INFO - [2026-06-04T16:06:12.808+0000] {dag.py:3239} INFO - Sync 1 DAGs
[2026-06-04T16:06:12.847+0000] {logging_mixin.py:190} INFO - [2026-06-04T16:06:12.846+0000] {dag.py:4180} INFO - Setting next_dagrun for datahub_metadata_ingestion to 2026-06-04 16:00:00+00:00, run_after=2026-06-04 16:05:00+00:00
[2026-06-04T16:06:12.876+0000] {processor.py:208} INFO - Processing /opt/airflow/dags/datahub_ingestion.py took 0.141 seconds
[2026-06-04T16:06:43.151+0000] {processor.py:186} INFO - Started process (PID=3568) to work on /opt/airflow/dags/datahub_ingestion.py
[2026-06-04T16:06:43.157+0000] {processor.py:914} INFO - Processing file /opt/airflow/dags/datahub_ingestion.py for tasks to queue
[2026-06-04T16:06:43.163+0000] {logging_mixin.py:190} INFO - [2026-06-04T16:06:43.162+0000] {dagbag.py:588} INFO - Filling up the DagBag from /opt/airflow/dags/datahub_ingestion.py
[2026-06-04T16:06:43.184+0000] {processor.py:925} INFO - DAG(s) 'datahub_metadata_ingestion' retrieved from /opt/airflow/dags/datahub_ingestion.py
[2026-06-04T16:06:43.217+0000] {logging_mixin.py:190} INFO - [2026-06-04T16:06:43.217+0000] {dag.py:3239} INFO - Sync 1 DAGs
[2026-06-04T16:06:43.256+0000] {logging_mixin.py:190} INFO - [2026-06-04T16:06:43.255+0000] {dag.py:4180} INFO - Setting next_dagrun for datahub_metadata_ingestion to 2026-06-04 16:00:00+00:00, run_after=2026-06-04 16:05:00+00:00
[2026-06-04T16:06:43.286+0000] {processor.py:208} INFO - Processing /opt/airflow/dags/datahub_ingestion.py took 0.141 seconds
[2026-06-04T16:07:13.577+0000] {processor.py:186} INFO - Started process (PID=3578) to work on /opt/airflow/dags/datahub_ingestion.py
[2026-06-04T16:07:13.583+0000] {processor.py:914} INFO - Processing file /opt/airflow/dags/datahub_ingestion.py for tasks to queue
[2026-06-04T16:07:13.589+0000] {logging_mixin.py:190} INFO - [2026-06-04T16:07:13.588+0000] {dagbag.py:588} INFO - Filling up the DagBag from /opt/airflow/dags/datahub_ingestion.py
[2026-06-04T16:07:13.613+0000] {processor.py:925} INFO - DAG(s) 'datahub_metadata_ingestion' retrieved from /opt/airflow/dags/datahub_ingestion.py
[2026-06-04T16:07:13.642+0000] {logging_mixin.py:190} INFO - [2026-06-04T16:07:13.642+0000] {dag.py:3239} INFO - Sync 1 DAGs
[2026-06-04T16:07:13.679+0000] {logging_mixin.py:190} INFO - [2026-06-04T16:07:13.679+0000] {dag.py:4180} INFO - Setting next_dagrun for datahub_metadata_ingestion to 2026-06-04 16:00:00+00:00, run_after=2026-06-04 16:05:00+00:00
[2026-06-04T16:07:13.705+0000] {processor.py:208} INFO - Processing /opt/airflow/dags/datahub_ingestion.py took 0.137 seconds
[2026-06-04T16:07:43.979+0000] {processor.py:186} INFO - Started process (PID=3588) to work on /opt/airflow/dags/datahub_ingestion.py
[2026-06-04T16:07:43.985+0000] {processor.py:914} INFO - Processing file /opt/airflow/dags/datahub_ingestion.py for tasks to queue
[2026-06-04T16:07:43.990+0000] {logging_mixin.py:190} INFO - [2026-06-04T16:07:43.990+0000] {dagbag.py:588} INFO - Filling up the DagBag from /opt/airflow/dags/datahub_ingestion.py
[2026-06-04T16:07:44.008+0000] {processor.py:925} INFO - DAG(s) 'datahub_metadata_ingestion' retrieved from /opt/airflow/dags/datahub_ingestion.py
[2026-06-04T16:07:44.035+0000] {logging_mixin.py:190} INFO - [2026-06-04T16:07:44.035+0000] {dag.py:3239} INFO - Sync 1 DAGs
[2026-06-04T16:07:44.068+0000] {logging_mixin.py:190} INFO - [2026-06-04T16:07:44.068+0000] {dag.py:4180} INFO - Setting next_dagrun for datahub_metadata_ingestion to 2026-06-04 16:00:00+00:00, run_after=2026-06-04 16:05:00+00:00
[2026-06-04T16:07:44.092+0000] {processor.py:208} INFO - Processing /opt/airflow/dags/datahub_ingestion.py took 0.119 seconds
[2026-06-04T16:08:14.374+0000] {processor.py:186} INFO - Started process (PID=3598) to work on /opt/airflow/dags/datahub_ingestion.py
[2026-06-04T16:08:14.380+0000] {processor.py:914} INFO - Processing file /opt/airflow/dags/datahub_ingestion.py for tasks to queue
[2026-06-04T16:08:14.385+0000] {logging_mixin.py:190} INFO - [2026-06-04T16:08:14.385+0000] {dagbag.py:588} INFO - Filling up the DagBag from /opt/airflow/dags/datahub_ingestion.py
[2026-06-04T16:08:14.412+0000] {processor.py:925} INFO - DAG(s) 'datahub_metadata_ingestion' retrieved from /opt/airflow/dags/datahub_ingestion.py
[2026-06-04T16:08:14.442+0000] {logging_mixin.py:190} INFO - [2026-06-04T16:08:14.442+0000] {dag.py:3239} INFO - Sync 1 DAGs
[2026-06-04T16:08:14.477+0000] {logging_mixin.py:190} INFO - [2026-06-04T16:08:14.477+0000] {dag.py:4180} INFO - Setting next_dagrun for datahub_metadata_ingestion to 2026-06-04 16:00:00+00:00, run_after=2026-06-04 16:05:00+00:00
[2026-06-04T16:08:14.502+0000] {processor.py:208} INFO - Processing /opt/airflow/dags/datahub_ingestion.py took 0.138 seconds
[2026-06-04T16:08:44.778+0000] {processor.py:186} INFO - Started process (PID=3608) to work on /opt/airflow/dags/datahub_ingestion.py
[2026-06-04T16:08:44.792+0000] {processor.py:914} INFO - Processing file /opt/airflow/dags/datahub_ingestion.py for tasks to queue
[2026-06-04T16:08:44.797+0000] {logging_mixin.py:190} INFO - [2026-06-04T16:08:44.797+0000] {dagbag.py:588} INFO - Filling up the DagBag from /opt/airflow/dags/datahub_ingestion.py
[2026-06-04T16:08:44.819+0000] {processor.py:925} INFO - DAG(s) 'datahub_metadata_ingestion' retrieved from /opt/airflow/dags/datahub_ingestion.py
[2026-06-04T16:08:44.847+0000] {logging_mixin.py:190} INFO - [2026-06-04T16:08:44.847+0000] {dag.py:3239} INFO - Sync 1 DAGs
[2026-06-04T16:08:44.882+0000] {logging_mixin.py:190} INFO - [2026-06-04T16:08:44.882+0000] {dag.py:4180} INFO - Setting next_dagrun for datahub_metadata_ingestion to 2026-06-04 16:00:00+00:00, run_after=2026-06-04 16:05:00+00:00
[2026-06-04T16:08:44.905+0000] {processor.py:208} INFO - Processing /opt/airflow/dags/datahub_ingestion.py took 0.137 seconds
[2026-06-04T16:09:15.187+0000] {processor.py:186} INFO - Started process (PID=3618) to work on /opt/airflow/dags/datahub_ingestion.py
[2026-06-04T16:09:15.192+0000] {processor.py:914} INFO - Processing file /opt/airflow/dags/datahub_ingestion.py for tasks to queue
[2026-06-04T16:09:15.200+0000] {logging_mixin.py:190} INFO - [2026-06-04T16:09:15.199+0000] {dagbag.py:588} INFO - Filling up the DagBag from /opt/airflow/dags/datahub_ingestion.py
[2026-06-04T16:09:15.223+0000] {processor.py:925} INFO - DAG(s) 'datahub_metadata_ingestion' retrieved from /opt/airflow/dags/datahub_ingestion.py
[2026-06-04T16:09:15.252+0000] {logging_mixin.py:190} INFO - [2026-06-04T16:09:15.252+0000] {dag.py:3239} INFO - Sync 1 DAGs
[2026-06-04T16:09:15.287+0000] {logging_mixin.py:190} INFO - [2026-06-04T16:09:15.286+0000] {dag.py:4180} INFO - Setting next_dagrun for datahub_metadata_ingestion to 2026-06-04 16:00:00+00:00, run_after=2026-06-04 16:05:00+00:00
[2026-06-04T16:09:15.312+0000] {processor.py:208} INFO - Processing /opt/airflow/dags/datahub_ingestion.py took 0.135 seconds
[2026-06-04T16:09:45.607+0000] {processor.py:186} INFO - Started process (PID=3628) to work on /opt/airflow/dags/datahub_ingestion.py
[2026-06-04T16:09:45.613+0000] {processor.py:914} INFO - Processing file /opt/airflow/dags/datahub_ingestion.py for tasks to queue
[2026-06-04T16:09:45.619+0000] {logging_mixin.py:190} INFO - [2026-06-04T16:09:45.618+0000] {dagbag.py:588} INFO - Filling up the DagBag from /opt/airflow/dags/datahub_ingestion.py
[2026-06-04T16:09:45.643+0000] {processor.py:925} INFO - DAG(s) 'datahub_metadata_ingestion' retrieved from /opt/airflow/dags/datahub_ingestion.py
[2026-06-04T16:09:45.675+0000] {logging_mixin.py:190} INFO - [2026-06-04T16:09:45.675+0000] {dag.py:3239} INFO - Sync 1 DAGs
[2026-06-04T16:09:45.712+0000] {logging_mixin.py:190} INFO - [2026-06-04T16:09:45.712+0000] {dag.py:4180} INFO - Setting next_dagrun for datahub_metadata_ingestion to 2026-06-04 16:00:00+00:00, run_after=2026-06-04 16:05:00+00:00
[2026-06-04T16:09:45.737+0000] {processor.py:208} INFO - Processing /opt/airflow/dags/datahub_ingestion.py took 0.138 seconds
[2026-06-04T16:10:16.041+0000] {processor.py:186} INFO - Started process (PID=3638) to work on /opt/airflow/dags/datahub_ingestion.py
[2026-06-04T16:10:16.046+0000] {processor.py:914} INFO - Processing file /opt/airflow/dags/datahub_ingestion.py for tasks to queue
[2026-06-04T16:10:16.053+0000] {logging_mixin.py:190} INFO - [2026-06-04T16:10:16.052+0000] {dagbag.py:588} INFO - Filling up the DagBag from /opt/airflow/dags/datahub_ingestion.py
[2026-06-04T16:10:16.078+0000] {processor.py:925} INFO - DAG(s) 'datahub_metadata_ingestion' retrieved from /opt/airflow/dags/datahub_ingestion.py
[2026-06-04T16:10:16.109+0000] {logging_mixin.py:190} INFO - [2026-06-04T16:10:16.108+0000] {dag.py:3239} INFO - Sync 1 DAGs
[2026-06-04T16:10:16.142+0000] {logging_mixin.py:190} INFO - [2026-06-04T16:10:16.142+0000] {dag.py:4180} INFO - Setting next_dagrun for datahub_metadata_ingestion to 2026-06-04 16:05:00+00:00, run_after=2026-06-04 16:10:00+00:00
[2026-06-04T16:10:16.172+0000] {processor.py:208} INFO - Processing /opt/airflow/dags/datahub_ingestion.py took 0.140 seconds
[2026-06-04T16:10:46.467+0000] {processor.py:186} INFO - Started process (PID=3648) to work on /opt/airflow/dags/datahub_ingestion.py
[2026-06-04T16:10:46.472+0000] {processor.py:914} INFO - Processing file /opt/airflow/dags/datahub_ingestion.py for tasks to queue
[2026-06-04T16:10:46.477+0000] {logging_mixin.py:190} INFO - [2026-06-04T16:10:46.477+0000] {dagbag.py:588} INFO - Filling up the DagBag from /opt/airflow/dags/datahub_ingestion.py
[2026-06-04T16:10:46.500+0000] {processor.py:925} INFO - DAG(s) 'datahub_metadata_ingestion' retrieved from /opt/airflow/dags/datahub_ingestion.py
[2026-06-04T16:10:46.528+0000] {logging_mixin.py:190} INFO - [2026-06-04T16:10:46.528+0000] {dag.py:3239} INFO - Sync 1 DAGs
[2026-06-04T16:10:46.563+0000] {logging_mixin.py:190} INFO - [2026-06-04T16:10:46.563+0000] {dag.py:4180} INFO - Setting next_dagrun for datahub_metadata_ingestion to 2026-06-04 16:05:00+00:00, run_after=2026-06-04 16:10:00+00:00
[2026-06-04T16:10:46.587+0000] {processor.py:208} INFO - Processing /opt/airflow/dags/datahub_ingestion.py took 0.127 seconds
[2026-06-04T16:11:16.855+0000] {processor.py:186} INFO - Started process (PID=3658) to work on /opt/airflow/dags/datahub_ingestion.py
[2026-06-04T16:11:16.859+0000] {processor.py:914} INFO - Processing file /opt/airflow/dags/datahub_ingestion.py for tasks to queue
[2026-06-04T16:11:16.865+0000] {logging_mixin.py:190} INFO - [2026-06-04T16:11:16.864+0000] {dagbag.py:588} INFO - Filling up the DagBag from /opt/airflow/dags/datahub_ingestion.py
[2026-06-04T16:11:16.883+0000] {processor.py:925} INFO - DAG(s) 'datahub_metadata_ingestion' retrieved from /opt/airflow/dags/datahub_ingestion.py
[2026-06-04T16:11:16.908+0000] {logging_mixin.py:190} INFO - [2026-06-04T16:11:16.907+0000] {dag.py:3239} INFO - Sync 1 DAGs
[2026-06-04T16:11:16.940+0000] {logging_mixin.py:190} INFO - [2026-06-04T16:11:16.939+0000] {dag.py:4180} INFO - Setting next_dagrun for datahub_metadata_ingestion to 2026-06-04 16:05:00+00:00, run_after=2026-06-04 16:10:00+00:00
[2026-06-04T16:11:16.961+0000] {processor.py:208} INFO - Processing /opt/airflow/dags/datahub_ingestion.py took 0.112 seconds
[2026-06-04T16:11:47.202+0000] {processor.py:186} INFO - Started process (PID=3668) to work on /opt/airflow/dags/datahub_ingestion.py
[2026-06-04T16:11:47.207+0000] {processor.py:914} INFO - Processing file /opt/airflow/dags/datahub_ingestion.py for tasks to queue
[2026-06-04T16:11:47.212+0000] {logging_mixin.py:190} INFO - [2026-06-04T16:11:47.212+0000] {dagbag.py:588} INFO - Filling up the DagBag from /opt/airflow/dags/datahub_ingestion.py
[2026-06-04T16:11:47.236+0000] {processor.py:925} INFO - DAG(s) 'datahub_metadata_ingestion' retrieved from /opt/airflow/dags/datahub_ingestion.py
[2026-06-04T16:11:47.266+0000] {logging_mixin.py:190} INFO - [2026-06-04T16:11:47.265+0000] {dag.py:3239} INFO - Sync 1 DAGs
[2026-06-04T16:11:47.296+0000] {logging_mixin.py:190} INFO - [2026-06-04T16:11:47.296+0000] {dag.py:4180} INFO - Setting next_dagrun for datahub_metadata_ingestion to 2026-06-04 16:05:00+00:00, run_after=2026-06-04 16:10:00+00:00
[2026-06-04T16:11:47.316+0000] {processor.py:208} INFO - Processing /opt/airflow/dags/datahub_ingestion.py took 0.121 seconds
[2026-06-04T16:12:17.535+0000] {processor.py:186} INFO - Started process (PID=3678) to work on /opt/airflow/dags/datahub_ingestion.py
[2026-06-04T16:12:17.539+0000] {processor.py:914} INFO - Processing file /opt/airflow/dags/datahub_ingestion.py for tasks to queue
[2026-06-04T16:12:17.545+0000] {logging_mixin.py:190} INFO - [2026-06-04T16:12:17.544+0000] {dagbag.py:588} INFO - Filling up the DagBag from /opt/airflow/dags/datahub_ingestion.py
[2026-06-04T16:12:17.565+0000] {processor.py:925} INFO - DAG(s) 'datahub_metadata_ingestion' retrieved from /opt/airflow/dags/datahub_ingestion.py
[2026-06-04T16:12:17.591+0000] {logging_mixin.py:190} INFO - [2026-06-04T16:12:17.591+0000] {dag.py:3239} INFO - Sync 1 DAGs
[2026-06-04T16:12:17.624+0000] {logging_mixin.py:190} INFO - [2026-06-04T16:12:17.624+0000] {dag.py:4180} INFO - Setting next_dagrun for datahub_metadata_ingestion to 2026-06-04 16:05:00+00:00, run_after=2026-06-04 16:10:00+00:00
[2026-06-04T16:12:17.648+0000] {processor.py:208} INFO - Processing /opt/airflow/dags/datahub_ingestion.py took 0.120 seconds
[2026-06-04T16:12:47.909+0000] {processor.py:186} INFO - Started process (PID=3688) to work on /opt/airflow/dags/datahub_ingestion.py
[2026-06-04T16:12:47.913+0000] {processor.py:914} INFO - Processing file /opt/airflow/dags/datahub_ingestion.py for tasks to queue
[2026-06-04T16:12:47.919+0000] {logging_mixin.py:190} INFO - [2026-06-04T16:12:47.918+0000] {dagbag.py:588} INFO - Filling up the DagBag from /opt/airflow/dags/datahub_ingestion.py
[2026-06-04T16:12:47.938+0000] {processor.py:925} INFO - DAG(s) 'datahub_metadata_ingestion' retrieved from /opt/airflow/dags/datahub_ingestion.py
[2026-06-04T16:12:47.966+0000] {logging_mixin.py:190} INFO - [2026-06-04T16:12:47.966+0000] {dag.py:3239} INFO - Sync 1 DAGs
[2026-06-04T16:12:48.001+0000] {logging_mixin.py:190} INFO - [2026-06-04T16:12:48.001+0000] {dag.py:4180} INFO - Setting next_dagrun for datahub_metadata_ingestion to 2026-06-04 16:05:00+00:00, run_after=2026-06-04 16:10:00+00:00
[2026-06-04T16:12:48.026+0000] {processor.py:208} INFO - Processing /opt/airflow/dags/datahub_ingestion.py took 0.123 seconds
[2026-06-04T16:13:18.347+0000] {processor.py:186} INFO - Started process (PID=3698) to work on /opt/airflow/dags/datahub_ingestion.py
[2026-06-04T16:13:18.364+0000] {processor.py:914} INFO - Processing file /opt/airflow/dags/datahub_ingestion.py for tasks to queue
[2026-06-04T16:13:18.522+0000] {logging_mixin.py:190} INFO - [2026-06-04T16:13:18.522+0000] {dagbag.py:588} INFO - Filling up the DagBag from /opt/airflow/dags/datahub_ingestion.py
[2026-06-04T16:13:18.597+0000] {processor.py:925} INFO - DAG(s) 'datahub_metadata_ingestion' retrieved from /opt/airflow/dags/datahub_ingestion.py
[2026-06-04T16:13:18.649+0000] {logging_mixin.py:190} INFO - [2026-06-04T16:13:18.648+0000] {dag.py:3239} INFO - Sync 1 DAGs
[2026-06-04T16:13:18.708+0000] {logging_mixin.py:190} INFO - [2026-06-04T16:13:18.707+0000] {dag.py:4180} INFO - Setting next_dagrun for datahub_metadata_ingestion to 2026-06-04 16:05:00+00:00, run_after=2026-06-04 16:10:00+00:00
[2026-06-04T16:13:18.746+0000] {processor.py:208} INFO - Processing /opt/airflow/dags/datahub_ingestion.py took 0.406 seconds
[2026-06-04T16:13:48.861+0000] {processor.py:186} INFO - Started process (PID=3708) to work on /opt/airflow/dags/datahub_ingestion.py
[2026-06-04T16:13:48.868+0000] {processor.py:914} INFO - Processing file /opt/airflow/dags/datahub_ingestion.py for tasks to queue
[2026-06-04T16:13:48.873+0000] {logging_mixin.py:190} INFO - [2026-06-04T16:13:48.872+0000] {dagbag.py:588} INFO - Filling up the DagBag from /opt/airflow/dags/datahub_ingestion.py
[2026-06-04T16:13:48.889+0000] {processor.py:925} INFO - DAG(s) 'datahub_metadata_ingestion' retrieved from /opt/airflow/dags/datahub_ingestion.py
[2026-06-04T16:13:48.914+0000] {logging_mixin.py:190} INFO - [2026-06-04T16:13:48.914+0000] {dag.py:3239} INFO - Sync 1 DAGs
[2026-06-04T16:13:48.945+0000] {logging_mixin.py:190} INFO - [2026-06-04T16:13:48.945+0000] {dag.py:4180} INFO - Setting next_dagrun for datahub_metadata_ingestion to 2026-06-04 16:05:00+00:00, run_after=2026-06-04 16:10:00+00:00
[2026-06-04T16:13:48.970+0000] {processor.py:208} INFO - Processing /opt/airflow/dags/datahub_ingestion.py took 0.115 seconds
[2026-06-04T16:14:19.205+0000] {processor.py:186} INFO - Started process (PID=3718) to work on /opt/airflow/dags/datahub_ingestion.py
[2026-06-04T16:14:19.622+0000] {processor.py:914} INFO - Processing file /opt/airflow/dags/datahub_ingestion.py for tasks to queue
[2026-06-04T16:14:19.628+0000] {logging_mixin.py:190} INFO - [2026-06-04T16:14:19.628+0000] {dagbag.py:588} INFO - Filling up the DagBag from /opt/airflow/dags/datahub_ingestion.py
[2026-06-04T16:14:19.649+0000] {processor.py:925} INFO - DAG(s) 'datahub_metadata_ingestion' retrieved from /opt/airflow/dags/datahub_ingestion.py
[2026-06-04T16:14:19.693+0000] {logging_mixin.py:190} INFO - [2026-06-04T16:14:19.693+0000] {dag.py:3239} INFO - Sync 1 DAGs
[2026-06-04T16:14:19.753+0000] {logging_mixin.py:190} INFO - [2026-06-04T16:14:19.752+0000] {dag.py:4180} INFO - Setting next_dagrun for datahub_metadata_ingestion to 2026-06-04 16:05:00+00:00, run_after=2026-06-04 16:10:00+00:00
[2026-06-04T16:14:19.794+0000] {processor.py:208} INFO - Processing /opt/airflow/dags/datahub_ingestion.py took 0.596 seconds
[2026-06-04T16:14:50.493+0000] {processor.py:186} INFO - Started process (PID=3728) to work on /opt/airflow/dags/datahub_ingestion.py
[2026-06-04T16:14:50.497+0000] {processor.py:914} INFO - Processing file /opt/airflow/dags/datahub_ingestion.py for tasks to queue
[2026-06-04T16:14:50.503+0000] {logging_mixin.py:190} INFO - [2026-06-04T16:14:50.502+0000] {dagbag.py:588} INFO - Filling up the DagBag from /opt/airflow/dags/datahub_ingestion.py
[2026-06-04T16:14:50.524+0000] {processor.py:925} INFO - DAG(s) 'datahub_metadata_ingestion' retrieved from /opt/airflow/dags/datahub_ingestion.py
[2026-06-04T16:14:50.553+0000] {logging_mixin.py:190} INFO - [2026-06-04T16:14:50.553+0000] {dag.py:3239} INFO - Sync 1 DAGs
[2026-06-04T16:14:50.588+0000] {logging_mixin.py:190} INFO - [2026-06-04T16:14:50.588+0000] {dag.py:4180} INFO - Setting next_dagrun for datahub_metadata_ingestion to 2026-06-04 16:05:00+00:00, run_after=2026-06-04 16:10:00+00:00
[2026-06-04T16:14:50.612+0000] {processor.py:208} INFO - Processing /opt/airflow/dags/datahub_ingestion.py took 0.127 seconds
[2026-06-04T16:15:20.898+0000] {processor.py:186} INFO - Started process (PID=3738) to work on /opt/airflow/dags/datahub_ingestion.py
[2026-06-04T16:15:20.907+0000] {processor.py:914} INFO - Processing file /opt/airflow/dags/datahub_ingestion.py for tasks to queue
[2026-06-04T16:15:20.913+0000] {logging_mixin.py:190} INFO - [2026-06-04T16:15:20.912+0000] {dagbag.py:588} INFO - Filling up the DagBag from /opt/airflow/dags/datahub_ingestion.py
[2026-06-04T16:15:20.931+0000] {processor.py:925} INFO - DAG(s) 'datahub_metadata_ingestion' retrieved from /opt/airflow/dags/datahub_ingestion.py
[2026-06-04T16:15:20.960+0000] {logging_mixin.py:190} INFO - [2026-06-04T16:15:20.960+0000] {dag.py:3239} INFO - Sync 1 DAGs
[2026-06-04T16:15:20.996+0000] {logging_mixin.py:190} INFO - [2026-06-04T16:15:20.995+0000] {dag.py:4180} INFO - Setting next_dagrun for datahub_metadata_ingestion to 2026-06-04 16:10:00+00:00, run_after=2026-06-04 16:15:00+00:00
[2026-06-04T16:15:21.023+0000] {processor.py:208} INFO - Processing /opt/airflow/dags/datahub_ingestion.py took 0.131 seconds
[2026-06-04T16:15:51.265+0000] {processor.py:186} INFO - Started process (PID=3748) to work on /opt/airflow/dags/datahub_ingestion.py
[2026-06-04T16:15:51.270+0000] {processor.py:914} INFO - Processing file /opt/airflow/dags/datahub_ingestion.py for tasks to queue
[2026-06-04T16:15:51.274+0000] {logging_mixin.py:190} INFO - [2026-06-04T16:15:51.274+0000] {dagbag.py:588} INFO - Filling up the DagBag from /opt/airflow/dags/datahub_ingestion.py
[2026-06-04T16:15:51.294+0000] {processor.py:925} INFO - DAG(s) 'datahub_metadata_ingestion' retrieved from /opt/airflow/dags/datahub_ingestion.py
[2026-06-04T16:15:51.324+0000] {logging_mixin.py:190} INFO - [2026-06-04T16:15:51.323+0000] {dag.py:3239} INFO - Sync 1 DAGs
[2026-06-04T16:15:51.359+0000] {logging_mixin.py:190} INFO - [2026-06-04T16:15:51.359+0000] {dag.py:4180} INFO - Setting next_dagrun for datahub_metadata_ingestion to 2026-06-04 16:10:00+00:00, run_after=2026-06-04 16:15:00+00:00
[2026-06-04T16:15:51.390+0000] {processor.py:208} INFO - Processing /opt/airflow/dags/datahub_ingestion.py took 0.131 seconds
[2026-06-04T16:16:21.614+0000] {processor.py:186} INFO - Started process (PID=3758) to work on /opt/airflow/dags/datahub_ingestion.py
[2026-06-04T16:16:21.623+0000] {processor.py:914} INFO - Processing file /opt/airflow/dags/datahub_ingestion.py for tasks to queue
[2026-06-04T16:16:21.628+0000] {logging_mixin.py:190} INFO - [2026-06-04T16:16:21.628+0000] {dagbag.py:588} INFO - Filling up the DagBag from /opt/airflow/dags/datahub_ingestion.py
[2026-06-04T16:16:21.649+0000] {processor.py:925} INFO - DAG(s) 'datahub_metadata_ingestion' retrieved from /opt/airflow/dags/datahub_ingestion.py
[2026-06-04T16:16:21.680+0000] {logging_mixin.py:190} INFO - [2026-06-04T16:16:21.680+0000] {dag.py:3239} INFO - Sync 1 DAGs
[2026-06-04T16:16:21.722+0000] {logging_mixin.py:190} INFO - [2026-06-04T16:16:21.721+0000] {dag.py:4180} INFO - Setting next_dagrun for datahub_metadata_ingestion to 2026-06-04 16:10:00+00:00, run_after=2026-06-04 16:15:00+00:00
[2026-06-04T16:16:21.760+0000] {processor.py:208} INFO - Processing /opt/airflow/dags/datahub_ingestion.py took 0.153 seconds
[2026-06-04T16:16:52.025+0000] {processor.py:186} INFO - Started process (PID=3768) to work on /opt/airflow/dags/datahub_ingestion.py
[2026-06-04T16:16:52.030+0000] {processor.py:914} INFO - Processing file /opt/airflow/dags/datahub_ingestion.py for tasks to queue
[2026-06-04T16:16:52.035+0000] {logging_mixin.py:190} INFO - [2026-06-04T16:16:52.035+0000] {dagbag.py:588} INFO - Filling up the DagBag from /opt/airflow/dags/datahub_ingestion.py
[2026-06-04T16:16:52.057+0000] {processor.py:925} INFO - DAG(s) 'datahub_metadata_ingestion' retrieved from /opt/airflow/dags/datahub_ingestion.py
[2026-06-04T16:16:52.089+0000] {logging_mixin.py:190} INFO - [2026-06-04T16:16:52.089+0000] {dag.py:3239} INFO - Sync 1 DAGs
[2026-06-04T16:16:52.126+0000] {logging_mixin.py:190} INFO - [2026-06-04T16:16:52.125+0000] {dag.py:4180} INFO - Setting next_dagrun for datahub_metadata_ingestion to 2026-06-04 16:10:00+00:00, run_after=2026-06-04 16:15:00+00:00
[2026-06-04T16:16:52.153+0000] {processor.py:208} INFO - Processing /opt/airflow/dags/datahub_ingestion.py took 0.136 seconds
[2026-06-04T16:17:22.472+0000] {processor.py:186} INFO - Started process (PID=3778) to work on /opt/airflow/dags/datahub_ingestion.py
[2026-06-04T16:17:22.477+0000] {processor.py:914} INFO - Processing file /opt/airflow/dags/datahub_ingestion.py for tasks to queue
[2026-06-04T16:17:22.485+0000] {logging_mixin.py:190} INFO - [2026-06-04T16:17:22.484+0000] {dagbag.py:588} INFO - Filling up the DagBag from /opt/airflow/dags/datahub_ingestion.py
[2026-06-04T16:17:22.505+0000] {processor.py:925} INFO - DAG(s) 'datahub_metadata_ingestion' retrieved from /opt/airflow/dags/datahub_ingestion.py
[2026-06-04T16:17:22.532+0000] {logging_mixin.py:190} INFO - [2026-06-04T16:17:22.532+0000] {dag.py:3239} INFO - Sync 1 DAGs
[2026-06-04T16:17:22.570+0000] {logging_mixin.py:190} INFO - [2026-06-04T16:17:22.569+0000] {dag.py:4180} INFO - Setting next_dagrun for datahub_metadata_ingestion to 2026-06-04 16:10:00+00:00, run_after=2026-06-04 16:15:00+00:00
[2026-06-04T16:17:22.601+0000] {processor.py:208} INFO - Processing /opt/airflow/dags/datahub_ingestion.py took 0.137 seconds
[2026-06-04T16:17:52.873+0000] {processor.py:186} INFO - Started process (PID=3788) to work on /opt/airflow/dags/datahub_ingestion.py
[2026-06-04T16:17:52.877+0000] {processor.py:914} INFO - Processing file /opt/airflow/dags/datahub_ingestion.py for tasks to queue
[2026-06-04T16:17:52.883+0000] {logging_mixin.py:190} INFO - [2026-06-04T16:17:52.882+0000] {dagbag.py:588} INFO - Filling up the DagBag from /opt/airflow/dags/datahub_ingestion.py
[2026-06-04T16:17:52.903+0000] {processor.py:925} INFO - DAG(s) 'datahub_metadata_ingestion' retrieved from /opt/airflow/dags/datahub_ingestion.py
[2026-06-04T16:17:52.936+0000] {logging_mixin.py:190} INFO - [2026-06-04T16:17:52.936+0000] {dag.py:3239} INFO - Sync 1 DAGs
[2026-06-04T16:17:52.973+0000] {logging_mixin.py:190} INFO - [2026-06-04T16:17:52.973+0000] {dag.py:4180} INFO - Setting next_dagrun for datahub_metadata_ingestion to 2026-06-04 16:10:00+00:00, run_after=2026-06-04 16:15:00+00:00
[2026-06-04T16:17:53.000+0000] {processor.py:208} INFO - Processing /opt/airflow/dags/datahub_ingestion.py took 0.135 seconds
[2026-06-04T16:18:23.304+0000] {processor.py:186} INFO - Started process (PID=3798) to work on /opt/airflow/dags/datahub_ingestion.py
[2026-06-04T16:18:23.310+0000] {processor.py:914} INFO - Processing file /opt/airflow/dags/datahub_ingestion.py for tasks to queue
[2026-06-04T16:18:23.316+0000] {logging_mixin.py:190} INFO - [2026-06-04T16:18:23.315+0000] {dagbag.py:588} INFO - Filling up the DagBag from /opt/airflow/dags/datahub_ingestion.py
[2026-06-04T16:18:23.340+0000] {processor.py:925} INFO - DAG(s) 'datahub_metadata_ingestion' retrieved from /opt/airflow/dags/datahub_ingestion.py
[2026-06-04T16:18:23.376+0000] {logging_mixin.py:190} INFO - [2026-06-04T16:18:23.376+0000] {dag.py:3239} INFO - Sync 1 DAGs
[2026-06-04T16:18:23.419+0000] {logging_mixin.py:190} INFO - [2026-06-04T16:18:23.419+0000] {dag.py:4180} INFO - Setting next_dagrun for datahub_metadata_ingestion to 2026-06-04 16:10:00+00:00, run_after=2026-06-04 16:15:00+00:00
[2026-06-04T16:18:23.454+0000] {processor.py:208} INFO - Processing /opt/airflow/dags/datahub_ingestion.py took 0.159 seconds
[2026-06-04T16:18:53.678+0000] {processor.py:186} INFO - Started process (PID=3808) to work on /opt/airflow/dags/datahub_ingestion.py
[2026-06-04T16:18:56.256+0000] {processor.py:914} INFO - Processing file /opt/airflow/dags/datahub_ingestion.py for tasks to queue
[2026-06-04T16:18:56.263+0000] {logging_mixin.py:190} INFO - [2026-06-04T16:18:56.262+0000] {dagbag.py:588} INFO - Filling up the DagBag from /opt/airflow/dags/datahub_ingestion.py
[2026-06-04T16:18:56.284+0000] {processor.py:925} INFO - DAG(s) 'datahub_metadata_ingestion' retrieved from /opt/airflow/dags/datahub_ingestion.py
[2026-06-04T16:18:56.313+0000] {logging_mixin.py:190} INFO - [2026-06-04T16:18:56.312+0000] {dag.py:3239} INFO - Sync 1 DAGs
[2026-06-04T16:18:56.351+0000] {logging_mixin.py:190} INFO - [2026-06-04T16:18:56.350+0000] {dag.py:4180} INFO - Setting next_dagrun for datahub_metadata_ingestion to 2026-06-04 16:10:00+00:00, run_after=2026-06-04 16:15:00+00:00
[2026-06-04T16:18:56.379+0000] {processor.py:208} INFO - Processing /opt/airflow/dags/datahub_ingestion.py took 2.708 seconds
[2026-06-04T16:19:27.085+0000] {processor.py:186} INFO - Started process (PID=3818) to work on /opt/airflow/dags/datahub_ingestion.py
[2026-06-04T16:19:27.090+0000] {processor.py:914} INFO - Processing file /opt/airflow/dags/datahub_ingestion.py for tasks to queue
[2026-06-04T16:19:27.094+0000] {logging_mixin.py:190} INFO - [2026-06-04T16:19:27.094+0000] {dagbag.py:588} INFO - Filling up the DagBag from /opt/airflow/dags/datahub_ingestion.py
[2026-06-04T16:19:27.112+0000] {processor.py:925} INFO - DAG(s) 'datahub_metadata_ingestion' retrieved from /opt/airflow/dags/datahub_ingestion.py
[2026-06-04T16:19:27.140+0000] {logging_mixin.py:190} INFO - [2026-06-04T16:19:27.139+0000] {dag.py:3239} INFO - Sync 1 DAGs
[2026-06-04T16:19:27.180+0000] {logging_mixin.py:190} INFO - [2026-06-04T16:19:27.179+0000] {dag.py:4180} INFO - Setting next_dagrun for datahub_metadata_ingestion to 2026-06-04 16:10:00+00:00, run_after=2026-06-04 16:15:00+00:00
[2026-06-04T16:19:27.209+0000] {processor.py:208} INFO - Processing /opt/airflow/dags/datahub_ingestion.py took 0.130 seconds
[2026-06-04T16:19:57.531+0000] {processor.py:186} INFO - Started process (PID=3828) to work on /opt/airflow/dags/datahub_ingestion.py
[2026-06-04T16:19:57.603+0000] {processor.py:914} INFO - Processing file /opt/airflow/dags/datahub_ingestion.py for tasks to queue
[2026-06-04T16:19:57.620+0000] {logging_mixin.py:190} INFO - [2026-06-04T16:19:57.619+0000] {dagbag.py:588} INFO - Filling up the DagBag from /opt/airflow/dags/datahub_ingestion.py
[2026-06-04T16:19:57.642+0000] {processor.py:925} INFO - DAG(s) 'datahub_metadata_ingestion' retrieved from /opt/airflow/dags/datahub_ingestion.py
[2026-06-04T16:19:57.682+0000] {logging_mixin.py:190} INFO - [2026-06-04T16:19:57.681+0000] {dag.py:3239} INFO - Sync 1 DAGs
[2026-06-04T16:19:57.735+0000] {logging_mixin.py:190} INFO - [2026-06-04T16:19:57.735+0000] {dag.py:4180} INFO - Setting next_dagrun for datahub_metadata_ingestion to 2026-06-04 16:10:00+00:00, run_after=2026-06-04 16:15:00+00:00
[2026-06-04T16:19:57.773+0000] {processor.py:208} INFO - Processing /opt/airflow/dags/datahub_ingestion.py took 0.250 seconds
[2026-06-04T16:20:28.035+0000] {processor.py:186} INFO - Started process (PID=3838) to work on /opt/airflow/dags/datahub_ingestion.py
[2026-06-04T16:20:28.039+0000] {processor.py:914} INFO - Processing file /opt/airflow/dags/datahub_ingestion.py for tasks to queue
[2026-06-04T16:20:28.045+0000] {logging_mixin.py:190} INFO - [2026-06-04T16:20:28.044+0000] {dagbag.py:588} INFO - Filling up the DagBag from /opt/airflow/dags/datahub_ingestion.py
[2026-06-04T16:20:28.066+0000] {processor.py:925} INFO - DAG(s) 'datahub_metadata_ingestion' retrieved from /opt/airflow/dags/datahub_ingestion.py
[2026-06-04T16:20:28.098+0000] {logging_mixin.py:190} INFO - [2026-06-04T16:20:28.097+0000] {dag.py:3239} INFO - Sync 1 DAGs
[2026-06-04T16:20:28.137+0000] {logging_mixin.py:190} INFO - [2026-06-04T16:20:28.137+0000] {dag.py:4180} INFO - Setting next_dagrun for datahub_metadata_ingestion to 2026-06-04 16:15:00+00:00, run_after=2026-06-04 16:20:00+00:00
[2026-06-04T16:20:28.168+0000] {processor.py:208} INFO - Processing /opt/airflow/dags/datahub_ingestion.py took 0.141 seconds
[2026-06-04T16:20:58.424+0000] {processor.py:186} INFO - Started process (PID=3848) to work on /opt/airflow/dags/datahub_ingestion.py
[2026-06-04T16:20:58.430+0000] {processor.py:914} INFO - Processing file /opt/airflow/dags/datahub_ingestion.py for tasks to queue
[2026-06-04T16:20:58.436+0000] {logging_mixin.py:190} INFO - [2026-06-04T16:20:58.435+0000] {dagbag.py:588} INFO - Filling up the DagBag from /opt/airflow/dags/datahub_ingestion.py
[2026-06-04T16:20:58.458+0000] {processor.py:925} INFO - DAG(s) 'datahub_metadata_ingestion' retrieved from /opt/airflow/dags/datahub_ingestion.py
[2026-06-04T16:20:58.490+0000] {logging_mixin.py:190} INFO - [2026-06-04T16:20:58.490+0000] {dag.py:3239} INFO - Sync 1 DAGs
[2026-06-04T16:20:58.530+0000] {logging_mixin.py:190} INFO - [2026-06-04T16:20:58.529+0000] {dag.py:4180} INFO - Setting next_dagrun for datahub_metadata_ingestion to 2026-06-04 16:15:00+00:00, run_after=2026-06-04 16:20:00+00:00
[2026-06-04T16:20:58.565+0000] {processor.py:208} INFO - Processing /opt/airflow/dags/datahub_ingestion.py took 0.149 seconds
[2026-06-04T16:21:28.947+0000] {processor.py:186} INFO - Started process (PID=4200) to work on /opt/airflow/dags/datahub_ingestion.py
[2026-06-04T16:21:28.954+0000] {processor.py:914} INFO - Processing file /opt/airflow/dags/datahub_ingestion.py for tasks to queue
[2026-06-04T16:21:28.959+0000] {logging_mixin.py:190} INFO - [2026-06-04T16:21:28.959+0000] {dagbag.py:588} INFO - Filling up the DagBag from /opt/airflow/dags/datahub_ingestion.py
[2026-06-04T16:21:28.977+0000] {processor.py:925} INFO - DAG(s) 'datahub_metadata_ingestion' retrieved from /opt/airflow/dags/datahub_ingestion.py
[2026-06-04T16:21:29.006+0000] {logging_mixin.py:190} INFO - [2026-06-04T16:21:29.005+0000] {dag.py:3239} INFO - Sync 1 DAGs
[2026-06-04T16:21:29.068+0000] {logging_mixin.py:190} INFO - [2026-06-04T16:21:29.068+0000] {dag.py:4180} INFO - Setting next_dagrun for datahub_metadata_ingestion to 2026-06-04 16:15:00+00:00, run_after=2026-06-04 16:20:00+00:00
[2026-06-04T16:21:29.107+0000] {processor.py:208} INFO - Processing /opt/airflow/dags/datahub_ingestion.py took 0.167 seconds
[2026-06-04T16:21:59.302+0000] {processor.py:186} INFO - Started process (PID=4496) to work on /opt/airflow/dags/datahub_ingestion.py
[2026-06-04T16:21:59.310+0000] {processor.py:914} INFO - Processing file /opt/airflow/dags/datahub_ingestion.py for tasks to queue
[2026-06-04T16:21:59.319+0000] {logging_mixin.py:190} INFO - [2026-06-04T16:21:59.318+0000] {dagbag.py:588} INFO - Filling up the DagBag from /opt/airflow/dags/datahub_ingestion.py
[2026-06-04T16:21:59.340+0000] {processor.py:925} INFO - DAG(s) 'datahub_metadata_ingestion' retrieved from /opt/airflow/dags/datahub_ingestion.py
[2026-06-04T16:21:59.371+0000] {logging_mixin.py:190} INFO - [2026-06-04T16:21:59.370+0000] {dag.py:3239} INFO - Sync 1 DAGs
[2026-06-04T16:21:59.447+0000] {logging_mixin.py:190} INFO - [2026-06-04T16:21:59.447+0000] {dag.py:4180} INFO - Setting next_dagrun for datahub_metadata_ingestion to 2026-06-04 16:15:00+00:00, run_after=2026-06-04 16:20:00+00:00
[2026-06-04T16:21:59.483+0000] {processor.py:208} INFO - Processing /opt/airflow/dags/datahub_ingestion.py took 0.187 seconds
[2026-06-04T16:22:29.717+0000] {processor.py:186} INFO - Started process (PID=4602) to work on /opt/airflow/dags/datahub_ingestion.py
[2026-06-04T16:22:29.728+0000] {processor.py:914} INFO - Processing file /opt/airflow/dags/datahub_ingestion.py for tasks to queue
[2026-06-04T16:22:29.733+0000] {logging_mixin.py:190} INFO - [2026-06-04T16:22:29.733+0000] {dagbag.py:588} INFO - Filling up the DagBag from /opt/airflow/dags/datahub_ingestion.py
[2026-06-04T16:22:29.752+0000] {processor.py:925} INFO - DAG(s) 'datahub_metadata_ingestion' retrieved from /opt/airflow/dags/datahub_ingestion.py
[2026-06-04T16:22:29.779+0000] {logging_mixin.py:190} INFO - [2026-06-04T16:22:29.779+0000] {dag.py:3239} INFO - Sync 1 DAGs
[2026-06-04T16:22:29.815+0000] {logging_mixin.py:190} INFO - [2026-06-04T16:22:29.815+0000] {dag.py:4180} INFO - Setting next_dagrun for datahub_metadata_ingestion to 2026-06-04 16:15:00+00:00, run_after=2026-06-04 16:20:00+00:00
[2026-06-04T16:23:03.096+0000] {processor.py:208} INFO - Processing /opt/airflow/dags/datahub_ingestion.py took 33.385 seconds
[2026-06-04T16:23:33.330+0000] {processor.py:186} INFO - Started process (PID=4670) to work on /opt/airflow/dags/datahub_ingestion.py
[2026-06-04T16:23:33.341+0000] {processor.py:914} INFO - Processing file /opt/airflow/dags/datahub_ingestion.py for tasks to queue
[2026-06-04T16:23:33.347+0000] {logging_mixin.py:190} INFO - [2026-06-04T16:23:33.346+0000] {dagbag.py:588} INFO - Filling up the DagBag from /opt/airflow/dags/datahub_ingestion.py
[2026-06-04T16:23:33.366+0000] {processor.py:925} INFO - DAG(s) 'datahub_metadata_ingestion' retrieved from /opt/airflow/dags/datahub_ingestion.py
[2026-06-04T16:23:33.411+0000] {logging_mixin.py:190} INFO - [2026-06-04T16:23:33.411+0000] {dag.py:3239} INFO - Sync 1 DAGs
[2026-06-04T16:23:33.457+0000] {logging_mixin.py:190} INFO - [2026-06-04T16:23:33.457+0000] {dag.py:4180} INFO - Setting next_dagrun for datahub_metadata_ingestion to 2026-06-04 16:15:00+00:00, run_after=2026-06-04 16:20:00+00:00
[2026-06-04T16:23:41.529+0000] {processor.py:208} INFO - Processing /opt/airflow/dags/datahub_ingestion.py took 8.205 seconds
[2026-06-04T16:24:11.815+0000] {processor.py:186} INFO - Started process (PID=4982) to work on /opt/airflow/dags/datahub_ingestion.py
[2026-06-04T16:24:11.833+0000] {processor.py:914} INFO - Processing file /opt/airflow/dags/datahub_ingestion.py for tasks to queue
[2026-06-04T16:24:11.851+0000] {logging_mixin.py:190} INFO - [2026-06-04T16:24:11.851+0000] {dagbag.py:588} INFO - Filling up the DagBag from /opt/airflow/dags/datahub_ingestion.py
[2026-06-04T16:24:11.933+0000] {processor.py:925} INFO - DAG(s) 'datahub_metadata_ingestion' retrieved from /opt/airflow/dags/datahub_ingestion.py
[2026-06-04T16:24:12.030+0000] {logging_mixin.py:190} INFO - [2026-06-04T16:24:12.029+0000] {dag.py:3239} INFO - Sync 1 DAGs
[2026-06-04T16:24:12.170+0000] {logging_mixin.py:190} INFO - [2026-06-04T16:24:12.170+0000] {dag.py:4180} INFO - Setting next_dagrun for datahub_metadata_ingestion to 2026-06-04 16:20:00+00:00, run_after=2026-06-04 16:25:00+00:00
[2026-06-04T16:24:12.257+0000] {processor.py:208} INFO - Processing /opt/airflow/dags/datahub_ingestion.py took 0.458 seconds
[2026-06-04T16:24:42.537+0000] {processor.py:186} INFO - Started process (PID=5228) to work on /opt/airflow/dags/datahub_ingestion.py
[2026-06-04T16:24:42.541+0000] {processor.py:914} INFO - Processing file /opt/airflow/dags/datahub_ingestion.py for tasks to queue
[2026-06-04T16:24:42.546+0000] {logging_mixin.py:190} INFO - [2026-06-04T16:24:42.545+0000] {dagbag.py:588} INFO - Filling up the DagBag from /opt/airflow/dags/datahub_ingestion.py
[2026-06-04T16:24:42.575+0000] {processor.py:925} INFO - DAG(s) 'datahub_metadata_ingestion' retrieved from /opt/airflow/dags/datahub_ingestion.py
[2026-06-04T16:24:42.608+0000] {logging_mixin.py:190} INFO - [2026-06-04T16:24:42.607+0000] {dag.py:3239} INFO - Sync 1 DAGs
[2026-06-04T16:24:42.642+0000] {logging_mixin.py:190} INFO - [2026-06-04T16:24:42.642+0000] {dag.py:4180} INFO - Setting next_dagrun for datahub_metadata_ingestion to 2026-06-04 16:20:00+00:00, run_after=2026-06-04 16:25:00+00:00
[2026-06-04T16:24:42.667+0000] {processor.py:208} INFO - Processing /opt/airflow/dags/datahub_ingestion.py took 0.137 seconds
[2026-06-04T16:25:12.933+0000] {processor.py:186} INFO - Started process (PID=5577) to work on /opt/airflow/dags/datahub_ingestion.py
[2026-06-04T16:25:12.946+0000] {processor.py:914} INFO - Processing file /opt/airflow/dags/datahub_ingestion.py for tasks to queue
[2026-06-04T16:25:12.951+0000] {logging_mixin.py:190} INFO - [2026-06-04T16:25:12.951+0000] {dagbag.py:588} INFO - Filling up the DagBag from /opt/airflow/dags/datahub_ingestion.py
[2026-06-04T16:25:13.014+0000] {processor.py:925} INFO - DAG(s) 'datahub_metadata_ingestion' retrieved from /opt/airflow/dags/datahub_ingestion.py
[2026-06-04T16:25:13.135+0000] {logging_mixin.py:190} INFO - [2026-06-04T16:25:13.134+0000] {dag.py:3239} INFO - Sync 1 DAGs
[2026-06-04T16:25:13.321+0000] {logging_mixin.py:190} INFO - [2026-06-04T16:25:13.321+0000] {dag.py:4180} INFO - Setting next_dagrun for datahub_metadata_ingestion to 2026-06-04 16:25:00+00:00, run_after=2026-06-04 16:30:00+00:00
[2026-06-04T16:25:13.405+0000] {processor.py:208} INFO - Processing /opt/airflow/dags/datahub_ingestion.py took 0.480 seconds
[2026-06-04T16:25:43.683+0000] {processor.py:186} INFO - Started process (PID=5751) to work on /opt/airflow/dags/datahub_ingestion.py
[2026-06-04T16:25:43.687+0000] {processor.py:914} INFO - Processing file /opt/airflow/dags/datahub_ingestion.py for tasks to queue
[2026-06-04T16:25:43.694+0000] {logging_mixin.py:190} INFO - [2026-06-04T16:25:43.693+0000] {dagbag.py:588} INFO - Filling up the DagBag from /opt/airflow/dags/datahub_ingestion.py
[2026-06-04T16:25:43.724+0000] {processor.py:925} INFO - DAG(s) 'datahub_metadata_ingestion' retrieved from /opt/airflow/dags/datahub_ingestion.py
[2026-06-04T16:25:43.772+0000] {logging_mixin.py:190} INFO - [2026-06-04T16:25:43.771+0000] {dag.py:3239} INFO - Sync 1 DAGs
[2026-06-04T16:25:43.852+0000] {logging_mixin.py:190} INFO - [2026-06-04T16:25:43.851+0000] {dag.py:4180} INFO - Setting next_dagrun for datahub_metadata_ingestion to 2026-06-04 16:25:00+00:00, run_after=2026-06-04 16:30:00+00:00
[2026-06-04T16:25:43.891+0000] {processor.py:208} INFO - Processing /opt/airflow/dags/datahub_ingestion.py took 0.218 seconds
[2026-06-04T16:26:14.101+0000] {processor.py:186} INFO - Started process (PID=6048) to work on /opt/airflow/dags/datahub_ingestion.py
[2026-06-04T16:26:14.107+0000] {processor.py:914} INFO - Processing file /opt/airflow/dags/datahub_ingestion.py for tasks to queue
[2026-06-04T16:26:14.113+0000] {logging_mixin.py:190} INFO - [2026-06-04T16:26:14.113+0000] {dagbag.py:588} INFO - Filling up the DagBag from /opt/airflow/dags/datahub_ingestion.py
[2026-06-04T16:26:14.136+0000] {processor.py:925} INFO - DAG(s) 'datahub_metadata_ingestion' retrieved from /opt/airflow/dags/datahub_ingestion.py
[2026-06-04T16:26:14.180+0000] {logging_mixin.py:190} INFO - [2026-06-04T16:26:14.180+0000] {dag.py:3239} INFO - Sync 1 DAGs
[2026-06-04T16:26:14.236+0000] {logging_mixin.py:190} INFO - [2026-06-04T16:26:14.235+0000] {dag.py:4180} INFO - Setting next_dagrun for datahub_metadata_ingestion to 2026-06-04 16:25:00+00:00, run_after=2026-06-04 16:30:00+00:00
[2026-06-04T16:26:14.273+0000] {processor.py:208} INFO - Processing /opt/airflow/dags/datahub_ingestion.py took 0.178 seconds
[2026-06-04T16:26:44.513+0000] {processor.py:186} INFO - Started process (PID=6424) to work on /opt/airflow/dags/datahub_ingestion.py
[2026-06-04T16:26:44.517+0000] {processor.py:914} INFO - Processing file /opt/airflow/dags/datahub_ingestion.py for tasks to queue
[2026-06-04T16:26:44.522+0000] {logging_mixin.py:190} INFO - [2026-06-04T16:26:44.522+0000] {dagbag.py:588} INFO - Filling up the DagBag from /opt/airflow/dags/datahub_ingestion.py
[2026-06-04T16:26:44.568+0000] {processor.py:925} INFO - DAG(s) 'datahub_metadata_ingestion' retrieved from /opt/airflow/dags/datahub_ingestion.py
[2026-06-04T16:26:44.606+0000] {logging_mixin.py:190} INFO - [2026-06-04T16:26:44.605+0000] {dag.py:3239} INFO - Sync 1 DAGs
[2026-06-04T16:26:44.636+0000] {logging_mixin.py:190} INFO - [2026-06-04T16:26:44.636+0000] {dag.py:4180} INFO - Setting next_dagrun for datahub_metadata_ingestion to 2026-06-04 16:25:00+00:00, run_after=2026-06-04 16:30:00+00:00
[2026-06-04T16:26:44.673+0000] {processor.py:208} INFO - Processing /opt/airflow/dags/datahub_ingestion.py took 0.184 seconds
[2026-06-04T16:27:14.968+0000] {processor.py:186} INFO - Started process (PID=6472) to work on /opt/airflow/dags/datahub_ingestion.py
[2026-06-04T16:27:14.977+0000] {processor.py:914} INFO - Processing file /opt/airflow/dags/datahub_ingestion.py for tasks to queue
[2026-06-04T16:27:14.987+0000] {logging_mixin.py:190} INFO - [2026-06-04T16:27:14.987+0000] {dagbag.py:588} INFO - Filling up the DagBag from /opt/airflow/dags/datahub_ingestion.py
[2026-06-04T16:27:15.048+0000] {processor.py:925} INFO - DAG(s) 'datahub_metadata_ingestion' retrieved from /opt/airflow/dags/datahub_ingestion.py
[2026-06-04T16:27:15.099+0000] {logging_mixin.py:190} INFO - [2026-06-04T16:27:15.099+0000] {dag.py:3239} INFO - Sync 1 DAGs
[2026-06-04T16:27:15.167+0000] {logging_mixin.py:190} INFO - [2026-06-04T16:27:15.166+0000] {dag.py:4180} INFO - Setting next_dagrun for datahub_metadata_ingestion to 2026-06-04 16:25:00+00:00, run_after=2026-06-04 16:30:00+00:00
[2026-06-04T16:27:15.189+0000] {processor.py:208} INFO - Processing /opt/airflow/dags/datahub_ingestion.py took 0.240 seconds
[2026-06-04T16:27:45.349+0000] {processor.py:186} INFO - Started process (PID=6505) to work on /opt/airflow/dags/datahub_ingestion.py
[2026-06-04T16:27:45.353+0000] {processor.py:914} INFO - Processing file /opt/airflow/dags/datahub_ingestion.py for tasks to queue
[2026-06-04T16:27:45.357+0000] {logging_mixin.py:190} INFO - [2026-06-04T16:27:45.357+0000] {dagbag.py:588} INFO - Filling up the DagBag from /opt/airflow/dags/datahub_ingestion.py
[2026-06-04T16:27:45.372+0000] {processor.py:925} INFO - DAG(s) 'datahub_metadata_ingestion' retrieved from /opt/airflow/dags/datahub_ingestion.py
[2026-06-04T16:27:45.395+0000] {logging_mixin.py:190} INFO - [2026-06-04T16:27:45.395+0000] {dag.py:3239} INFO - Sync 1 DAGs
[2026-06-04T16:27:45.423+0000] {logging_mixin.py:190} INFO - [2026-06-04T16:27:45.423+0000] {dag.py:4180} INFO - Setting next_dagrun for datahub_metadata_ingestion to 2026-06-04 16:25:00+00:00, run_after=2026-06-04 16:30:00+00:00
[2026-06-04T16:27:45.445+0000] {processor.py:208} INFO - Processing /opt/airflow/dags/datahub_ingestion.py took 0.101 seconds
[2026-06-04T16:28:15.693+0000] {processor.py:186} INFO - Started process (PID=6613) to work on /opt/airflow/dags/datahub_ingestion.py
[2026-06-04T16:28:15.703+0000] {processor.py:914} INFO - Processing file /opt/airflow/dags/datahub_ingestion.py for tasks to queue
[2026-06-04T16:28:15.709+0000] {logging_mixin.py:190} INFO - [2026-06-04T16:28:15.708+0000] {dagbag.py:588} INFO - Filling up the DagBag from /opt/airflow/dags/datahub_ingestion.py
[2026-06-04T16:28:15.744+0000] {processor.py:925} INFO - DAG(s) 'datahub_metadata_ingestion' retrieved from /opt/airflow/dags/datahub_ingestion.py
[2026-06-04T16:28:15.791+0000] {logging_mixin.py:190} INFO - [2026-06-04T16:28:15.791+0000] {dag.py:3239} INFO - Sync 1 DAGs
[2026-06-04T16:28:15.826+0000] {logging_mixin.py:190} INFO - [2026-06-04T16:28:15.826+0000] {dag.py:4180} INFO - Setting next_dagrun for datahub_metadata_ingestion to 2026-06-04 16:25:00+00:00, run_after=2026-06-04 16:30:00+00:00
[2026-06-04T16:28:15.865+0000] {processor.py:208} INFO - Processing /opt/airflow/dags/datahub_ingestion.py took 0.179 seconds
[2026-06-04T16:28:47.678+0000] {processor.py:186} INFO - Started process (PID=6776) to work on /opt/airflow/dags/datahub_ingestion.py
[2026-06-04T16:28:47.686+0000] {processor.py:914} INFO - Processing file /opt/airflow/dags/datahub_ingestion.py for tasks to queue
[2026-06-04T16:28:47.692+0000] {logging_mixin.py:190} INFO - [2026-06-04T16:28:47.691+0000] {dagbag.py:588} INFO - Filling up the DagBag from /opt/airflow/dags/datahub_ingestion.py
[2026-06-04T16:28:47.725+0000] {processor.py:925} INFO - DAG(s) 'datahub_metadata_ingestion' retrieved from /opt/airflow/dags/datahub_ingestion.py
[2026-06-04T16:28:47.778+0000] {logging_mixin.py:190} INFO - [2026-06-04T16:28:47.778+0000] {dag.py:3239} INFO - Sync 1 DAGs
[2026-06-04T16:28:47.827+0000] {logging_mixin.py:190} INFO - [2026-06-04T16:28:47.827+0000] {dag.py:4180} INFO - Setting next_dagrun for datahub_metadata_ingestion to 2026-06-04 16:25:00+00:00, run_after=2026-06-04 16:30:00+00:00
[2026-06-04T16:28:47.883+0000] {processor.py:208} INFO - Processing /opt/airflow/dags/datahub_ingestion.py took 0.215 seconds
[2026-06-04T16:29:18.204+0000] {processor.py:186} INFO - Started process (PID=6920) to work on /opt/airflow/dags/datahub_ingestion.py
[2026-06-04T16:29:18.215+0000] {processor.py:914} INFO - Processing file /opt/airflow/dags/datahub_ingestion.py for tasks to queue
[2026-06-04T16:29:18.227+0000] {logging_mixin.py:190} INFO - [2026-06-04T16:29:18.226+0000] {dagbag.py:588} INFO - Filling up the DagBag from /opt/airflow/dags/datahub_ingestion.py
[2026-06-04T16:29:18.289+0000] {processor.py:925} INFO - DAG(s) 'datahub_metadata_ingestion' retrieved from /opt/airflow/dags/datahub_ingestion.py
[2026-06-04T16:29:18.377+0000] {logging_mixin.py:190} INFO - [2026-06-04T16:29:18.376+0000] {dag.py:3239} INFO - Sync 1 DAGs
[2026-06-04T16:29:18.446+0000] {logging_mixin.py:190} INFO - [2026-06-04T16:29:18.446+0000] {dag.py:4180} INFO - Setting next_dagrun for datahub_metadata_ingestion to 2026-06-04 16:25:00+00:00, run_after=2026-06-04 16:30:00+00:00
[2026-06-04T16:29:18.498+0000] {processor.py:208} INFO - Processing /opt/airflow/dags/datahub_ingestion.py took 0.306 seconds
[2026-06-04T16:29:50.926+0000] {processor.py:186} INFO - Started process (PID=7345) to work on /opt/airflow/dags/datahub_ingestion.py
[2026-06-04T16:29:50.930+0000] {processor.py:914} INFO - Processing file /opt/airflow/dags/datahub_ingestion.py for tasks to queue
[2026-06-04T16:29:50.935+0000] {logging_mixin.py:190} INFO - [2026-06-04T16:29:50.934+0000] {dagbag.py:588} INFO - Filling up the DagBag from /opt/airflow/dags/datahub_ingestion.py
[2026-06-04T16:29:50.957+0000] {processor.py:925} INFO - DAG(s) 'datahub_metadata_ingestion' retrieved from /opt/airflow/dags/datahub_ingestion.py
[2026-06-04T16:29:51.006+0000] {logging_mixin.py:190} INFO - [2026-06-04T16:29:51.006+0000] {dag.py:3239} INFO - Sync 1 DAGs
[2026-06-04T16:29:51.051+0000] {logging_mixin.py:190} INFO - [2026-06-04T16:29:51.049+0000] {dag.py:4180} INFO - Setting next_dagrun for datahub_metadata_ingestion to 2026-06-04 16:25:00+00:00, run_after=2026-06-04 16:30:00+00:00
[2026-06-04T16:29:51.082+0000] {processor.py:208} INFO - Processing /opt/airflow/dags/datahub_ingestion.py took 0.162 seconds
[2026-06-04T16:30:21.319+0000] {processor.py:186} INFO - Started process (PID=7594) to work on /opt/airflow/dags/datahub_ingestion.py
[2026-06-04T16:30:21.324+0000] {processor.py:914} INFO - Processing file /opt/airflow/dags/datahub_ingestion.py for tasks to queue
[2026-06-04T16:30:21.329+0000] {logging_mixin.py:190} INFO - [2026-06-04T16:30:21.329+0000] {dagbag.py:588} INFO - Filling up the DagBag from /opt/airflow/dags/datahub_ingestion.py
[2026-06-04T16:30:21.382+0000] {processor.py:925} INFO - DAG(s) 'datahub_metadata_ingestion' retrieved from /opt/airflow/dags/datahub_ingestion.py
[2026-06-04T16:30:21.446+0000] {logging_mixin.py:190} INFO - [2026-06-04T16:30:21.445+0000] {dag.py:3239} INFO - Sync 1 DAGs
[2026-06-04T16:30:21.503+0000] {logging_mixin.py:190} INFO - [2026-06-04T16:30:21.502+0000] {dag.py:4180} INFO - Setting next_dagrun for datahub_metadata_ingestion to 2026-06-04 16:30:00+00:00, run_after=2026-06-04 16:35:00+00:00
[2026-06-04T16:30:21.527+0000] {processor.py:208} INFO - Processing /opt/airflow/dags/datahub_ingestion.py took 0.231 seconds
[2026-06-04T16:30:52.417+0000] {processor.py:186} INFO - Started process (PID=7662) to work on /opt/airflow/dags/datahub_ingestion.py
[2026-06-04T16:30:52.422+0000] {processor.py:914} INFO - Processing file /opt/airflow/dags/datahub_ingestion.py for tasks to queue
[2026-06-04T16:30:52.428+0000] {logging_mixin.py:190} INFO - [2026-06-04T16:30:52.427+0000] {dagbag.py:588} INFO - Filling up the DagBag from /opt/airflow/dags/datahub_ingestion.py
[2026-06-04T16:30:52.451+0000] {processor.py:925} INFO - DAG(s) 'datahub_metadata_ingestion' retrieved from /opt/airflow/dags/datahub_ingestion.py
[2026-06-04T16:30:52.483+0000] {logging_mixin.py:190} INFO - [2026-06-04T16:30:52.483+0000] {dag.py:3239} INFO - Sync 1 DAGs
[2026-06-04T16:30:52.529+0000] {logging_mixin.py:190} INFO - [2026-06-04T16:30:52.529+0000] {dag.py:4180} INFO - Setting next_dagrun for datahub_metadata_ingestion to 2026-06-04 16:30:00+00:00, run_after=2026-06-04 16:35:00+00:00
[2026-06-04T16:30:52.557+0000] {processor.py:208} INFO - Processing /opt/airflow/dags/datahub_ingestion.py took 0.149 seconds
[2026-06-04T16:31:22.856+0000] {processor.py:186} INFO - Started process (PID=7672) to work on /opt/airflow/dags/datahub_ingestion.py
[2026-06-04T16:31:22.860+0000] {processor.py:914} INFO - Processing file /opt/airflow/dags/datahub_ingestion.py for tasks to queue
[2026-06-04T16:31:22.866+0000] {logging_mixin.py:190} INFO - [2026-06-04T16:31:22.865+0000] {dagbag.py:588} INFO - Filling up the DagBag from /opt/airflow/dags/datahub_ingestion.py
[2026-06-04T16:31:22.888+0000] {processor.py:925} INFO - DAG(s) 'datahub_metadata_ingestion' retrieved from /opt/airflow/dags/datahub_ingestion.py
[2026-06-04T16:31:22.920+0000] {logging_mixin.py:190} INFO - [2026-06-04T16:31:22.920+0000] {dag.py:3239} INFO - Sync 1 DAGs
[2026-06-04T16:31:22.963+0000] {logging_mixin.py:190} INFO - [2026-06-04T16:31:22.962+0000] {dag.py:4180} INFO - Setting next_dagrun for datahub_metadata_ingestion to 2026-06-04 16:30:00+00:00, run_after=2026-06-04 16:35:00+00:00
[2026-06-04T16:31:22.997+0000] {processor.py:208} INFO - Processing /opt/airflow/dags/datahub_ingestion.py took 0.149 seconds
[2026-06-04T16:31:53.248+0000] {processor.py:186} INFO - Started process (PID=7682) to work on /opt/airflow/dags/datahub_ingestion.py
[2026-06-04T16:31:53.253+0000] {processor.py:914} INFO - Processing file /opt/airflow/dags/datahub_ingestion.py for tasks to queue
[2026-06-04T16:31:53.259+0000] {logging_mixin.py:190} INFO - [2026-06-04T16:31:53.258+0000] {dagbag.py:588} INFO - Filling up the DagBag from /opt/airflow/dags/datahub_ingestion.py
[2026-06-04T16:31:53.279+0000] {processor.py:925} INFO - DAG(s) 'datahub_metadata_ingestion' retrieved from /opt/airflow/dags/datahub_ingestion.py
[2026-06-04T16:31:53.309+0000] {logging_mixin.py:190} INFO - [2026-06-04T16:31:53.309+0000] {dag.py:3239} INFO - Sync 1 DAGs
[2026-06-04T16:31:53.348+0000] {logging_mixin.py:190} INFO - [2026-06-04T16:31:53.348+0000] {dag.py:4180} INFO - Setting next_dagrun for datahub_metadata_ingestion to 2026-06-04 16:30:00+00:00, run_after=2026-06-04 16:35:00+00:00
[2026-06-04T16:31:53.385+0000] {processor.py:208} INFO - Processing /opt/airflow/dags/datahub_ingestion.py took 0.144 seconds
[2026-06-04T16:32:23.621+0000] {processor.py:186} INFO - Started process (PID=7692) to work on /opt/airflow/dags/datahub_ingestion.py
[2026-06-04T16:32:23.643+0000] {processor.py:914} INFO - Processing file /opt/airflow/dags/datahub_ingestion.py for tasks to queue
[2026-06-04T16:32:23.648+0000] {logging_mixin.py:190} INFO - [2026-06-04T16:32:23.648+0000] {dagbag.py:588} INFO - Filling up the DagBag from /opt/airflow/dags/datahub_ingestion.py
[2026-06-04T16:32:23.667+0000] {processor.py:925} INFO - DAG(s) 'datahub_metadata_ingestion' retrieved from /opt/airflow/dags/datahub_ingestion.py
[2026-06-04T16:32:23.694+0000] {logging_mixin.py:190} INFO - [2026-06-04T16:32:23.694+0000] {dag.py:3239} INFO - Sync 1 DAGs
[2026-06-04T16:32:23.729+0000] {logging_mixin.py:190} INFO - [2026-06-04T16:32:23.729+0000] {dag.py:4180} INFO - Setting next_dagrun for datahub_metadata_ingestion to 2026-06-04 16:30:00+00:00, run_after=2026-06-04 16:35:00+00:00
[2026-06-04T16:32:23.762+0000] {processor.py:208} INFO - Processing /opt/airflow/dags/datahub_ingestion.py took 0.147 seconds
[2026-06-04T16:32:53.984+0000] {processor.py:186} INFO - Started process (PID=7702) to work on /opt/airflow/dags/datahub_ingestion.py
[2026-06-04T16:32:53.989+0000] {processor.py:914} INFO - Processing file /opt/airflow/dags/datahub_ingestion.py for tasks to queue
[2026-06-04T16:32:53.994+0000] {logging_mixin.py:190} INFO - [2026-06-04T16:32:53.993+0000] {dagbag.py:588} INFO - Filling up the DagBag from /opt/airflow/dags/datahub_ingestion.py
[2026-06-04T16:32:54.009+0000] {processor.py:925} INFO - DAG(s) 'datahub_metadata_ingestion' retrieved from /opt/airflow/dags/datahub_ingestion.py
[2026-06-04T16:32:54.032+0000] {logging_mixin.py:190} INFO - [2026-06-04T16:32:54.032+0000] {dag.py:3239} INFO - Sync 1 DAGs
[2026-06-04T16:32:54.062+0000] {logging_mixin.py:190} INFO - [2026-06-04T16:32:54.062+0000] {dag.py:4180} INFO - Setting next_dagrun for datahub_metadata_ingestion to 2026-06-04 16:30:00+00:00, run_after=2026-06-04 16:35:00+00:00
[2026-06-04T16:32:54.086+0000] {processor.py:208} INFO - Processing /opt/airflow/dags/datahub_ingestion.py took 0.108 seconds
[2026-06-04T16:33:24.340+0000] {processor.py:186} INFO - Started process (PID=7712) to work on /opt/airflow/dags/datahub_ingestion.py
[2026-06-04T16:33:24.344+0000] {processor.py:914} INFO - Processing file /opt/airflow/dags/datahub_ingestion.py for tasks to queue
[2026-06-04T16:33:24.349+0000] {logging_mixin.py:190} INFO - [2026-06-04T16:33:24.349+0000] {dagbag.py:588} INFO - Filling up the DagBag from /opt/airflow/dags/datahub_ingestion.py
[2026-06-04T16:33:24.368+0000] {processor.py:925} INFO - DAG(s) 'datahub_metadata_ingestion' retrieved from /opt/airflow/dags/datahub_ingestion.py
[2026-06-04T16:33:24.393+0000] {logging_mixin.py:190} INFO - [2026-06-04T16:33:24.393+0000] {dag.py:3239} INFO - Sync 1 DAGs
[2026-06-04T16:33:24.425+0000] {logging_mixin.py:190} INFO - [2026-06-04T16:33:24.425+0000] {dag.py:4180} INFO - Setting next_dagrun for datahub_metadata_ingestion to 2026-06-04 16:30:00+00:00, run_after=2026-06-04 16:35:00+00:00
[2026-06-04T16:33:24.452+0000] {processor.py:208} INFO - Processing /opt/airflow/dags/datahub_ingestion.py took 0.119 seconds
[2026-06-04T16:33:54.743+0000] {processor.py:186} INFO - Started process (PID=7722) to work on /opt/airflow/dags/datahub_ingestion.py
[2026-06-04T16:33:54.749+0000] {processor.py:914} INFO - Processing file /opt/airflow/dags/datahub_ingestion.py for tasks to queue
[2026-06-04T16:33:54.753+0000] {logging_mixin.py:190} INFO - [2026-06-04T16:33:54.753+0000] {dagbag.py:588} INFO - Filling up the DagBag from /opt/airflow/dags/datahub_ingestion.py
[2026-06-04T16:33:54.773+0000] {processor.py:925} INFO - DAG(s) 'datahub_metadata_ingestion' retrieved from /opt/airflow/dags/datahub_ingestion.py
[2026-06-04T16:33:54.802+0000] {logging_mixin.py:190} INFO - [2026-06-04T16:33:54.802+0000] {dag.py:3239} INFO - Sync 1 DAGs
[2026-06-04T16:33:54.841+0000] {logging_mixin.py:190} INFO - [2026-06-04T16:33:54.841+0000] {dag.py:4180} INFO - Setting next_dagrun for datahub_metadata_ingestion to 2026-06-04 16:30:00+00:00, run_after=2026-06-04 16:35:00+00:00
[2026-06-04T16:33:54.896+0000] {processor.py:208} INFO - Processing /opt/airflow/dags/datahub_ingestion.py took 0.161 seconds
[2026-06-04T16:34:25.127+0000] {processor.py:186} INFO - Started process (PID=7732) to work on /opt/airflow/dags/datahub_ingestion.py
[2026-06-04T16:34:25.144+0000] {processor.py:914} INFO - Processing file /opt/airflow/dags/datahub_ingestion.py for tasks to queue
[2026-06-04T16:34:25.149+0000] {logging_mixin.py:190} INFO - [2026-06-04T16:34:25.149+0000] {dagbag.py:588} INFO - Filling up the DagBag from /opt/airflow/dags/datahub_ingestion.py
[2026-06-04T16:34:25.167+0000] {processor.py:925} INFO - DAG(s) 'datahub_metadata_ingestion' retrieved from /opt/airflow/dags/datahub_ingestion.py
[2026-06-04T16:34:25.194+0000] {logging_mixin.py:190} INFO - [2026-06-04T16:34:25.194+0000] {dag.py:3239} INFO - Sync 1 DAGs
[2026-06-04T16:34:25.227+0000] {logging_mixin.py:190} INFO - [2026-06-04T16:34:25.227+0000] {dag.py:4180} INFO - Setting next_dagrun for datahub_metadata_ingestion to 2026-06-04 16:30:00+00:00, run_after=2026-06-04 16:35:00+00:00
[2026-06-04T16:34:25.253+0000] {processor.py:208} INFO - Processing /opt/airflow/dags/datahub_ingestion.py took 0.133 seconds
[2026-06-04T16:34:55.503+0000] {processor.py:186} INFO - Started process (PID=7742) to work on /opt/airflow/dags/datahub_ingestion.py
[2026-06-04T16:34:55.507+0000] {processor.py:914} INFO - Processing file /opt/airflow/dags/datahub_ingestion.py for tasks to queue
[2026-06-04T16:34:55.512+0000] {logging_mixin.py:190} INFO - [2026-06-04T16:34:55.512+0000] {dagbag.py:588} INFO - Filling up the DagBag from /opt/airflow/dags/datahub_ingestion.py
[2026-06-04T16:34:55.533+0000] {processor.py:925} INFO - DAG(s) 'datahub_metadata_ingestion' retrieved from /opt/airflow/dags/datahub_ingestion.py
[2026-06-04T16:34:55.563+0000] {logging_mixin.py:190} INFO - [2026-06-04T16:34:55.563+0000] {dag.py:3239} INFO - Sync 1 DAGs
[2026-06-04T16:34:55.604+0000] {logging_mixin.py:190} INFO - [2026-06-04T16:34:55.604+0000] {dag.py:4180} INFO - Setting next_dagrun for datahub_metadata_ingestion to 2026-06-04 16:30:00+00:00, run_after=2026-06-04 16:35:00+00:00
[2026-06-04T16:34:55.633+0000] {processor.py:208} INFO - Processing /opt/airflow/dags/datahub_ingestion.py took 0.138 seconds
[2026-06-04T16:35:25.859+0000] {processor.py:186} INFO - Started process (PID=7809) to work on /opt/airflow/dags/datahub_ingestion.py
[2026-06-04T16:35:25.864+0000] {processor.py:914} INFO - Processing file /opt/airflow/dags/datahub_ingestion.py for tasks to queue
[2026-06-04T16:35:25.869+0000] {logging_mixin.py:190} INFO - [2026-06-04T16:35:25.868+0000] {dagbag.py:588} INFO - Filling up the DagBag from /opt/airflow/dags/datahub_ingestion.py
[2026-06-04T16:35:25.891+0000] {processor.py:925} INFO - DAG(s) 'datahub_metadata_ingestion' retrieved from /opt/airflow/dags/datahub_ingestion.py
[2026-06-04T16:35:25.922+0000] {logging_mixin.py:190} INFO - [2026-06-04T16:35:25.922+0000] {dag.py:3239} INFO - Sync 1 DAGs
[2026-06-04T16:35:25.956+0000] {logging_mixin.py:190} INFO - [2026-06-04T16:35:25.955+0000] {dag.py:4180} INFO - Setting next_dagrun for datahub_metadata_ingestion to 2026-06-04 16:35:00+00:00, run_after=2026-06-04 16:40:00+00:00
[2026-06-04T16:35:25.983+0000] {processor.py:208} INFO - Processing /opt/airflow/dags/datahub_ingestion.py took 0.132 seconds
[2026-06-04T16:35:56.221+0000] {processor.py:186} INFO - Started process (PID=7819) to work on /opt/airflow/dags/datahub_ingestion.py
[2026-06-04T16:35:56.233+0000] {processor.py:914} INFO - Processing file /opt/airflow/dags/datahub_ingestion.py for tasks to queue
[2026-06-04T16:35:56.239+0000] {logging_mixin.py:190} INFO - [2026-06-04T16:35:56.238+0000] {dagbag.py:588} INFO - Filling up the DagBag from /opt/airflow/dags/datahub_ingestion.py
[2026-06-04T16:35:56.260+0000] {processor.py:925} INFO - DAG(s) 'datahub_metadata_ingestion' retrieved from /opt/airflow/dags/datahub_ingestion.py
[2026-06-04T16:35:56.286+0000] {logging_mixin.py:190} INFO - [2026-06-04T16:35:56.286+0000] {dag.py:3239} INFO - Sync 1 DAGs
[2026-06-04T16:35:56.322+0000] {logging_mixin.py:190} INFO - [2026-06-04T16:35:56.321+0000] {dag.py:4180} INFO - Setting next_dagrun for datahub_metadata_ingestion to 2026-06-04 16:35:00+00:00, run_after=2026-06-04 16:40:00+00:00
[2026-06-04T16:35:56.358+0000] {processor.py:208} INFO - Processing /opt/airflow/dags/datahub_ingestion.py took 0.144 seconds
[2026-06-04T16:36:26.596+0000] {processor.py:186} INFO - Started process (PID=7829) to work on /opt/airflow/dags/datahub_ingestion.py
[2026-06-04T16:36:26.607+0000] {processor.py:914} INFO - Processing file /opt/airflow/dags/datahub_ingestion.py for tasks to queue
[2026-06-04T16:36:26.612+0000] {logging_mixin.py:190} INFO - [2026-06-04T16:36:26.612+0000] {dagbag.py:588} INFO - Filling up the DagBag from /opt/airflow/dags/datahub_ingestion.py
[2026-06-04T16:36:26.632+0000] {processor.py:925} INFO - DAG(s) 'datahub_metadata_ingestion' retrieved from /opt/airflow/dags/datahub_ingestion.py
[2026-06-04T16:36:26.659+0000] {logging_mixin.py:190} INFO - [2026-06-04T16:36:26.659+0000] {dag.py:3239} INFO - Sync 1 DAGs
[2026-06-04T16:36:26.695+0000] {logging_mixin.py:190} INFO - [2026-06-04T16:36:26.694+0000] {dag.py:4180} INFO - Setting next_dagrun for datahub_metadata_ingestion to 2026-06-04 16:35:00+00:00, run_after=2026-06-04 16:40:00+00:00
[2026-06-04T16:36:26.725+0000] {processor.py:208} INFO - Processing /opt/airflow/dags/datahub_ingestion.py took 0.135 seconds
[2026-06-04T16:36:56.937+0000] {processor.py:186} INFO - Started process (PID=7839) to work on /opt/airflow/dags/datahub_ingestion.py
[2026-06-04T16:36:56.942+0000] {processor.py:914} INFO - Processing file /opt/airflow/dags/datahub_ingestion.py for tasks to queue
[2026-06-04T16:36:56.947+0000] {logging_mixin.py:190} INFO - [2026-06-04T16:36:56.946+0000] {dagbag.py:588} INFO - Filling up the DagBag from /opt/airflow/dags/datahub_ingestion.py
[2026-06-04T16:36:56.966+0000] {processor.py:925} INFO - DAG(s) 'datahub_metadata_ingestion' retrieved from /opt/airflow/dags/datahub_ingestion.py
[2026-06-04T16:36:56.993+0000] {logging_mixin.py:190} INFO - [2026-06-04T16:36:56.993+0000] {dag.py:3239} INFO - Sync 1 DAGs
[2026-06-04T16:36:57.029+0000] {logging_mixin.py:190} INFO - [2026-06-04T16:36:57.028+0000] {dag.py:4180} INFO - Setting next_dagrun for datahub_metadata_ingestion to 2026-06-04 16:35:00+00:00, run_after=2026-06-04 16:40:00+00:00
[2026-06-04T16:36:57.058+0000] {processor.py:208} INFO - Processing /opt/airflow/dags/datahub_ingestion.py took 0.127 seconds
