[2026-06-04T13:29:34.721+0000] {processor.py:186} INFO - Started process (PID=158) to work on /opt/airflow/dags/ehr_data_pipeline.py
[2026-06-04T13:29:34.721+0000] {processor.py:914} INFO - Processing file /opt/airflow/dags/ehr_data_pipeline.py for tasks to queue
[2026-06-04T13:29:34.723+0000] {logging_mixin.py:190} INFO - [2026-06-04T13:29:34.723+0000] {dagbag.py:588} INFO - Filling up the DagBag from /opt/airflow/dags/ehr_data_pipeline.py
[2026-06-04T13:29:34.740+0000] {processor.py:925} INFO - DAG(s) 'ehr_data_pipeline' retrieved from /opt/airflow/dags/ehr_data_pipeline.py
[2026-06-04T13:29:35.027+0000] {logging_mixin.py:190} INFO - [2026-06-04T13:29:35.026+0000] {override.py:1900} INFO - Created Permission View: can read on DAG:ehr_data_pipeline
[2026-06-04T13:29:35.051+0000] {logging_mixin.py:190} INFO - [2026-06-04T13:29:35.051+0000] {override.py:1900} INFO - Created Permission View: can edit on DAG:ehr_data_pipeline
[2026-06-04T13:29:35.073+0000] {logging_mixin.py:190} INFO - [2026-06-04T13:29:35.073+0000] {override.py:1900} INFO - Created Permission View: can delete on DAG:ehr_data_pipeline
[2026-06-04T13:29:35.117+0000] {logging_mixin.py:190} INFO - [2026-06-04T13:29:35.117+0000] {override.py:1900} INFO - Created Permission View: can read on DAG Run:ehr_data_pipeline
[2026-06-04T13:29:35.140+0000] {logging_mixin.py:190} INFO - [2026-06-04T13:29:35.140+0000] {override.py:1900} INFO - Created Permission View: can delete on DAG Run:ehr_data_pipeline
[2026-06-04T13:29:35.165+0000] {logging_mixin.py:190} INFO - [2026-06-04T13:29:35.165+0000] {override.py:1900} INFO - Created Permission View: menu access on DAG Run:ehr_data_pipeline
[2026-06-04T13:29:35.182+0000] {logging_mixin.py:190} INFO - [2026-06-04T13:29:35.182+0000] {override.py:1900} INFO - Created Permission View: can create on DAG Run:ehr_data_pipeline
[2026-06-04T13:29:35.183+0000] {logging_mixin.py:190} INFO - [2026-06-04T13:29:35.182+0000] {dag.py:3239} INFO - Sync 1 DAGs
[2026-06-04T13:29:35.194+0000] {logging_mixin.py:190} INFO - [2026-06-04T13:29:35.194+0000] {dag.py:3262} INFO - Creating ORM DAG for ehr_data_pipeline
[2026-06-04T13:29:35.205+0000] {logging_mixin.py:190} INFO - [2026-06-04T13:29:35.205+0000] {dag.py:4180} INFO - Setting next_dagrun for ehr_data_pipeline to 2026-06-03 00:00:00+00:00, run_after=2026-06-04 00:00:00+00:00
[2026-06-04T13:29:35.239+0000] {processor.py:208} INFO - Processing /opt/airflow/dags/ehr_data_pipeline.py took 0.524 seconds
[2026-06-04T13:30:05.469+0000] {processor.py:186} INFO - Started process (PID=168) to work on /opt/airflow/dags/ehr_data_pipeline.py
[2026-06-04T13:30:05.474+0000] {processor.py:914} INFO - Processing file /opt/airflow/dags/ehr_data_pipeline.py for tasks to queue
[2026-06-04T13:30:05.476+0000] {logging_mixin.py:190} INFO - [2026-06-04T13:30:05.476+0000] {dagbag.py:588} INFO - Filling up the DagBag from /opt/airflow/dags/ehr_data_pipeline.py
[2026-06-04T13:30:05.496+0000] {processor.py:925} INFO - DAG(s) 'ehr_data_pipeline' retrieved from /opt/airflow/dags/ehr_data_pipeline.py
[2026-06-04T13:30:05.517+0000] {logging_mixin.py:190} INFO - [2026-06-04T13:30:05.517+0000] {dag.py:3239} INFO - Sync 1 DAGs
[2026-06-04T13:30:05.545+0000] {logging_mixin.py:190} INFO - [2026-06-04T13:30:05.545+0000] {dag.py:4180} INFO - Setting next_dagrun for ehr_data_pipeline to 2026-06-03 00:00:00+00:00, run_after=2026-06-04 00:00:00+00:00
[2026-06-04T13:30:05.567+0000] {processor.py:208} INFO - Processing /opt/airflow/dags/ehr_data_pipeline.py took 0.107 seconds
[2026-06-04T13:30:35.827+0000] {processor.py:186} INFO - Started process (PID=178) to work on /opt/airflow/dags/ehr_data_pipeline.py
[2026-06-04T13:30:35.828+0000] {processor.py:914} INFO - Processing file /opt/airflow/dags/ehr_data_pipeline.py for tasks to queue
[2026-06-04T13:30:35.831+0000] {logging_mixin.py:190} INFO - [2026-06-04T13:30:35.830+0000] {dagbag.py:588} INFO - Filling up the DagBag from /opt/airflow/dags/ehr_data_pipeline.py
[2026-06-04T13:30:35.853+0000] {processor.py:925} INFO - DAG(s) 'ehr_data_pipeline' retrieved from /opt/airflow/dags/ehr_data_pipeline.py
[2026-06-04T13:30:35.876+0000] {logging_mixin.py:190} INFO - [2026-06-04T13:30:35.876+0000] {dag.py:3239} INFO - Sync 1 DAGs
[2026-06-04T13:30:35.901+0000] {logging_mixin.py:190} INFO - [2026-06-04T13:30:35.901+0000] {dag.py:4180} INFO - Setting next_dagrun for ehr_data_pipeline to 2026-06-03 00:00:00+00:00, run_after=2026-06-04 00:00:00+00:00
[2026-06-04T13:30:35.921+0000] {processor.py:208} INFO - Processing /opt/airflow/dags/ehr_data_pipeline.py took 0.102 seconds
[2026-06-04T13:31:06.144+0000] {processor.py:186} INFO - Started process (PID=242) to work on /opt/airflow/dags/ehr_data_pipeline.py
[2026-06-04T13:31:06.145+0000] {processor.py:914} INFO - Processing file /opt/airflow/dags/ehr_data_pipeline.py for tasks to queue
[2026-06-04T13:31:06.147+0000] {logging_mixin.py:190} INFO - [2026-06-04T13:31:06.147+0000] {dagbag.py:588} INFO - Filling up the DagBag from /opt/airflow/dags/ehr_data_pipeline.py
[2026-06-04T13:31:06.165+0000] {processor.py:925} INFO - DAG(s) 'ehr_data_pipeline' retrieved from /opt/airflow/dags/ehr_data_pipeline.py
[2026-06-04T13:31:06.192+0000] {logging_mixin.py:190} INFO - [2026-06-04T13:31:06.192+0000] {dag.py:3239} INFO - Sync 1 DAGs
[2026-06-04T13:31:06.222+0000] {logging_mixin.py:190} INFO - [2026-06-04T13:31:06.222+0000] {dag.py:4180} INFO - Setting next_dagrun for ehr_data_pipeline to 2026-06-04 00:00:00+00:00, run_after=2026-06-05 00:00:00+00:00
[2026-06-04T13:31:06.243+0000] {processor.py:208} INFO - Processing /opt/airflow/dags/ehr_data_pipeline.py took 0.105 seconds
[2026-06-04T13:31:36.484+0000] {processor.py:186} INFO - Started process (PID=253) to work on /opt/airflow/dags/ehr_data_pipeline.py
[2026-06-04T13:31:36.485+0000] {processor.py:914} INFO - Processing file /opt/airflow/dags/ehr_data_pipeline.py for tasks to queue
[2026-06-04T13:31:36.486+0000] {logging_mixin.py:190} INFO - [2026-06-04T13:31:36.486+0000] {dagbag.py:588} INFO - Filling up the DagBag from /opt/airflow/dags/ehr_data_pipeline.py
[2026-06-04T13:31:36.500+0000] {processor.py:925} INFO - DAG(s) 'ehr_data_pipeline' retrieved from /opt/airflow/dags/ehr_data_pipeline.py
[2026-06-04T13:31:36.521+0000] {logging_mixin.py:190} INFO - [2026-06-04T13:31:36.521+0000] {dag.py:3239} INFO - Sync 1 DAGs
[2026-06-04T13:31:36.549+0000] {logging_mixin.py:190} INFO - [2026-06-04T13:31:36.549+0000] {dag.py:4180} INFO - Setting next_dagrun for ehr_data_pipeline to 2026-06-04 00:00:00+00:00, run_after=2026-06-05 00:00:00+00:00
[2026-06-04T13:31:36.572+0000] {processor.py:208} INFO - Processing /opt/airflow/dags/ehr_data_pipeline.py took 0.093 seconds
[2026-06-04T13:32:06.824+0000] {processor.py:186} INFO - Started process (PID=263) to work on /opt/airflow/dags/ehr_data_pipeline.py
[2026-06-04T13:32:06.825+0000] {processor.py:914} INFO - Processing file /opt/airflow/dags/ehr_data_pipeline.py for tasks to queue
[2026-06-04T13:32:06.827+0000] {logging_mixin.py:190} INFO - [2026-06-04T13:32:06.827+0000] {dagbag.py:588} INFO - Filling up the DagBag from /opt/airflow/dags/ehr_data_pipeline.py
[2026-06-04T13:32:06.849+0000] {processor.py:925} INFO - DAG(s) 'ehr_data_pipeline' retrieved from /opt/airflow/dags/ehr_data_pipeline.py
[2026-06-04T13:32:06.875+0000] {logging_mixin.py:190} INFO - [2026-06-04T13:32:06.875+0000] {dag.py:3239} INFO - Sync 1 DAGs
[2026-06-04T13:32:06.905+0000] {logging_mixin.py:190} INFO - [2026-06-04T13:32:06.905+0000] {dag.py:4180} INFO - Setting next_dagrun for ehr_data_pipeline to 2026-06-04 00:00:00+00:00, run_after=2026-06-05 00:00:00+00:00
[2026-06-04T13:32:06.926+0000] {processor.py:208} INFO - Processing /opt/airflow/dags/ehr_data_pipeline.py took 0.110 seconds
[2026-06-04T13:32:28.127+0000] {processor.py:186} INFO - Started process (PID=270) to work on /opt/airflow/dags/ehr_data_pipeline.py
[2026-06-04T13:32:28.129+0000] {processor.py:914} INFO - Processing file /opt/airflow/dags/ehr_data_pipeline.py for tasks to queue
[2026-06-04T13:32:28.131+0000] {logging_mixin.py:190} INFO - [2026-06-04T13:32:28.130+0000] {dagbag.py:588} INFO - Filling up the DagBag from /opt/airflow/dags/ehr_data_pipeline.py
[2026-06-04T13:32:28.184+0000] {processor.py:925} INFO - DAG(s) 'ehr_data_pipeline' retrieved from /opt/airflow/dags/ehr_data_pipeline.py
[2026-06-04T13:32:28.210+0000] {logging_mixin.py:190} INFO - [2026-06-04T13:32:28.210+0000] {dag.py:3239} INFO - Sync 1 DAGs
[2026-06-04T13:32:28.243+0000] {logging_mixin.py:190} INFO - [2026-06-04T13:32:28.243+0000] {dag.py:4180} INFO - Setting next_dagrun for ehr_data_pipeline to 2026-06-04 00:00:00+00:00, run_after=2026-06-05 00:00:00+00:00
[2026-06-04T13:32:28.282+0000] {processor.py:208} INFO - Processing /opt/airflow/dags/ehr_data_pipeline.py took 0.163 seconds
[2026-06-04T13:32:58.414+0000] {processor.py:186} INFO - Started process (PID=280) to work on /opt/airflow/dags/ehr_data_pipeline.py
[2026-06-04T13:32:58.416+0000] {processor.py:914} INFO - Processing file /opt/airflow/dags/ehr_data_pipeline.py for tasks to queue
[2026-06-04T13:32:58.418+0000] {logging_mixin.py:190} INFO - [2026-06-04T13:32:58.417+0000] {dagbag.py:588} INFO - Filling up the DagBag from /opt/airflow/dags/ehr_data_pipeline.py
[2026-06-04T13:32:58.438+0000] {processor.py:925} INFO - DAG(s) 'ehr_data_pipeline' retrieved from /opt/airflow/dags/ehr_data_pipeline.py
[2026-06-04T13:32:58.462+0000] {logging_mixin.py:190} INFO - [2026-06-04T13:32:58.462+0000] {dag.py:3239} INFO - Sync 1 DAGs
[2026-06-04T13:32:58.492+0000] {logging_mixin.py:190} INFO - [2026-06-04T13:32:58.492+0000] {dag.py:4180} INFO - Setting next_dagrun for ehr_data_pipeline to 2026-06-04 00:00:00+00:00, run_after=2026-06-05 00:00:00+00:00
[2026-06-04T13:32:58.517+0000] {processor.py:208} INFO - Processing /opt/airflow/dags/ehr_data_pipeline.py took 0.109 seconds
[2026-06-04T13:33:28.782+0000] {processor.py:186} INFO - Started process (PID=290) to work on /opt/airflow/dags/ehr_data_pipeline.py
[2026-06-04T13:33:28.787+0000] {processor.py:914} INFO - Processing file /opt/airflow/dags/ehr_data_pipeline.py for tasks to queue
[2026-06-04T13:33:28.789+0000] {logging_mixin.py:190} INFO - [2026-06-04T13:33:28.788+0000] {dagbag.py:588} INFO - Filling up the DagBag from /opt/airflow/dags/ehr_data_pipeline.py
[2026-06-04T13:33:28.806+0000] {processor.py:925} INFO - DAG(s) 'ehr_data_pipeline' retrieved from /opt/airflow/dags/ehr_data_pipeline.py
[2026-06-04T13:33:28.829+0000] {logging_mixin.py:190} INFO - [2026-06-04T13:33:28.829+0000] {dag.py:3239} INFO - Sync 1 DAGs
[2026-06-04T13:33:28.856+0000] {logging_mixin.py:190} INFO - [2026-06-04T13:33:28.856+0000] {dag.py:4180} INFO - Setting next_dagrun for ehr_data_pipeline to 2026-06-04 00:00:00+00:00, run_after=2026-06-05 00:00:00+00:00
[2026-06-04T13:33:28.888+0000] {processor.py:208} INFO - Processing /opt/airflow/dags/ehr_data_pipeline.py took 0.112 seconds
[2026-06-04T13:33:59.177+0000] {processor.py:186} INFO - Started process (PID=300) to work on /opt/airflow/dags/ehr_data_pipeline.py
[2026-06-04T13:33:59.178+0000] {processor.py:914} INFO - Processing file /opt/airflow/dags/ehr_data_pipeline.py for tasks to queue
[2026-06-04T13:33:59.180+0000] {logging_mixin.py:190} INFO - [2026-06-04T13:33:59.179+0000] {dagbag.py:588} INFO - Filling up the DagBag from /opt/airflow/dags/ehr_data_pipeline.py
[2026-06-04T13:33:59.194+0000] {processor.py:925} INFO - DAG(s) 'ehr_data_pipeline' retrieved from /opt/airflow/dags/ehr_data_pipeline.py
[2026-06-04T13:33:59.222+0000] {logging_mixin.py:190} INFO - [2026-06-04T13:33:59.222+0000] {dag.py:3239} INFO - Sync 1 DAGs
[2026-06-04T13:33:59.246+0000] {logging_mixin.py:190} INFO - [2026-06-04T13:33:59.246+0000] {dag.py:4180} INFO - Setting next_dagrun for ehr_data_pipeline to 2026-06-04 00:00:00+00:00, run_after=2026-06-05 00:00:00+00:00
[2026-06-04T13:33:59.265+0000] {processor.py:208} INFO - Processing /opt/airflow/dags/ehr_data_pipeline.py took 0.093 seconds
[2026-06-04T13:34:29.517+0000] {processor.py:186} INFO - Started process (PID=310) to work on /opt/airflow/dags/ehr_data_pipeline.py
[2026-06-04T13:34:29.519+0000] {processor.py:914} INFO - Processing file /opt/airflow/dags/ehr_data_pipeline.py for tasks to queue
[2026-06-04T13:34:29.521+0000] {logging_mixin.py:190} INFO - [2026-06-04T13:34:29.521+0000] {dagbag.py:588} INFO - Filling up the DagBag from /opt/airflow/dags/ehr_data_pipeline.py
[2026-06-04T13:34:29.539+0000] {processor.py:925} INFO - DAG(s) 'ehr_data_pipeline' retrieved from /opt/airflow/dags/ehr_data_pipeline.py
[2026-06-04T13:34:29.566+0000] {logging_mixin.py:190} INFO - [2026-06-04T13:34:29.565+0000] {dag.py:3239} INFO - Sync 1 DAGs
[2026-06-04T13:34:29.596+0000] {logging_mixin.py:190} INFO - [2026-06-04T13:34:29.595+0000] {dag.py:4180} INFO - Setting next_dagrun for ehr_data_pipeline to 2026-06-04 00:00:00+00:00, run_after=2026-06-05 00:00:00+00:00
[2026-06-04T13:34:29.621+0000] {processor.py:208} INFO - Processing /opt/airflow/dags/ehr_data_pipeline.py took 0.111 seconds
[2026-06-04T13:34:59.912+0000] {processor.py:186} INFO - Started process (PID=320) to work on /opt/airflow/dags/ehr_data_pipeline.py
[2026-06-04T13:34:59.913+0000] {processor.py:914} INFO - Processing file /opt/airflow/dags/ehr_data_pipeline.py for tasks to queue
[2026-06-04T13:34:59.916+0000] {logging_mixin.py:190} INFO - [2026-06-04T13:34:59.916+0000] {dagbag.py:588} INFO - Filling up the DagBag from /opt/airflow/dags/ehr_data_pipeline.py
[2026-06-04T13:34:59.937+0000] {processor.py:925} INFO - DAG(s) 'ehr_data_pipeline' retrieved from /opt/airflow/dags/ehr_data_pipeline.py
[2026-06-04T13:34:59.965+0000] {logging_mixin.py:190} INFO - [2026-06-04T13:34:59.965+0000] {dag.py:3239} INFO - Sync 1 DAGs
[2026-06-04T13:34:59.998+0000] {logging_mixin.py:190} INFO - [2026-06-04T13:34:59.997+0000] {dag.py:4180} INFO - Setting next_dagrun for ehr_data_pipeline to 2026-06-04 00:00:00+00:00, run_after=2026-06-05 00:00:00+00:00
[2026-06-04T13:35:00.025+0000] {processor.py:208} INFO - Processing /opt/airflow/dags/ehr_data_pipeline.py took 0.122 seconds
[2026-06-04T13:35:30.266+0000] {processor.py:186} INFO - Started process (PID=330) to work on /opt/airflow/dags/ehr_data_pipeline.py
[2026-06-04T13:35:30.269+0000] {processor.py:914} INFO - Processing file /opt/airflow/dags/ehr_data_pipeline.py for tasks to queue
[2026-06-04T13:35:30.272+0000] {logging_mixin.py:190} INFO - [2026-06-04T13:35:30.271+0000] {dagbag.py:588} INFO - Filling up the DagBag from /opt/airflow/dags/ehr_data_pipeline.py
[2026-06-04T13:35:30.290+0000] {processor.py:925} INFO - DAG(s) 'ehr_data_pipeline' retrieved from /opt/airflow/dags/ehr_data_pipeline.py
[2026-06-04T13:35:30.315+0000] {logging_mixin.py:190} INFO - [2026-06-04T13:35:30.315+0000] {dag.py:3239} INFO - Sync 1 DAGs
[2026-06-04T13:35:30.347+0000] {logging_mixin.py:190} INFO - [2026-06-04T13:35:30.347+0000] {dag.py:4180} INFO - Setting next_dagrun for ehr_data_pipeline to 2026-06-04 00:00:00+00:00, run_after=2026-06-05 00:00:00+00:00
[2026-06-04T13:35:30.372+0000] {processor.py:208} INFO - Processing /opt/airflow/dags/ehr_data_pipeline.py took 0.112 seconds
[2026-06-04T13:36:00.621+0000] {processor.py:186} INFO - Started process (PID=340) to work on /opt/airflow/dags/ehr_data_pipeline.py
[2026-06-04T13:36:00.622+0000] {processor.py:914} INFO - Processing file /opt/airflow/dags/ehr_data_pipeline.py for tasks to queue
[2026-06-04T13:36:00.625+0000] {logging_mixin.py:190} INFO - [2026-06-04T13:36:00.624+0000] {dagbag.py:588} INFO - Filling up the DagBag from /opt/airflow/dags/ehr_data_pipeline.py
[2026-06-04T13:36:00.642+0000] {processor.py:925} INFO - DAG(s) 'ehr_data_pipeline' retrieved from /opt/airflow/dags/ehr_data_pipeline.py
[2026-06-04T13:36:00.668+0000] {logging_mixin.py:190} INFO - [2026-06-04T13:36:00.667+0000] {dag.py:3239} INFO - Sync 1 DAGs
[2026-06-04T13:36:00.697+0000] {logging_mixin.py:190} INFO - [2026-06-04T13:36:00.696+0000] {dag.py:4180} INFO - Setting next_dagrun for ehr_data_pipeline to 2026-06-04 00:00:00+00:00, run_after=2026-06-05 00:00:00+00:00
[2026-06-04T13:36:00.720+0000] {processor.py:208} INFO - Processing /opt/airflow/dags/ehr_data_pipeline.py took 0.106 seconds
[2026-06-04T13:36:30.988+0000] {processor.py:186} INFO - Started process (PID=350) to work on /opt/airflow/dags/ehr_data_pipeline.py
[2026-06-04T13:36:30.990+0000] {processor.py:914} INFO - Processing file /opt/airflow/dags/ehr_data_pipeline.py for tasks to queue
[2026-06-04T13:36:30.991+0000] {logging_mixin.py:190} INFO - [2026-06-04T13:36:30.991+0000] {dagbag.py:588} INFO - Filling up the DagBag from /opt/airflow/dags/ehr_data_pipeline.py
[2026-06-04T13:36:31.005+0000] {processor.py:925} INFO - DAG(s) 'ehr_data_pipeline' retrieved from /opt/airflow/dags/ehr_data_pipeline.py
[2026-06-04T13:36:31.026+0000] {logging_mixin.py:190} INFO - [2026-06-04T13:36:31.025+0000] {dag.py:3239} INFO - Sync 1 DAGs
[2026-06-04T13:36:31.050+0000] {logging_mixin.py:190} INFO - [2026-06-04T13:36:31.049+0000] {dag.py:4180} INFO - Setting next_dagrun for ehr_data_pipeline to 2026-06-04 00:00:00+00:00, run_after=2026-06-05 00:00:00+00:00
[2026-06-04T13:36:31.070+0000] {processor.py:208} INFO - Processing /opt/airflow/dags/ehr_data_pipeline.py took 0.087 seconds
[2026-06-04T13:37:01.321+0000] {processor.py:186} INFO - Started process (PID=360) to work on /opt/airflow/dags/ehr_data_pipeline.py
[2026-06-04T13:37:01.323+0000] {processor.py:914} INFO - Processing file /opt/airflow/dags/ehr_data_pipeline.py for tasks to queue
[2026-06-04T13:37:01.326+0000] {logging_mixin.py:190} INFO - [2026-06-04T13:37:01.325+0000] {dagbag.py:588} INFO - Filling up the DagBag from /opt/airflow/dags/ehr_data_pipeline.py
[2026-06-04T13:37:01.345+0000] {processor.py:925} INFO - DAG(s) 'ehr_data_pipeline' retrieved from /opt/airflow/dags/ehr_data_pipeline.py
[2026-06-04T13:37:01.373+0000] {logging_mixin.py:190} INFO - [2026-06-04T13:37:01.372+0000] {dag.py:3239} INFO - Sync 1 DAGs
[2026-06-04T13:37:01.405+0000] {logging_mixin.py:190} INFO - [2026-06-04T13:37:01.405+0000] {dag.py:4180} INFO - Setting next_dagrun for ehr_data_pipeline to 2026-06-04 00:00:00+00:00, run_after=2026-06-05 00:00:00+00:00
[2026-06-04T13:37:01.430+0000] {processor.py:208} INFO - Processing /opt/airflow/dags/ehr_data_pipeline.py took 0.117 seconds
[2026-06-04T13:37:31.690+0000] {processor.py:186} INFO - Started process (PID=370) to work on /opt/airflow/dags/ehr_data_pipeline.py
[2026-06-04T13:37:31.695+0000] {processor.py:914} INFO - Processing file /opt/airflow/dags/ehr_data_pipeline.py for tasks to queue
[2026-06-04T13:37:31.697+0000] {logging_mixin.py:190} INFO - [2026-06-04T13:37:31.697+0000] {dagbag.py:588} INFO - Filling up the DagBag from /opt/airflow/dags/ehr_data_pipeline.py
[2026-06-04T13:37:31.717+0000] {processor.py:925} INFO - DAG(s) 'ehr_data_pipeline' retrieved from /opt/airflow/dags/ehr_data_pipeline.py
[2026-06-04T13:37:31.743+0000] {logging_mixin.py:190} INFO - [2026-06-04T13:37:31.743+0000] {dag.py:3239} INFO - Sync 1 DAGs
[2026-06-04T13:37:31.774+0000] {logging_mixin.py:190} INFO - [2026-06-04T13:37:31.774+0000] {dag.py:4180} INFO - Setting next_dagrun for ehr_data_pipeline to 2026-06-04 00:00:00+00:00, run_after=2026-06-05 00:00:00+00:00
[2026-06-04T13:37:31.804+0000] {processor.py:208} INFO - Processing /opt/airflow/dags/ehr_data_pipeline.py took 0.121 seconds
[2026-06-04T13:38:02.058+0000] {processor.py:186} INFO - Started process (PID=380) to work on /opt/airflow/dags/ehr_data_pipeline.py
[2026-06-04T13:38:02.059+0000] {processor.py:914} INFO - Processing file /opt/airflow/dags/ehr_data_pipeline.py for tasks to queue
[2026-06-04T13:38:02.062+0000] {logging_mixin.py:190} INFO - [2026-06-04T13:38:02.061+0000] {dagbag.py:588} INFO - Filling up the DagBag from /opt/airflow/dags/ehr_data_pipeline.py
[2026-06-04T13:38:02.080+0000] {processor.py:925} INFO - DAG(s) 'ehr_data_pipeline' retrieved from /opt/airflow/dags/ehr_data_pipeline.py
[2026-06-04T13:38:02.106+0000] {logging_mixin.py:190} INFO - [2026-06-04T13:38:02.106+0000] {dag.py:3239} INFO - Sync 1 DAGs
[2026-06-04T13:38:02.289+0000] {logging_mixin.py:190} INFO - [2026-06-04T13:38:02.288+0000] {dag.py:4180} INFO - Setting next_dagrun for ehr_data_pipeline to 2026-06-04 00:00:00+00:00, run_after=2026-06-05 00:00:00+00:00
[2026-06-04T13:38:02.315+0000] {processor.py:208} INFO - Processing /opt/airflow/dags/ehr_data_pipeline.py took 0.264 seconds
[2026-06-04T13:38:32.438+0000] {processor.py:186} INFO - Started process (PID=390) to work on /opt/airflow/dags/ehr_data_pipeline.py
[2026-06-04T13:38:32.439+0000] {processor.py:914} INFO - Processing file /opt/airflow/dags/ehr_data_pipeline.py for tasks to queue
[2026-06-04T13:38:32.442+0000] {logging_mixin.py:190} INFO - [2026-06-04T13:38:32.441+0000] {dagbag.py:588} INFO - Filling up the DagBag from /opt/airflow/dags/ehr_data_pipeline.py
[2026-06-04T13:38:32.462+0000] {processor.py:925} INFO - DAG(s) 'ehr_data_pipeline' retrieved from /opt/airflow/dags/ehr_data_pipeline.py
[2026-06-04T13:38:32.492+0000] {logging_mixin.py:190} INFO - [2026-06-04T13:38:32.492+0000] {dag.py:3239} INFO - Sync 1 DAGs
[2026-06-04T13:38:32.520+0000] {logging_mixin.py:190} INFO - [2026-06-04T13:38:32.519+0000] {dag.py:4180} INFO - Setting next_dagrun for ehr_data_pipeline to 2026-06-04 00:00:00+00:00, run_after=2026-06-05 00:00:00+00:00
[2026-06-04T13:38:32.544+0000] {processor.py:208} INFO - Processing /opt/airflow/dags/ehr_data_pipeline.py took 0.113 seconds
[2026-06-04T13:39:02.806+0000] {processor.py:186} INFO - Started process (PID=400) to work on /opt/airflow/dags/ehr_data_pipeline.py
[2026-06-04T13:39:02.807+0000] {processor.py:914} INFO - Processing file /opt/airflow/dags/ehr_data_pipeline.py for tasks to queue
[2026-06-04T13:39:02.809+0000] {logging_mixin.py:190} INFO - [2026-06-04T13:39:02.809+0000] {dagbag.py:588} INFO - Filling up the DagBag from /opt/airflow/dags/ehr_data_pipeline.py
[2026-06-04T13:39:02.828+0000] {processor.py:925} INFO - DAG(s) 'ehr_data_pipeline' retrieved from /opt/airflow/dags/ehr_data_pipeline.py
[2026-06-04T13:39:02.852+0000] {logging_mixin.py:190} INFO - [2026-06-04T13:39:02.852+0000] {dag.py:3239} INFO - Sync 1 DAGs
[2026-06-04T13:39:02.880+0000] {logging_mixin.py:190} INFO - [2026-06-04T13:39:02.880+0000] {dag.py:4180} INFO - Setting next_dagrun for ehr_data_pipeline to 2026-06-04 00:00:00+00:00, run_after=2026-06-05 00:00:00+00:00
[2026-06-04T13:39:02.905+0000] {processor.py:208} INFO - Processing /opt/airflow/dags/ehr_data_pipeline.py took 0.106 seconds
[2026-06-04T13:39:33.162+0000] {processor.py:186} INFO - Started process (PID=410) to work on /opt/airflow/dags/ehr_data_pipeline.py
[2026-06-04T13:39:33.167+0000] {processor.py:914} INFO - Processing file /opt/airflow/dags/ehr_data_pipeline.py for tasks to queue
[2026-06-04T13:39:33.169+0000] {logging_mixin.py:190} INFO - [2026-06-04T13:39:33.169+0000] {dagbag.py:588} INFO - Filling up the DagBag from /opt/airflow/dags/ehr_data_pipeline.py
[2026-06-04T13:39:33.189+0000] {processor.py:925} INFO - DAG(s) 'ehr_data_pipeline' retrieved from /opt/airflow/dags/ehr_data_pipeline.py
[2026-06-04T13:39:33.216+0000] {logging_mixin.py:190} INFO - [2026-06-04T13:39:33.215+0000] {dag.py:3239} INFO - Sync 1 DAGs
[2026-06-04T13:39:33.244+0000] {logging_mixin.py:190} INFO - [2026-06-04T13:39:33.243+0000] {dag.py:4180} INFO - Setting next_dagrun for ehr_data_pipeline to 2026-06-04 00:00:00+00:00, run_after=2026-06-05 00:00:00+00:00
[2026-06-04T13:39:33.269+0000] {processor.py:208} INFO - Processing /opt/airflow/dags/ehr_data_pipeline.py took 0.113 seconds
[2026-06-04T13:40:03.537+0000] {processor.py:186} INFO - Started process (PID=420) to work on /opt/airflow/dags/ehr_data_pipeline.py
[2026-06-04T13:40:03.538+0000] {processor.py:914} INFO - Processing file /opt/airflow/dags/ehr_data_pipeline.py for tasks to queue
[2026-06-04T13:40:03.540+0000] {logging_mixin.py:190} INFO - [2026-06-04T13:40:03.540+0000] {dagbag.py:588} INFO - Filling up the DagBag from /opt/airflow/dags/ehr_data_pipeline.py
[2026-06-04T13:40:03.557+0000] {processor.py:925} INFO - DAG(s) 'ehr_data_pipeline' retrieved from /opt/airflow/dags/ehr_data_pipeline.py
[2026-06-04T13:40:03.581+0000] {logging_mixin.py:190} INFO - [2026-06-04T13:40:03.581+0000] {dag.py:3239} INFO - Sync 1 DAGs
[2026-06-04T13:40:03.769+0000] {logging_mixin.py:190} INFO - [2026-06-04T13:40:03.769+0000] {dag.py:4180} INFO - Setting next_dagrun for ehr_data_pipeline to 2026-06-04 00:00:00+00:00, run_after=2026-06-05 00:00:00+00:00
[2026-06-04T13:40:03.793+0000] {processor.py:208} INFO - Processing /opt/airflow/dags/ehr_data_pipeline.py took 0.263 seconds
[2026-06-04T13:40:34.052+0000] {processor.py:186} INFO - Started process (PID=430) to work on /opt/airflow/dags/ehr_data_pipeline.py
[2026-06-04T13:40:34.053+0000] {processor.py:914} INFO - Processing file /opt/airflow/dags/ehr_data_pipeline.py for tasks to queue
[2026-06-04T13:40:34.056+0000] {logging_mixin.py:190} INFO - [2026-06-04T13:40:34.055+0000] {dagbag.py:588} INFO - Filling up the DagBag from /opt/airflow/dags/ehr_data_pipeline.py
[2026-06-04T13:40:34.079+0000] {processor.py:925} INFO - DAG(s) 'ehr_data_pipeline' retrieved from /opt/airflow/dags/ehr_data_pipeline.py
[2026-06-04T13:40:34.104+0000] {logging_mixin.py:190} INFO - [2026-06-04T13:40:34.103+0000] {dag.py:3239} INFO - Sync 1 DAGs
[2026-06-04T13:40:34.131+0000] {logging_mixin.py:190} INFO - [2026-06-04T13:40:34.131+0000] {dag.py:4180} INFO - Setting next_dagrun for ehr_data_pipeline to 2026-06-04 00:00:00+00:00, run_after=2026-06-05 00:00:00+00:00
[2026-06-04T13:40:34.156+0000] {processor.py:208} INFO - Processing /opt/airflow/dags/ehr_data_pipeline.py took 0.110 seconds
[2026-06-04T13:41:04.413+0000] {processor.py:186} INFO - Started process (PID=440) to work on /opt/airflow/dags/ehr_data_pipeline.py
[2026-06-04T13:41:04.415+0000] {processor.py:914} INFO - Processing file /opt/airflow/dags/ehr_data_pipeline.py for tasks to queue
[2026-06-04T13:41:04.417+0000] {logging_mixin.py:190} INFO - [2026-06-04T13:41:04.416+0000] {dagbag.py:588} INFO - Filling up the DagBag from /opt/airflow/dags/ehr_data_pipeline.py
[2026-06-04T13:41:04.434+0000] {processor.py:925} INFO - DAG(s) 'ehr_data_pipeline' retrieved from /opt/airflow/dags/ehr_data_pipeline.py
[2026-06-04T13:41:04.458+0000] {logging_mixin.py:190} INFO - [2026-06-04T13:41:04.458+0000] {dag.py:3239} INFO - Sync 1 DAGs
[2026-06-04T13:41:04.488+0000] {logging_mixin.py:190} INFO - [2026-06-04T13:41:04.488+0000] {dag.py:4180} INFO - Setting next_dagrun for ehr_data_pipeline to 2026-06-04 00:00:00+00:00, run_after=2026-06-05 00:00:00+00:00
[2026-06-04T13:41:04.514+0000] {processor.py:208} INFO - Processing /opt/airflow/dags/ehr_data_pipeline.py took 0.107 seconds
[2026-06-04T13:41:34.757+0000] {processor.py:186} INFO - Started process (PID=450) to work on /opt/airflow/dags/ehr_data_pipeline.py
[2026-06-04T13:41:34.758+0000] {processor.py:914} INFO - Processing file /opt/airflow/dags/ehr_data_pipeline.py for tasks to queue
[2026-06-04T13:41:34.760+0000] {logging_mixin.py:190} INFO - [2026-06-04T13:41:34.760+0000] {dagbag.py:588} INFO - Filling up the DagBag from /opt/airflow/dags/ehr_data_pipeline.py
[2026-06-04T13:41:34.777+0000] {processor.py:925} INFO - DAG(s) 'ehr_data_pipeline' retrieved from /opt/airflow/dags/ehr_data_pipeline.py
[2026-06-04T13:41:34.799+0000] {logging_mixin.py:190} INFO - [2026-06-04T13:41:34.799+0000] {dag.py:3239} INFO - Sync 1 DAGs
[2026-06-04T13:41:34.828+0000] {logging_mixin.py:190} INFO - [2026-06-04T13:41:34.828+0000] {dag.py:4180} INFO - Setting next_dagrun for ehr_data_pipeline to 2026-06-04 00:00:00+00:00, run_after=2026-06-05 00:00:00+00:00
[2026-06-04T13:41:34.860+0000] {processor.py:208} INFO - Processing /opt/airflow/dags/ehr_data_pipeline.py took 0.110 seconds
[2026-06-04T13:42:05.100+0000] {processor.py:186} INFO - Started process (PID=460) to work on /opt/airflow/dags/ehr_data_pipeline.py
[2026-06-04T13:42:05.102+0000] {processor.py:914} INFO - Processing file /opt/airflow/dags/ehr_data_pipeline.py for tasks to queue
[2026-06-04T13:42:05.104+0000] {logging_mixin.py:190} INFO - [2026-06-04T13:42:05.104+0000] {dagbag.py:588} INFO - Filling up the DagBag from /opt/airflow/dags/ehr_data_pipeline.py
[2026-06-04T13:42:05.124+0000] {processor.py:925} INFO - DAG(s) 'ehr_data_pipeline' retrieved from /opt/airflow/dags/ehr_data_pipeline.py
[2026-06-04T13:42:05.151+0000] {logging_mixin.py:190} INFO - [2026-06-04T13:42:05.151+0000] {dag.py:3239} INFO - Sync 1 DAGs
[2026-06-04T13:42:05.413+0000] {logging_mixin.py:190} INFO - [2026-06-04T13:42:05.413+0000] {dag.py:4180} INFO - Setting next_dagrun for ehr_data_pipeline to 2026-06-04 00:00:00+00:00, run_after=2026-06-05 00:00:00+00:00
[2026-06-04T13:42:05.439+0000] {processor.py:208} INFO - Processing /opt/airflow/dags/ehr_data_pipeline.py took 0.347 seconds
[2026-06-04T13:42:35.705+0000] {processor.py:186} INFO - Started process (PID=470) to work on /opt/airflow/dags/ehr_data_pipeline.py
[2026-06-04T13:42:35.706+0000] {processor.py:914} INFO - Processing file /opt/airflow/dags/ehr_data_pipeline.py for tasks to queue
[2026-06-04T13:42:35.709+0000] {logging_mixin.py:190} INFO - [2026-06-04T13:42:35.708+0000] {dagbag.py:588} INFO - Filling up the DagBag from /opt/airflow/dags/ehr_data_pipeline.py
[2026-06-04T13:42:35.729+0000] {processor.py:925} INFO - DAG(s) 'ehr_data_pipeline' retrieved from /opt/airflow/dags/ehr_data_pipeline.py
[2026-06-04T13:42:35.756+0000] {logging_mixin.py:190} INFO - [2026-06-04T13:42:35.755+0000] {dag.py:3239} INFO - Sync 1 DAGs
[2026-06-04T13:42:35.787+0000] {logging_mixin.py:190} INFO - [2026-06-04T13:42:35.787+0000] {dag.py:4180} INFO - Setting next_dagrun for ehr_data_pipeline to 2026-06-04 00:00:00+00:00, run_after=2026-06-05 00:00:00+00:00
[2026-06-04T13:42:35.814+0000] {processor.py:208} INFO - Processing /opt/airflow/dags/ehr_data_pipeline.py took 0.117 seconds
[2026-06-04T13:43:06.066+0000] {processor.py:186} INFO - Started process (PID=480) to work on /opt/airflow/dags/ehr_data_pipeline.py
[2026-06-04T13:43:06.067+0000] {processor.py:914} INFO - Processing file /opt/airflow/dags/ehr_data_pipeline.py for tasks to queue
[2026-06-04T13:43:06.069+0000] {logging_mixin.py:190} INFO - [2026-06-04T13:43:06.069+0000] {dagbag.py:588} INFO - Filling up the DagBag from /opt/airflow/dags/ehr_data_pipeline.py
[2026-06-04T13:43:06.086+0000] {processor.py:925} INFO - DAG(s) 'ehr_data_pipeline' retrieved from /opt/airflow/dags/ehr_data_pipeline.py
[2026-06-04T13:43:06.106+0000] {logging_mixin.py:190} INFO - [2026-06-04T13:43:06.106+0000] {dag.py:3239} INFO - Sync 1 DAGs
[2026-06-04T13:43:06.129+0000] {logging_mixin.py:190} INFO - [2026-06-04T13:43:06.129+0000] {dag.py:4180} INFO - Setting next_dagrun for ehr_data_pipeline to 2026-06-04 00:00:00+00:00, run_after=2026-06-05 00:00:00+00:00
[2026-06-04T13:43:06.146+0000] {processor.py:208} INFO - Processing /opt/airflow/dags/ehr_data_pipeline.py took 0.087 seconds
[2026-06-04T13:43:36.389+0000] {processor.py:186} INFO - Started process (PID=490) to work on /opt/airflow/dags/ehr_data_pipeline.py
[2026-06-04T13:43:36.391+0000] {processor.py:914} INFO - Processing file /opt/airflow/dags/ehr_data_pipeline.py for tasks to queue
[2026-06-04T13:43:36.393+0000] {logging_mixin.py:190} INFO - [2026-06-04T13:43:36.393+0000] {dagbag.py:588} INFO - Filling up the DagBag from /opt/airflow/dags/ehr_data_pipeline.py
[2026-06-04T13:43:36.411+0000] {processor.py:925} INFO - DAG(s) 'ehr_data_pipeline' retrieved from /opt/airflow/dags/ehr_data_pipeline.py
[2026-06-04T13:43:36.434+0000] {logging_mixin.py:190} INFO - [2026-06-04T13:43:36.434+0000] {dag.py:3239} INFO - Sync 1 DAGs
[2026-06-04T13:43:36.461+0000] {logging_mixin.py:190} INFO - [2026-06-04T13:43:36.461+0000] {dag.py:4180} INFO - Setting next_dagrun for ehr_data_pipeline to 2026-06-04 00:00:00+00:00, run_after=2026-06-05 00:00:00+00:00
[2026-06-04T13:43:36.482+0000] {processor.py:208} INFO - Processing /opt/airflow/dags/ehr_data_pipeline.py took 0.100 seconds
[2026-06-04T13:44:06.734+0000] {processor.py:186} INFO - Started process (PID=500) to work on /opt/airflow/dags/ehr_data_pipeline.py
[2026-06-04T13:44:06.735+0000] {processor.py:914} INFO - Processing file /opt/airflow/dags/ehr_data_pipeline.py for tasks to queue
[2026-06-04T13:44:06.738+0000] {logging_mixin.py:190} INFO - [2026-06-04T13:44:06.737+0000] {dagbag.py:588} INFO - Filling up the DagBag from /opt/airflow/dags/ehr_data_pipeline.py
[2026-06-04T13:44:06.756+0000] {processor.py:925} INFO - DAG(s) 'ehr_data_pipeline' retrieved from /opt/airflow/dags/ehr_data_pipeline.py
[2026-06-04T13:44:06.781+0000] {logging_mixin.py:190} INFO - [2026-06-04T13:44:06.781+0000] {dag.py:3239} INFO - Sync 1 DAGs
[2026-06-04T13:44:06.971+0000] {logging_mixin.py:190} INFO - [2026-06-04T13:44:06.971+0000] {dag.py:4180} INFO - Setting next_dagrun for ehr_data_pipeline to 2026-06-04 00:00:00+00:00, run_after=2026-06-05 00:00:00+00:00
[2026-06-04T13:44:06.992+0000] {processor.py:208} INFO - Processing /opt/airflow/dags/ehr_data_pipeline.py took 0.265 seconds
[2026-06-04T13:44:37.246+0000] {processor.py:186} INFO - Started process (PID=510) to work on /opt/airflow/dags/ehr_data_pipeline.py
[2026-06-04T13:44:37.247+0000] {processor.py:914} INFO - Processing file /opt/airflow/dags/ehr_data_pipeline.py for tasks to queue
[2026-06-04T13:44:37.250+0000] {logging_mixin.py:190} INFO - [2026-06-04T13:44:37.249+0000] {dagbag.py:588} INFO - Filling up the DagBag from /opt/airflow/dags/ehr_data_pipeline.py
[2026-06-04T13:44:37.268+0000] {processor.py:925} INFO - DAG(s) 'ehr_data_pipeline' retrieved from /opt/airflow/dags/ehr_data_pipeline.py
[2026-06-04T13:44:37.451+0000] {logging_mixin.py:190} INFO - [2026-06-04T13:44:37.451+0000] {dag.py:3239} INFO - Sync 1 DAGs
[2026-06-04T13:44:37.474+0000] {logging_mixin.py:190} INFO - [2026-06-04T13:44:37.474+0000] {dag.py:4180} INFO - Setting next_dagrun for ehr_data_pipeline to 2026-06-04 00:00:00+00:00, run_after=2026-06-05 00:00:00+00:00
[2026-06-04T13:44:37.493+0000] {processor.py:208} INFO - Processing /opt/airflow/dags/ehr_data_pipeline.py took 0.254 seconds
[2026-06-04T13:45:07.738+0000] {processor.py:186} INFO - Started process (PID=520) to work on /opt/airflow/dags/ehr_data_pipeline.py
[2026-06-04T13:45:07.740+0000] {processor.py:914} INFO - Processing file /opt/airflow/dags/ehr_data_pipeline.py for tasks to queue
[2026-06-04T13:45:07.742+0000] {logging_mixin.py:190} INFO - [2026-06-04T13:45:07.742+0000] {dagbag.py:588} INFO - Filling up the DagBag from /opt/airflow/dags/ehr_data_pipeline.py
[2026-06-04T13:45:07.759+0000] {processor.py:925} INFO - DAG(s) 'ehr_data_pipeline' retrieved from /opt/airflow/dags/ehr_data_pipeline.py
[2026-06-04T13:45:07.785+0000] {logging_mixin.py:190} INFO - [2026-06-04T13:45:07.784+0000] {dag.py:3239} INFO - Sync 1 DAGs
[2026-06-04T13:45:07.811+0000] {logging_mixin.py:190} INFO - [2026-06-04T13:45:07.811+0000] {dag.py:4180} INFO - Setting next_dagrun for ehr_data_pipeline to 2026-06-04 00:00:00+00:00, run_after=2026-06-05 00:00:00+00:00
[2026-06-04T13:45:07.835+0000] {processor.py:208} INFO - Processing /opt/airflow/dags/ehr_data_pipeline.py took 0.103 seconds
[2026-06-04T13:45:38.082+0000] {processor.py:186} INFO - Started process (PID=530) to work on /opt/airflow/dags/ehr_data_pipeline.py
[2026-06-04T13:45:38.083+0000] {processor.py:914} INFO - Processing file /opt/airflow/dags/ehr_data_pipeline.py for tasks to queue
[2026-06-04T13:45:38.086+0000] {logging_mixin.py:190} INFO - [2026-06-04T13:45:38.085+0000] {dagbag.py:588} INFO - Filling up the DagBag from /opt/airflow/dags/ehr_data_pipeline.py
[2026-06-04T13:45:38.103+0000] {processor.py:925} INFO - DAG(s) 'ehr_data_pipeline' retrieved from /opt/airflow/dags/ehr_data_pipeline.py
[2026-06-04T13:45:38.126+0000] {logging_mixin.py:190} INFO - [2026-06-04T13:45:38.126+0000] {dag.py:3239} INFO - Sync 1 DAGs
[2026-06-04T13:45:38.153+0000] {logging_mixin.py:190} INFO - [2026-06-04T13:45:38.153+0000] {dag.py:4180} INFO - Setting next_dagrun for ehr_data_pipeline to 2026-06-04 00:00:00+00:00, run_after=2026-06-05 00:00:00+00:00
[2026-06-04T13:45:38.175+0000] {processor.py:208} INFO - Processing /opt/airflow/dags/ehr_data_pipeline.py took 0.100 seconds
[2026-06-04T13:45:55.364+0000] {processor.py:186} INFO - Started process (PID=540) to work on /opt/airflow/dags/ehr_data_pipeline.py
[2026-06-04T13:45:55.366+0000] {processor.py:914} INFO - Processing file /opt/airflow/dags/ehr_data_pipeline.py for tasks to queue
[2026-06-04T13:45:55.369+0000] {logging_mixin.py:190} INFO - [2026-06-04T13:45:55.368+0000] {dagbag.py:588} INFO - Filling up the DagBag from /opt/airflow/dags/ehr_data_pipeline.py
[2026-06-04T13:45:55.387+0000] {processor.py:925} INFO - DAG(s) 'ehr_data_pipeline' retrieved from /opt/airflow/dags/ehr_data_pipeline.py
[2026-06-04T13:45:55.411+0000] {logging_mixin.py:190} INFO - [2026-06-04T13:45:55.410+0000] {dag.py:3239} INFO - Sync 1 DAGs
[2026-06-04T13:45:55.440+0000] {logging_mixin.py:190} INFO - [2026-06-04T13:45:55.440+0000] {dag.py:4180} INFO - Setting next_dagrun for ehr_data_pipeline to 2026-06-04 00:00:00+00:00, run_after=2026-06-05 00:00:00+00:00
[2026-06-04T13:45:55.464+0000] {processor.py:208} INFO - Processing /opt/airflow/dags/ehr_data_pipeline.py took 0.114 seconds
[2026-06-04T13:46:25.730+0000] {processor.py:186} INFO - Started process (PID=615) to work on /opt/airflow/dags/ehr_data_pipeline.py
[2026-06-04T13:46:25.734+0000] {processor.py:914} INFO - Processing file /opt/airflow/dags/ehr_data_pipeline.py for tasks to queue
[2026-06-04T13:46:25.737+0000] {logging_mixin.py:190} INFO - [2026-06-04T13:46:25.737+0000] {dagbag.py:588} INFO - Filling up the DagBag from /opt/airflow/dags/ehr_data_pipeline.py
[2026-06-04T13:46:25.760+0000] {processor.py:925} INFO - DAG(s) 'ehr_data_pipeline' retrieved from /opt/airflow/dags/ehr_data_pipeline.py
[2026-06-04T13:46:25.787+0000] {logging_mixin.py:190} INFO - [2026-06-04T13:46:25.786+0000] {dag.py:3239} INFO - Sync 1 DAGs
[2026-06-04T13:46:25.814+0000] {logging_mixin.py:190} INFO - [2026-06-04T13:46:25.814+0000] {dag.py:4180} INFO - Setting next_dagrun for ehr_data_pipeline to 2026-06-04 00:00:00+00:00, run_after=2026-06-05 00:00:00+00:00
[2026-06-04T13:46:25.837+0000] {processor.py:208} INFO - Processing /opt/airflow/dags/ehr_data_pipeline.py took 0.117 seconds
[2026-06-04T13:46:56.093+0000] {processor.py:186} INFO - Started process (PID=625) to work on /opt/airflow/dags/ehr_data_pipeline.py
[2026-06-04T13:46:56.095+0000] {processor.py:914} INFO - Processing file /opt/airflow/dags/ehr_data_pipeline.py for tasks to queue
[2026-06-04T13:46:56.099+0000] {logging_mixin.py:190} INFO - [2026-06-04T13:46:56.099+0000] {dagbag.py:588} INFO - Filling up the DagBag from /opt/airflow/dags/ehr_data_pipeline.py
[2026-06-04T13:46:56.118+0000] {processor.py:925} INFO - DAG(s) 'ehr_data_pipeline' retrieved from /opt/airflow/dags/ehr_data_pipeline.py
[2026-06-04T13:46:56.140+0000] {logging_mixin.py:190} INFO - [2026-06-04T13:46:56.140+0000] {dag.py:3239} INFO - Sync 1 DAGs
[2026-06-04T13:46:56.166+0000] {logging_mixin.py:190} INFO - [2026-06-04T13:46:56.166+0000] {dag.py:4180} INFO - Setting next_dagrun for ehr_data_pipeline to 2026-06-04 00:00:00+00:00, run_after=2026-06-05 00:00:00+00:00
[2026-06-04T13:46:56.187+0000] {processor.py:208} INFO - Processing /opt/airflow/dags/ehr_data_pipeline.py took 0.101 seconds
[2026-06-04T13:47:26.444+0000] {processor.py:186} INFO - Started process (PID=635) to work on /opt/airflow/dags/ehr_data_pipeline.py
[2026-06-04T13:47:26.446+0000] {processor.py:914} INFO - Processing file /opt/airflow/dags/ehr_data_pipeline.py for tasks to queue
[2026-06-04T13:47:26.449+0000] {logging_mixin.py:190} INFO - [2026-06-04T13:47:26.448+0000] {dagbag.py:588} INFO - Filling up the DagBag from /opt/airflow/dags/ehr_data_pipeline.py
[2026-06-04T13:47:26.469+0000] {processor.py:925} INFO - DAG(s) 'ehr_data_pipeline' retrieved from /opt/airflow/dags/ehr_data_pipeline.py
[2026-06-04T13:47:26.498+0000] {logging_mixin.py:190} INFO - [2026-06-04T13:47:26.498+0000] {dag.py:3239} INFO - Sync 1 DAGs
[2026-06-04T13:47:26.529+0000] {logging_mixin.py:190} INFO - [2026-06-04T13:47:26.529+0000] {dag.py:4180} INFO - Setting next_dagrun for ehr_data_pipeline to 2026-06-04 00:00:00+00:00, run_after=2026-06-05 00:00:00+00:00
[2026-06-04T13:47:26.556+0000] {processor.py:208} INFO - Processing /opt/airflow/dags/ehr_data_pipeline.py took 0.120 seconds
[2026-06-04T13:47:56.800+0000] {processor.py:186} INFO - Started process (PID=645) to work on /opt/airflow/dags/ehr_data_pipeline.py
[2026-06-04T13:47:56.802+0000] {processor.py:914} INFO - Processing file /opt/airflow/dags/ehr_data_pipeline.py for tasks to queue
[2026-06-04T13:47:56.804+0000] {logging_mixin.py:190} INFO - [2026-06-04T13:47:56.804+0000] {dagbag.py:588} INFO - Filling up the DagBag from /opt/airflow/dags/ehr_data_pipeline.py
[2026-06-04T13:47:56.820+0000] {processor.py:925} INFO - DAG(s) 'ehr_data_pipeline' retrieved from /opt/airflow/dags/ehr_data_pipeline.py
[2026-06-04T13:47:56.841+0000] {logging_mixin.py:190} INFO - [2026-06-04T13:47:56.841+0000] {dag.py:3239} INFO - Sync 1 DAGs
[2026-06-04T13:47:56.871+0000] {logging_mixin.py:190} INFO - [2026-06-04T13:47:56.871+0000] {dag.py:4180} INFO - Setting next_dagrun for ehr_data_pipeline to 2026-06-04 00:00:00+00:00, run_after=2026-06-05 00:00:00+00:00
[2026-06-04T13:47:56.895+0000] {processor.py:208} INFO - Processing /opt/airflow/dags/ehr_data_pipeline.py took 0.103 seconds
[2026-06-04T13:48:27.146+0000] {processor.py:186} INFO - Started process (PID=655) to work on /opt/airflow/dags/ehr_data_pipeline.py
[2026-06-04T13:48:27.148+0000] {processor.py:914} INFO - Processing file /opt/airflow/dags/ehr_data_pipeline.py for tasks to queue
[2026-06-04T13:48:27.150+0000] {logging_mixin.py:190} INFO - [2026-06-04T13:48:27.149+0000] {dagbag.py:588} INFO - Filling up the DagBag from /opt/airflow/dags/ehr_data_pipeline.py
[2026-06-04T13:48:27.168+0000] {processor.py:925} INFO - DAG(s) 'ehr_data_pipeline' retrieved from /opt/airflow/dags/ehr_data_pipeline.py
[2026-06-04T13:48:27.193+0000] {logging_mixin.py:190} INFO - [2026-06-04T13:48:27.193+0000] {dag.py:3239} INFO - Sync 1 DAGs
[2026-06-04T13:48:27.223+0000] {logging_mixin.py:190} INFO - [2026-06-04T13:48:27.223+0000] {dag.py:4180} INFO - Setting next_dagrun for ehr_data_pipeline to 2026-06-04 00:00:00+00:00, run_after=2026-06-05 00:00:00+00:00
[2026-06-04T13:48:27.247+0000] {processor.py:208} INFO - Processing /opt/airflow/dags/ehr_data_pipeline.py took 0.108 seconds
[2026-06-04T13:48:46.344+0000] {processor.py:186} INFO - Started process (PID=660) to work on /opt/airflow/dags/ehr_data_pipeline.py
[2026-06-04T13:48:46.348+0000] {processor.py:914} INFO - Processing file /opt/airflow/dags/ehr_data_pipeline.py for tasks to queue
[2026-06-04T13:48:46.351+0000] {logging_mixin.py:190} INFO - [2026-06-04T13:48:46.351+0000] {dagbag.py:588} INFO - Filling up the DagBag from /opt/airflow/dags/ehr_data_pipeline.py
[2026-06-04T13:48:46.373+0000] {processor.py:925} INFO - DAG(s) 'ehr_data_pipeline' retrieved from /opt/airflow/dags/ehr_data_pipeline.py
[2026-06-04T13:48:46.399+0000] {logging_mixin.py:190} INFO - [2026-06-04T13:48:46.398+0000] {dag.py:3239} INFO - Sync 1 DAGs
[2026-06-04T13:48:46.425+0000] {logging_mixin.py:190} INFO - [2026-06-04T13:48:46.424+0000] {dag.py:4180} INFO - Setting next_dagrun for ehr_data_pipeline to 2026-06-04 00:00:00+00:00, run_after=2026-06-05 00:00:00+00:00
[2026-06-04T13:48:46.443+0000] {processor.py:208} INFO - Processing /opt/airflow/dags/ehr_data_pipeline.py took 0.107 seconds
[2026-06-04T13:49:16.697+0000] {processor.py:186} INFO - Started process (PID=754) to work on /opt/airflow/dags/ehr_data_pipeline.py
[2026-06-04T13:49:16.698+0000] {processor.py:914} INFO - Processing file /opt/airflow/dags/ehr_data_pipeline.py for tasks to queue
[2026-06-04T13:49:16.700+0000] {logging_mixin.py:190} INFO - [2026-06-04T13:49:16.699+0000] {dagbag.py:588} INFO - Filling up the DagBag from /opt/airflow/dags/ehr_data_pipeline.py
[2026-06-04T13:49:16.717+0000] {processor.py:925} INFO - DAG(s) 'ehr_data_pipeline' retrieved from /opt/airflow/dags/ehr_data_pipeline.py
[2026-06-04T13:49:16.740+0000] {logging_mixin.py:190} INFO - [2026-06-04T13:49:16.739+0000] {dag.py:3239} INFO - Sync 1 DAGs
[2026-06-04T13:49:16.767+0000] {logging_mixin.py:190} INFO - [2026-06-04T13:49:16.767+0000] {dag.py:4180} INFO - Setting next_dagrun for ehr_data_pipeline to 2026-06-04 00:00:00+00:00, run_after=2026-06-05 00:00:00+00:00
[2026-06-04T13:49:16.790+0000] {processor.py:208} INFO - Processing /opt/airflow/dags/ehr_data_pipeline.py took 0.099 seconds
[2026-06-04T13:49:47.073+0000] {processor.py:186} INFO - Started process (PID=764) to work on /opt/airflow/dags/ehr_data_pipeline.py
[2026-06-04T13:49:47.075+0000] {processor.py:914} INFO - Processing file /opt/airflow/dags/ehr_data_pipeline.py for tasks to queue
[2026-06-04T13:49:47.077+0000] {logging_mixin.py:190} INFO - [2026-06-04T13:49:47.077+0000] {dagbag.py:588} INFO - Filling up the DagBag from /opt/airflow/dags/ehr_data_pipeline.py
[2026-06-04T13:49:47.095+0000] {processor.py:925} INFO - DAG(s) 'ehr_data_pipeline' retrieved from /opt/airflow/dags/ehr_data_pipeline.py
[2026-06-04T13:49:47.122+0000] {logging_mixin.py:190} INFO - [2026-06-04T13:49:47.122+0000] {dag.py:3239} INFO - Sync 1 DAGs
[2026-06-04T13:49:47.152+0000] {logging_mixin.py:190} INFO - [2026-06-04T13:49:47.152+0000] {dag.py:4180} INFO - Setting next_dagrun for ehr_data_pipeline to 2026-06-04 00:00:00+00:00, run_after=2026-06-05 00:00:00+00:00
[2026-06-04T13:49:47.181+0000] {processor.py:208} INFO - Processing /opt/airflow/dags/ehr_data_pipeline.py took 0.115 seconds
[2026-06-04T13:50:07.373+0000] {processor.py:186} INFO - Started process (PID=774) to work on /opt/airflow/dags/ehr_data_pipeline.py
[2026-06-04T13:50:07.374+0000] {processor.py:914} INFO - Processing file /opt/airflow/dags/ehr_data_pipeline.py for tasks to queue
[2026-06-04T13:50:07.377+0000] {logging_mixin.py:190} INFO - [2026-06-04T13:50:07.376+0000] {dagbag.py:588} INFO - Filling up the DagBag from /opt/airflow/dags/ehr_data_pipeline.py
[2026-06-04T13:50:07.396+0000] {processor.py:925} INFO - DAG(s) 'ehr_data_pipeline' retrieved from /opt/airflow/dags/ehr_data_pipeline.py
[2026-06-04T13:50:07.445+0000] {logging_mixin.py:190} INFO - [2026-06-04T13:50:07.445+0000] {dag.py:3239} INFO - Sync 1 DAGs
[2026-06-04T13:50:07.495+0000] {logging_mixin.py:190} INFO - [2026-06-04T13:50:07.495+0000] {dag.py:4180} INFO - Setting next_dagrun for ehr_data_pipeline to 2026-06-04 00:00:00+00:00, run_after=2026-06-05 00:00:00+00:00
[2026-06-04T13:50:07.533+0000] {processor.py:208} INFO - Processing /opt/airflow/dags/ehr_data_pipeline.py took 0.169 seconds
[2026-06-04T13:50:37.599+0000] {processor.py:186} INFO - Started process (PID=784) to work on /opt/airflow/dags/ehr_data_pipeline.py
[2026-06-04T13:50:41.856+0000] {processor.py:914} INFO - Processing file /opt/airflow/dags/ehr_data_pipeline.py for tasks to queue
[2026-06-04T13:50:41.860+0000] {logging_mixin.py:190} INFO - [2026-06-04T13:50:41.859+0000] {dagbag.py:588} INFO - Filling up the DagBag from /opt/airflow/dags/ehr_data_pipeline.py
[2026-06-04T13:50:41.879+0000] {processor.py:925} INFO - DAG(s) 'ehr_data_pipeline' retrieved from /opt/airflow/dags/ehr_data_pipeline.py
[2026-06-04T13:50:41.912+0000] {logging_mixin.py:190} INFO - [2026-06-04T13:50:41.912+0000] {dag.py:3239} INFO - Sync 1 DAGs
[2026-06-04T13:50:41.950+0000] {logging_mixin.py:190} INFO - [2026-06-04T13:50:41.950+0000] {dag.py:4180} INFO - Setting next_dagrun for ehr_data_pipeline to 2026-06-04 00:00:00+00:00, run_after=2026-06-05 00:00:00+00:00
[2026-06-04T13:50:41.982+0000] {processor.py:208} INFO - Processing /opt/airflow/dags/ehr_data_pipeline.py took 4.390 seconds
[2026-06-04T13:51:12.093+0000] {processor.py:186} INFO - Started process (PID=989) to work on /opt/airflow/dags/ehr_data_pipeline.py
[2026-06-04T13:51:12.095+0000] {processor.py:914} INFO - Processing file /opt/airflow/dags/ehr_data_pipeline.py for tasks to queue
[2026-06-04T13:51:12.097+0000] {logging_mixin.py:190} INFO - [2026-06-04T13:51:12.097+0000] {dagbag.py:588} INFO - Filling up the DagBag from /opt/airflow/dags/ehr_data_pipeline.py
[2026-06-04T13:51:12.118+0000] {processor.py:925} INFO - DAG(s) 'ehr_data_pipeline' retrieved from /opt/airflow/dags/ehr_data_pipeline.py
[2026-06-04T13:51:12.146+0000] {logging_mixin.py:190} INFO - [2026-06-04T13:51:12.146+0000] {dag.py:3239} INFO - Sync 1 DAGs
[2026-06-04T13:51:12.179+0000] {logging_mixin.py:190} INFO - [2026-06-04T13:51:12.179+0000] {dag.py:4180} INFO - Setting next_dagrun for ehr_data_pipeline to 2026-06-04 00:00:00+00:00, run_after=2026-06-05 00:00:00+00:00
[2026-06-04T13:51:12.205+0000] {processor.py:208} INFO - Processing /opt/airflow/dags/ehr_data_pipeline.py took 0.121 seconds
[2026-06-04T13:51:19.176+0000] {processor.py:186} INFO - Started process (PID=994) to work on /opt/airflow/dags/ehr_data_pipeline.py
[2026-06-04T13:51:19.178+0000] {processor.py:914} INFO - Processing file /opt/airflow/dags/ehr_data_pipeline.py for tasks to queue
[2026-06-04T13:51:19.181+0000] {logging_mixin.py:190} INFO - [2026-06-04T13:51:19.180+0000] {dagbag.py:588} INFO - Filling up the DagBag from /opt/airflow/dags/ehr_data_pipeline.py
[2026-06-04T13:51:19.203+0000] {processor.py:925} INFO - DAG(s) 'ehr_data_pipeline' retrieved from /opt/airflow/dags/ehr_data_pipeline.py
[2026-06-04T13:51:19.232+0000] {logging_mixin.py:190} INFO - [2026-06-04T13:51:19.232+0000] {dag.py:3239} INFO - Sync 1 DAGs
[2026-06-04T13:51:19.265+0000] {logging_mixin.py:190} INFO - [2026-06-04T13:51:19.265+0000] {dag.py:4180} INFO - Setting next_dagrun for ehr_data_pipeline to 2026-06-04 00:00:00+00:00, run_after=2026-06-05 00:00:00+00:00
[2026-06-04T13:51:19.295+0000] {processor.py:208} INFO - Processing /opt/airflow/dags/ehr_data_pipeline.py took 0.127 seconds
[2026-06-04T13:51:49.468+0000] {processor.py:186} INFO - Started process (PID=1306) to work on /opt/airflow/dags/ehr_data_pipeline.py
[2026-06-04T13:51:49.470+0000] {processor.py:914} INFO - Processing file /opt/airflow/dags/ehr_data_pipeline.py for tasks to queue
[2026-06-04T13:51:49.472+0000] {logging_mixin.py:190} INFO - [2026-06-04T13:51:49.472+0000] {dagbag.py:588} INFO - Filling up the DagBag from /opt/airflow/dags/ehr_data_pipeline.py
[2026-06-04T13:51:49.489+0000] {processor.py:925} INFO - DAG(s) 'ehr_data_pipeline' retrieved from /opt/airflow/dags/ehr_data_pipeline.py
[2026-06-04T13:51:49.512+0000] {logging_mixin.py:190} INFO - [2026-06-04T13:51:49.512+0000] {dag.py:3239} INFO - Sync 1 DAGs
[2026-06-04T13:51:49.544+0000] {logging_mixin.py:190} INFO - [2026-06-04T13:51:49.544+0000] {dag.py:4180} INFO - Setting next_dagrun for ehr_data_pipeline to 2026-06-04 00:00:00+00:00, run_after=2026-06-05 00:00:00+00:00
[2026-06-04T13:51:49.569+0000] {processor.py:208} INFO - Processing /opt/airflow/dags/ehr_data_pipeline.py took 0.107 seconds
[2026-06-04T13:52:19.806+0000] {processor.py:186} INFO - Started process (PID=1616) to work on /opt/airflow/dags/ehr_data_pipeline.py
[2026-06-04T13:52:19.811+0000] {processor.py:914} INFO - Processing file /opt/airflow/dags/ehr_data_pipeline.py for tasks to queue
[2026-06-04T13:52:19.813+0000] {logging_mixin.py:190} INFO - [2026-06-04T13:52:19.813+0000] {dagbag.py:588} INFO - Filling up the DagBag from /opt/airflow/dags/ehr_data_pipeline.py
[2026-06-04T13:52:19.842+0000] {processor.py:925} INFO - DAG(s) 'ehr_data_pipeline' retrieved from /opt/airflow/dags/ehr_data_pipeline.py
[2026-06-04T13:52:19.882+0000] {logging_mixin.py:190} INFO - [2026-06-04T13:52:19.880+0000] {dag.py:3239} INFO - Sync 1 DAGs
[2026-06-04T13:52:19.930+0000] {logging_mixin.py:190} INFO - [2026-06-04T13:52:19.930+0000] {dag.py:4180} INFO - Setting next_dagrun for ehr_data_pipeline to 2026-06-04 00:00:00+00:00, run_after=2026-06-05 00:00:00+00:00
[2026-06-04T13:52:19.970+0000] {processor.py:208} INFO - Processing /opt/airflow/dags/ehr_data_pipeline.py took 0.170 seconds
[2026-06-04T13:52:50.169+0000] {processor.py:186} INFO - Started process (PID=1733) to work on /opt/airflow/dags/ehr_data_pipeline.py
[2026-06-04T13:52:50.171+0000] {processor.py:914} INFO - Processing file /opt/airflow/dags/ehr_data_pipeline.py for tasks to queue
[2026-06-04T13:52:50.173+0000] {logging_mixin.py:190} INFO - [2026-06-04T13:52:50.172+0000] {dagbag.py:588} INFO - Filling up the DagBag from /opt/airflow/dags/ehr_data_pipeline.py
[2026-06-04T13:52:50.188+0000] {processor.py:925} INFO - DAG(s) 'ehr_data_pipeline' retrieved from /opt/airflow/dags/ehr_data_pipeline.py
[2026-06-04T13:52:50.221+0000] {logging_mixin.py:190} INFO - [2026-06-04T13:52:50.221+0000] {dag.py:3239} INFO - Sync 1 DAGs
[2026-06-04T13:52:50.252+0000] {logging_mixin.py:190} INFO - [2026-06-04T13:52:50.252+0000] {dag.py:4180} INFO - Setting next_dagrun for ehr_data_pipeline to 2026-06-04 00:00:00+00:00, run_after=2026-06-05 00:00:00+00:00
[2026-06-04T13:52:50.278+0000] {processor.py:208} INFO - Processing /opt/airflow/dags/ehr_data_pipeline.py took 0.115 seconds
[2026-06-04T13:53:20.421+0000] {processor.py:186} INFO - Started process (PID=1796) to work on /opt/airflow/dags/ehr_data_pipeline.py
[2026-06-04T13:53:20.422+0000] {processor.py:914} INFO - Processing file /opt/airflow/dags/ehr_data_pipeline.py for tasks to queue
[2026-06-04T13:53:20.424+0000] {logging_mixin.py:190} INFO - [2026-06-04T13:53:20.423+0000] {dagbag.py:588} INFO - Filling up the DagBag from /opt/airflow/dags/ehr_data_pipeline.py
[2026-06-04T13:53:20.441+0000] {processor.py:925} INFO - DAG(s) 'ehr_data_pipeline' retrieved from /opt/airflow/dags/ehr_data_pipeline.py
[2026-06-04T13:53:20.463+0000] {logging_mixin.py:190} INFO - [2026-06-04T13:53:20.463+0000] {dag.py:3239} INFO - Sync 1 DAGs
[2026-06-04T13:53:20.491+0000] {logging_mixin.py:190} INFO - [2026-06-04T13:53:20.491+0000] {dag.py:4180} INFO - Setting next_dagrun for ehr_data_pipeline to 2026-06-04 00:00:00+00:00, run_after=2026-06-05 00:00:00+00:00
[2026-06-04T13:53:20.527+0000] {processor.py:208} INFO - Processing /opt/airflow/dags/ehr_data_pipeline.py took 0.112 seconds
[2026-06-04T13:53:50.634+0000] {processor.py:186} INFO - Started process (PID=1812) to work on /opt/airflow/dags/ehr_data_pipeline.py
[2026-06-04T13:53:50.636+0000] {processor.py:914} INFO - Processing file /opt/airflow/dags/ehr_data_pipeline.py for tasks to queue
[2026-06-04T13:53:50.638+0000] {logging_mixin.py:190} INFO - [2026-06-04T13:53:50.638+0000] {dagbag.py:588} INFO - Filling up the DagBag from /opt/airflow/dags/ehr_data_pipeline.py
[2026-06-04T13:53:50.658+0000] {processor.py:925} INFO - DAG(s) 'ehr_data_pipeline' retrieved from /opt/airflow/dags/ehr_data_pipeline.py
[2026-06-04T13:53:50.679+0000] {logging_mixin.py:190} INFO - [2026-06-04T13:53:50.678+0000] {dag.py:3239} INFO - Sync 1 DAGs
[2026-06-04T13:53:50.711+0000] {logging_mixin.py:190} INFO - [2026-06-04T13:53:50.711+0000] {dag.py:4180} INFO - Setting next_dagrun for ehr_data_pipeline to 2026-06-04 00:00:00+00:00, run_after=2026-06-05 00:00:00+00:00
[2026-06-04T13:53:50.730+0000] {processor.py:208} INFO - Processing /opt/airflow/dags/ehr_data_pipeline.py took 0.101 seconds
[2026-06-04T13:54:20.915+0000] {processor.py:186} INFO - Started process (PID=2040) to work on /opt/airflow/dags/ehr_data_pipeline.py
[2026-06-04T13:54:20.917+0000] {processor.py:914} INFO - Processing file /opt/airflow/dags/ehr_data_pipeline.py for tasks to queue
[2026-06-04T13:54:20.919+0000] {logging_mixin.py:190} INFO - [2026-06-04T13:54:20.918+0000] {dagbag.py:588} INFO - Filling up the DagBag from /opt/airflow/dags/ehr_data_pipeline.py
[2026-06-04T13:54:20.942+0000] {processor.py:925} INFO - DAG(s) 'ehr_data_pipeline' retrieved from /opt/airflow/dags/ehr_data_pipeline.py
[2026-06-04T13:54:20.969+0000] {logging_mixin.py:190} INFO - [2026-06-04T13:54:20.968+0000] {dag.py:3239} INFO - Sync 1 DAGs
[2026-06-04T13:54:20.999+0000] {logging_mixin.py:190} INFO - [2026-06-04T13:54:20.999+0000] {dag.py:4180} INFO - Setting next_dagrun for ehr_data_pipeline to 2026-06-04 00:00:00+00:00, run_after=2026-06-05 00:00:00+00:00
[2026-06-04T13:54:21.022+0000] {processor.py:208} INFO - Processing /opt/airflow/dags/ehr_data_pipeline.py took 0.127 seconds
[2026-06-04T13:54:51.273+0000] {processor.py:186} INFO - Started process (PID=2412) to work on /opt/airflow/dags/ehr_data_pipeline.py
[2026-06-04T13:54:51.282+0000] {processor.py:914} INFO - Processing file /opt/airflow/dags/ehr_data_pipeline.py for tasks to queue
[2026-06-04T13:54:51.284+0000] {logging_mixin.py:190} INFO - [2026-06-04T13:54:51.283+0000] {dagbag.py:588} INFO - Filling up the DagBag from /opt/airflow/dags/ehr_data_pipeline.py
[2026-06-04T13:54:51.345+0000] {processor.py:925} INFO - DAG(s) 'ehr_data_pipeline' retrieved from /opt/airflow/dags/ehr_data_pipeline.py
[2026-06-04T13:54:51.395+0000] {logging_mixin.py:190} INFO - [2026-06-04T13:54:51.395+0000] {dag.py:3239} INFO - Sync 1 DAGs
[2026-06-04T13:54:51.432+0000] {logging_mixin.py:190} INFO - [2026-06-04T13:54:51.432+0000] {dag.py:4180} INFO - Setting next_dagrun for ehr_data_pipeline to 2026-06-04 00:00:00+00:00, run_after=2026-06-05 00:00:00+00:00
[2026-06-04T13:54:51.531+0000] {processor.py:208} INFO - Processing /opt/airflow/dags/ehr_data_pipeline.py took 0.267 seconds
[2026-06-04T13:55:21.704+0000] {processor.py:186} INFO - Started process (PID=2436) to work on /opt/airflow/dags/ehr_data_pipeline.py
[2026-06-04T13:55:21.705+0000] {processor.py:914} INFO - Processing file /opt/airflow/dags/ehr_data_pipeline.py for tasks to queue
[2026-06-04T13:55:21.707+0000] {logging_mixin.py:190} INFO - [2026-06-04T13:55:21.707+0000] {dagbag.py:588} INFO - Filling up the DagBag from /opt/airflow/dags/ehr_data_pipeline.py
[2026-06-04T13:55:21.726+0000] {processor.py:925} INFO - DAG(s) 'ehr_data_pipeline' retrieved from /opt/airflow/dags/ehr_data_pipeline.py
[2026-06-04T13:55:21.753+0000] {logging_mixin.py:190} INFO - [2026-06-04T13:55:21.753+0000] {dag.py:3239} INFO - Sync 1 DAGs
[2026-06-04T13:55:21.798+0000] {logging_mixin.py:190} INFO - [2026-06-04T13:55:21.797+0000] {dag.py:4180} INFO - Setting next_dagrun for ehr_data_pipeline to 2026-06-04 00:00:00+00:00, run_after=2026-06-05 00:00:00+00:00
[2026-06-04T13:55:21.836+0000] {processor.py:208} INFO - Processing /opt/airflow/dags/ehr_data_pipeline.py took 0.139 seconds
[2026-06-04T13:55:51.994+0000] {processor.py:186} INFO - Started process (PID=2470) to work on /opt/airflow/dags/ehr_data_pipeline.py
[2026-06-04T13:55:51.995+0000] {processor.py:914} INFO - Processing file /opt/airflow/dags/ehr_data_pipeline.py for tasks to queue
[2026-06-04T13:55:51.997+0000] {logging_mixin.py:190} INFO - [2026-06-04T13:55:51.997+0000] {dagbag.py:588} INFO - Filling up the DagBag from /opt/airflow/dags/ehr_data_pipeline.py
[2026-06-04T13:55:52.015+0000] {processor.py:925} INFO - DAG(s) 'ehr_data_pipeline' retrieved from /opt/airflow/dags/ehr_data_pipeline.py
[2026-06-04T13:55:52.045+0000] {logging_mixin.py:190} INFO - [2026-06-04T13:55:52.045+0000] {dag.py:3239} INFO - Sync 1 DAGs
[2026-06-04T13:55:52.077+0000] {logging_mixin.py:190} INFO - [2026-06-04T13:55:52.076+0000] {dag.py:4180} INFO - Setting next_dagrun for ehr_data_pipeline to 2026-06-04 00:00:00+00:00, run_after=2026-06-05 00:00:00+00:00
[2026-06-04T13:55:52.111+0000] {processor.py:208} INFO - Processing /opt/airflow/dags/ehr_data_pipeline.py took 0.124 seconds
[2026-06-04T13:56:22.336+0000] {processor.py:186} INFO - Started process (PID=2642) to work on /opt/airflow/dags/ehr_data_pipeline.py
[2026-06-04T13:56:22.338+0000] {processor.py:914} INFO - Processing file /opt/airflow/dags/ehr_data_pipeline.py for tasks to queue
[2026-06-04T13:56:22.340+0000] {logging_mixin.py:190} INFO - [2026-06-04T13:56:22.340+0000] {dagbag.py:588} INFO - Filling up the DagBag from /opt/airflow/dags/ehr_data_pipeline.py
[2026-06-04T13:56:22.361+0000] {processor.py:925} INFO - DAG(s) 'ehr_data_pipeline' retrieved from /opt/airflow/dags/ehr_data_pipeline.py
[2026-06-04T13:56:22.385+0000] {logging_mixin.py:190} INFO - [2026-06-04T13:56:22.385+0000] {dag.py:3239} INFO - Sync 1 DAGs
[2026-06-04T13:56:22.412+0000] {logging_mixin.py:190} INFO - [2026-06-04T13:56:22.412+0000] {dag.py:4180} INFO - Setting next_dagrun for ehr_data_pipeline to 2026-06-04 00:00:00+00:00, run_after=2026-06-05 00:00:00+00:00
[2026-06-04T13:56:22.437+0000] {processor.py:208} INFO - Processing /opt/airflow/dags/ehr_data_pipeline.py took 0.109 seconds
[2026-06-04T13:56:52.688+0000] {processor.py:186} INFO - Started process (PID=2653) to work on /opt/airflow/dags/ehr_data_pipeline.py
[2026-06-04T13:56:52.689+0000] {processor.py:914} INFO - Processing file /opt/airflow/dags/ehr_data_pipeline.py for tasks to queue
[2026-06-04T13:56:52.691+0000] {logging_mixin.py:190} INFO - [2026-06-04T13:56:52.691+0000] {dagbag.py:588} INFO - Filling up the DagBag from /opt/airflow/dags/ehr_data_pipeline.py
[2026-06-04T13:56:52.709+0000] {processor.py:925} INFO - DAG(s) 'ehr_data_pipeline' retrieved from /opt/airflow/dags/ehr_data_pipeline.py
[2026-06-04T13:56:52.732+0000] {logging_mixin.py:190} INFO - [2026-06-04T13:56:52.731+0000] {dag.py:3239} INFO - Sync 1 DAGs
[2026-06-04T13:56:52.760+0000] {logging_mixin.py:190} INFO - [2026-06-04T13:56:52.759+0000] {dag.py:4180} INFO - Setting next_dagrun for ehr_data_pipeline to 2026-06-04 00:00:00+00:00, run_after=2026-06-05 00:00:00+00:00
[2026-06-04T13:56:52.782+0000] {processor.py:208} INFO - Processing /opt/airflow/dags/ehr_data_pipeline.py took 0.102 seconds
[2026-06-04T13:57:22.977+0000] {processor.py:186} INFO - Started process (PID=2975) to work on /opt/airflow/dags/ehr_data_pipeline.py
[2026-06-04T13:57:22.980+0000] {processor.py:914} INFO - Processing file /opt/airflow/dags/ehr_data_pipeline.py for tasks to queue
[2026-06-04T13:57:22.983+0000] {logging_mixin.py:190} INFO - [2026-06-04T13:57:22.982+0000] {dagbag.py:588} INFO - Filling up the DagBag from /opt/airflow/dags/ehr_data_pipeline.py
[2026-06-04T13:57:23.033+0000] {processor.py:925} INFO - DAG(s) 'ehr_data_pipeline' retrieved from /opt/airflow/dags/ehr_data_pipeline.py
[2026-06-04T13:57:23.073+0000] {logging_mixin.py:190} INFO - [2026-06-04T13:57:23.073+0000] {dag.py:3239} INFO - Sync 1 DAGs
[2026-06-04T13:57:23.138+0000] {logging_mixin.py:190} INFO - [2026-06-04T13:57:23.138+0000] {dag.py:4180} INFO - Setting next_dagrun for ehr_data_pipeline to 2026-06-04 00:00:00+00:00, run_after=2026-06-05 00:00:00+00:00
[2026-06-04T13:57:23.226+0000] {processor.py:208} INFO - Processing /opt/airflow/dags/ehr_data_pipeline.py took 0.255 seconds
[2026-06-04T13:57:53.286+0000] {processor.py:186} INFO - Started process (PID=3319) to work on /opt/airflow/dags/ehr_data_pipeline.py
[2026-06-04T13:57:53.287+0000] {processor.py:914} INFO - Processing file /opt/airflow/dags/ehr_data_pipeline.py for tasks to queue
[2026-06-04T13:57:53.289+0000] {logging_mixin.py:190} INFO - [2026-06-04T13:57:53.289+0000] {dagbag.py:588} INFO - Filling up the DagBag from /opt/airflow/dags/ehr_data_pipeline.py
[2026-06-04T13:57:53.315+0000] {processor.py:925} INFO - DAG(s) 'ehr_data_pipeline' retrieved from /opt/airflow/dags/ehr_data_pipeline.py
[2026-06-04T13:57:53.341+0000] {logging_mixin.py:190} INFO - [2026-06-04T13:57:53.341+0000] {dag.py:3239} INFO - Sync 1 DAGs
[2026-06-04T13:57:53.362+0000] {logging_mixin.py:190} INFO - [2026-06-04T13:57:53.361+0000] {dag.py:4180} INFO - Setting next_dagrun for ehr_data_pipeline to 2026-06-04 00:00:00+00:00, run_after=2026-06-05 00:00:00+00:00
[2026-06-04T13:57:53.379+0000] {processor.py:208} INFO - Processing /opt/airflow/dags/ehr_data_pipeline.py took 0.098 seconds
[2026-06-04T13:58:23.619+0000] {processor.py:186} INFO - Started process (PID=3374) to work on /opt/airflow/dags/ehr_data_pipeline.py
[2026-06-04T13:58:23.621+0000] {processor.py:914} INFO - Processing file /opt/airflow/dags/ehr_data_pipeline.py for tasks to queue
[2026-06-04T13:58:23.623+0000] {logging_mixin.py:190} INFO - [2026-06-04T13:58:23.623+0000] {dagbag.py:588} INFO - Filling up the DagBag from /opt/airflow/dags/ehr_data_pipeline.py
[2026-06-04T13:58:23.640+0000] {processor.py:925} INFO - DAG(s) 'ehr_data_pipeline' retrieved from /opt/airflow/dags/ehr_data_pipeline.py
[2026-06-04T13:58:23.665+0000] {logging_mixin.py:190} INFO - [2026-06-04T13:58:23.665+0000] {dag.py:3239} INFO - Sync 1 DAGs
[2026-06-04T13:58:23.691+0000] {logging_mixin.py:190} INFO - [2026-06-04T13:58:23.691+0000] {dag.py:4180} INFO - Setting next_dagrun for ehr_data_pipeline to 2026-06-04 00:00:00+00:00, run_after=2026-06-05 00:00:00+00:00
[2026-06-04T13:58:23.713+0000] {processor.py:208} INFO - Processing /opt/airflow/dags/ehr_data_pipeline.py took 0.101 seconds
[2026-06-04T13:58:53.974+0000] {processor.py:186} INFO - Started process (PID=3384) to work on /opt/airflow/dags/ehr_data_pipeline.py
[2026-06-04T13:58:53.976+0000] {processor.py:914} INFO - Processing file /opt/airflow/dags/ehr_data_pipeline.py for tasks to queue
[2026-06-04T13:58:53.978+0000] {logging_mixin.py:190} INFO - [2026-06-04T13:58:53.977+0000] {dagbag.py:588} INFO - Filling up the DagBag from /opt/airflow/dags/ehr_data_pipeline.py
[2026-06-04T13:58:53.997+0000] {processor.py:925} INFO - DAG(s) 'ehr_data_pipeline' retrieved from /opt/airflow/dags/ehr_data_pipeline.py
[2026-06-04T13:58:54.024+0000] {logging_mixin.py:190} INFO - [2026-06-04T13:58:54.024+0000] {dag.py:3239} INFO - Sync 1 DAGs
[2026-06-04T13:58:54.053+0000] {logging_mixin.py:190} INFO - [2026-06-04T13:58:54.052+0000] {dag.py:4180} INFO - Setting next_dagrun for ehr_data_pipeline to 2026-06-04 00:00:00+00:00, run_after=2026-06-05 00:00:00+00:00
[2026-06-04T13:58:54.077+0000] {processor.py:208} INFO - Processing /opt/airflow/dags/ehr_data_pipeline.py took 0.109 seconds
[2026-06-04T13:59:24.335+0000] {processor.py:186} INFO - Started process (PID=3394) to work on /opt/airflow/dags/ehr_data_pipeline.py
[2026-06-04T13:59:24.337+0000] {processor.py:914} INFO - Processing file /opt/airflow/dags/ehr_data_pipeline.py for tasks to queue
[2026-06-04T13:59:24.340+0000] {logging_mixin.py:190} INFO - [2026-06-04T13:59:24.339+0000] {dagbag.py:588} INFO - Filling up the DagBag from /opt/airflow/dags/ehr_data_pipeline.py
[2026-06-04T13:59:24.361+0000] {processor.py:925} INFO - DAG(s) 'ehr_data_pipeline' retrieved from /opt/airflow/dags/ehr_data_pipeline.py
[2026-06-04T13:59:24.390+0000] {logging_mixin.py:190} INFO - [2026-06-04T13:59:24.390+0000] {dag.py:3239} INFO - Sync 1 DAGs
[2026-06-04T13:59:24.425+0000] {logging_mixin.py:190} INFO - [2026-06-04T13:59:24.425+0000] {dag.py:4180} INFO - Setting next_dagrun for ehr_data_pipeline to 2026-06-04 00:00:00+00:00, run_after=2026-06-05 00:00:00+00:00
[2026-06-04T13:59:24.458+0000] {processor.py:208} INFO - Processing /opt/airflow/dags/ehr_data_pipeline.py took 0.132 seconds
[2026-06-04T13:59:54.716+0000] {processor.py:186} INFO - Started process (PID=3404) to work on /opt/airflow/dags/ehr_data_pipeline.py
[2026-06-04T13:59:54.718+0000] {processor.py:914} INFO - Processing file /opt/airflow/dags/ehr_data_pipeline.py for tasks to queue
[2026-06-04T13:59:54.720+0000] {logging_mixin.py:190} INFO - [2026-06-04T13:59:54.719+0000] {dagbag.py:588} INFO - Filling up the DagBag from /opt/airflow/dags/ehr_data_pipeline.py
[2026-06-04T13:59:54.737+0000] {processor.py:925} INFO - DAG(s) 'ehr_data_pipeline' retrieved from /opt/airflow/dags/ehr_data_pipeline.py
[2026-06-04T13:59:54.760+0000] {logging_mixin.py:190} INFO - [2026-06-04T13:59:54.759+0000] {dag.py:3239} INFO - Sync 1 DAGs
[2026-06-04T13:59:54.785+0000] {logging_mixin.py:190} INFO - [2026-06-04T13:59:54.785+0000] {dag.py:4180} INFO - Setting next_dagrun for ehr_data_pipeline to 2026-06-04 00:00:00+00:00, run_after=2026-06-05 00:00:00+00:00
[2026-06-04T13:59:54.810+0000] {processor.py:208} INFO - Processing /opt/airflow/dags/ehr_data_pipeline.py took 0.101 seconds
[2026-06-04T14:00:25.066+0000] {processor.py:186} INFO - Started process (PID=3414) to work on /opt/airflow/dags/ehr_data_pipeline.py
[2026-06-04T14:00:25.070+0000] {processor.py:914} INFO - Processing file /opt/airflow/dags/ehr_data_pipeline.py for tasks to queue
[2026-06-04T14:00:25.072+0000] {logging_mixin.py:190} INFO - [2026-06-04T14:00:25.072+0000] {dagbag.py:588} INFO - Filling up the DagBag from /opt/airflow/dags/ehr_data_pipeline.py
[2026-06-04T14:00:25.093+0000] {processor.py:925} INFO - DAG(s) 'ehr_data_pipeline' retrieved from /opt/airflow/dags/ehr_data_pipeline.py
[2026-06-04T14:00:25.118+0000] {logging_mixin.py:190} INFO - [2026-06-04T14:00:25.118+0000] {dag.py:3239} INFO - Sync 1 DAGs
[2026-06-04T14:00:25.147+0000] {logging_mixin.py:190} INFO - [2026-06-04T14:00:25.146+0000] {dag.py:4180} INFO - Setting next_dagrun for ehr_data_pipeline to 2026-06-04 00:00:00+00:00, run_after=2026-06-05 00:00:00+00:00
[2026-06-04T14:00:25.173+0000] {processor.py:208} INFO - Processing /opt/airflow/dags/ehr_data_pipeline.py took 0.115 seconds
[2026-06-04T14:00:55.433+0000] {processor.py:186} INFO - Started process (PID=3424) to work on /opt/airflow/dags/ehr_data_pipeline.py
[2026-06-04T14:00:55.434+0000] {processor.py:914} INFO - Processing file /opt/airflow/dags/ehr_data_pipeline.py for tasks to queue
[2026-06-04T14:00:55.435+0000] {logging_mixin.py:190} INFO - [2026-06-04T14:00:55.435+0000] {dagbag.py:588} INFO - Filling up the DagBag from /opt/airflow/dags/ehr_data_pipeline.py
[2026-06-04T14:00:55.449+0000] {processor.py:925} INFO - DAG(s) 'ehr_data_pipeline' retrieved from /opt/airflow/dags/ehr_data_pipeline.py
[2026-06-04T14:00:55.469+0000] {logging_mixin.py:190} INFO - [2026-06-04T14:00:55.469+0000] {dag.py:3239} INFO - Sync 1 DAGs
[2026-06-04T14:00:55.493+0000] {logging_mixin.py:190} INFO - [2026-06-04T14:00:55.493+0000] {dag.py:4180} INFO - Setting next_dagrun for ehr_data_pipeline to 2026-06-04 00:00:00+00:00, run_after=2026-06-05 00:00:00+00:00
[2026-06-04T14:00:55.514+0000] {processor.py:208} INFO - Processing /opt/airflow/dags/ehr_data_pipeline.py took 0.087 seconds
[2026-06-04T14:01:25.757+0000] {processor.py:186} INFO - Started process (PID=3434) to work on /opt/airflow/dags/ehr_data_pipeline.py
[2026-06-04T14:01:25.761+0000] {processor.py:914} INFO - Processing file /opt/airflow/dags/ehr_data_pipeline.py for tasks to queue
[2026-06-04T14:01:25.763+0000] {logging_mixin.py:190} INFO - [2026-06-04T14:01:25.763+0000] {dagbag.py:588} INFO - Filling up the DagBag from /opt/airflow/dags/ehr_data_pipeline.py
[2026-06-04T14:01:25.780+0000] {processor.py:925} INFO - DAG(s) 'ehr_data_pipeline' retrieved from /opt/airflow/dags/ehr_data_pipeline.py
[2026-06-04T14:01:25.803+0000] {logging_mixin.py:190} INFO - [2026-06-04T14:01:25.803+0000] {dag.py:3239} INFO - Sync 1 DAGs
[2026-06-04T14:01:25.832+0000] {logging_mixin.py:190} INFO - [2026-06-04T14:01:25.832+0000] {dag.py:4180} INFO - Setting next_dagrun for ehr_data_pipeline to 2026-06-04 00:00:00+00:00, run_after=2026-06-05 00:00:00+00:00
[2026-06-04T14:01:25.854+0000] {processor.py:208} INFO - Processing /opt/airflow/dags/ehr_data_pipeline.py took 0.103 seconds
[2026-06-04T14:01:56.130+0000] {processor.py:186} INFO - Started process (PID=3444) to work on /opt/airflow/dags/ehr_data_pipeline.py
[2026-06-04T14:01:56.132+0000] {processor.py:914} INFO - Processing file /opt/airflow/dags/ehr_data_pipeline.py for tasks to queue
[2026-06-04T14:01:56.134+0000] {logging_mixin.py:190} INFO - [2026-06-04T14:01:56.134+0000] {dagbag.py:588} INFO - Filling up the DagBag from /opt/airflow/dags/ehr_data_pipeline.py
[2026-06-04T14:01:56.153+0000] {processor.py:925} INFO - DAG(s) 'ehr_data_pipeline' retrieved from /opt/airflow/dags/ehr_data_pipeline.py
[2026-06-04T14:01:56.178+0000] {logging_mixin.py:190} INFO - [2026-06-04T14:01:56.178+0000] {dag.py:3239} INFO - Sync 1 DAGs
[2026-06-04T14:01:56.202+0000] {logging_mixin.py:190} INFO - [2026-06-04T14:01:56.202+0000] {dag.py:4180} INFO - Setting next_dagrun for ehr_data_pipeline to 2026-06-04 00:00:00+00:00, run_after=2026-06-05 00:00:00+00:00
[2026-06-04T14:01:56.228+0000] {processor.py:208} INFO - Processing /opt/airflow/dags/ehr_data_pipeline.py took 0.104 seconds
[2026-06-04T14:02:26.471+0000] {processor.py:186} INFO - Started process (PID=3454) to work on /opt/airflow/dags/ehr_data_pipeline.py
[2026-06-04T14:02:26.475+0000] {processor.py:914} INFO - Processing file /opt/airflow/dags/ehr_data_pipeline.py for tasks to queue
[2026-06-04T14:02:26.478+0000] {logging_mixin.py:190} INFO - [2026-06-04T14:02:26.477+0000] {dagbag.py:588} INFO - Filling up the DagBag from /opt/airflow/dags/ehr_data_pipeline.py
[2026-06-04T14:02:26.494+0000] {processor.py:925} INFO - DAG(s) 'ehr_data_pipeline' retrieved from /opt/airflow/dags/ehr_data_pipeline.py
[2026-06-04T14:02:26.514+0000] {logging_mixin.py:190} INFO - [2026-06-04T14:02:26.514+0000] {dag.py:3239} INFO - Sync 1 DAGs
[2026-06-04T14:02:26.538+0000] {logging_mixin.py:190} INFO - [2026-06-04T14:02:26.538+0000] {dag.py:4180} INFO - Setting next_dagrun for ehr_data_pipeline to 2026-06-04 00:00:00+00:00, run_after=2026-06-05 00:00:00+00:00
[2026-06-04T14:02:26.567+0000] {processor.py:208} INFO - Processing /opt/airflow/dags/ehr_data_pipeline.py took 0.102 seconds
[2026-06-04T14:02:56.816+0000] {processor.py:186} INFO - Started process (PID=3464) to work on /opt/airflow/dags/ehr_data_pipeline.py
[2026-06-04T14:02:56.817+0000] {processor.py:914} INFO - Processing file /opt/airflow/dags/ehr_data_pipeline.py for tasks to queue
[2026-06-04T14:02:56.819+0000] {logging_mixin.py:190} INFO - [2026-06-04T14:02:56.819+0000] {dagbag.py:588} INFO - Filling up the DagBag from /opt/airflow/dags/ehr_data_pipeline.py
[2026-06-04T14:02:56.837+0000] {processor.py:925} INFO - DAG(s) 'ehr_data_pipeline' retrieved from /opt/airflow/dags/ehr_data_pipeline.py
[2026-06-04T14:02:56.860+0000] {logging_mixin.py:190} INFO - [2026-06-04T14:02:56.860+0000] {dag.py:3239} INFO - Sync 1 DAGs
[2026-06-04T14:02:56.886+0000] {logging_mixin.py:190} INFO - [2026-06-04T14:02:56.886+0000] {dag.py:4180} INFO - Setting next_dagrun for ehr_data_pipeline to 2026-06-04 00:00:00+00:00, run_after=2026-06-05 00:00:00+00:00
[2026-06-04T14:02:56.913+0000] {processor.py:208} INFO - Processing /opt/airflow/dags/ehr_data_pipeline.py took 0.106 seconds
[2026-06-04T14:03:27.169+0000] {processor.py:186} INFO - Started process (PID=3474) to work on /opt/airflow/dags/ehr_data_pipeline.py
[2026-06-04T14:03:27.171+0000] {processor.py:914} INFO - Processing file /opt/airflow/dags/ehr_data_pipeline.py for tasks to queue
[2026-06-04T14:03:27.174+0000] {logging_mixin.py:190} INFO - [2026-06-04T14:03:27.173+0000] {dagbag.py:588} INFO - Filling up the DagBag from /opt/airflow/dags/ehr_data_pipeline.py
[2026-06-04T14:03:27.195+0000] {processor.py:925} INFO - DAG(s) 'ehr_data_pipeline' retrieved from /opt/airflow/dags/ehr_data_pipeline.py
[2026-06-04T14:03:27.224+0000] {logging_mixin.py:190} INFO - [2026-06-04T14:03:27.224+0000] {dag.py:3239} INFO - Sync 1 DAGs
[2026-06-04T14:03:27.261+0000] {logging_mixin.py:190} INFO - [2026-06-04T14:03:27.261+0000] {dag.py:4180} INFO - Setting next_dagrun for ehr_data_pipeline to 2026-06-04 00:00:00+00:00, run_after=2026-06-05 00:00:00+00:00
[2026-06-04T14:03:27.292+0000] {processor.py:208} INFO - Processing /opt/airflow/dags/ehr_data_pipeline.py took 0.132 seconds
[2026-06-04T14:03:57.559+0000] {processor.py:186} INFO - Started process (PID=3484) to work on /opt/airflow/dags/ehr_data_pipeline.py
[2026-06-04T14:03:57.563+0000] {processor.py:914} INFO - Processing file /opt/airflow/dags/ehr_data_pipeline.py for tasks to queue
[2026-06-04T14:03:57.566+0000] {logging_mixin.py:190} INFO - [2026-06-04T14:03:57.565+0000] {dagbag.py:588} INFO - Filling up the DagBag from /opt/airflow/dags/ehr_data_pipeline.py
[2026-06-04T14:03:57.585+0000] {processor.py:925} INFO - DAG(s) 'ehr_data_pipeline' retrieved from /opt/airflow/dags/ehr_data_pipeline.py
[2026-06-04T14:03:57.612+0000] {logging_mixin.py:190} INFO - [2026-06-04T14:03:57.612+0000] {dag.py:3239} INFO - Sync 1 DAGs
[2026-06-04T14:03:57.641+0000] {logging_mixin.py:190} INFO - [2026-06-04T14:03:57.641+0000] {dag.py:4180} INFO - Setting next_dagrun for ehr_data_pipeline to 2026-06-04 00:00:00+00:00, run_after=2026-06-05 00:00:00+00:00
[2026-06-04T14:03:57.670+0000] {processor.py:208} INFO - Processing /opt/airflow/dags/ehr_data_pipeline.py took 0.119 seconds
[2026-06-04T14:04:27.837+0000] {processor.py:186} INFO - Started process (PID=3494) to work on /opt/airflow/dags/ehr_data_pipeline.py
[2026-06-04T14:04:27.838+0000] {processor.py:914} INFO - Processing file /opt/airflow/dags/ehr_data_pipeline.py for tasks to queue
[2026-06-04T14:04:27.841+0000] {logging_mixin.py:190} INFO - [2026-06-04T14:04:27.840+0000] {dagbag.py:588} INFO - Filling up the DagBag from /opt/airflow/dags/ehr_data_pipeline.py
[2026-06-04T14:04:27.860+0000] {processor.py:925} INFO - DAG(s) 'ehr_data_pipeline' retrieved from /opt/airflow/dags/ehr_data_pipeline.py
[2026-06-04T14:04:27.888+0000] {logging_mixin.py:190} INFO - [2026-06-04T14:04:27.888+0000] {dag.py:3239} INFO - Sync 1 DAGs
[2026-06-04T14:04:27.920+0000] {logging_mixin.py:190} INFO - [2026-06-04T14:04:27.919+0000] {dag.py:4180} INFO - Setting next_dagrun for ehr_data_pipeline to 2026-06-04 00:00:00+00:00, run_after=2026-06-05 00:00:00+00:00
[2026-06-04T14:04:27.947+0000] {processor.py:208} INFO - Processing /opt/airflow/dags/ehr_data_pipeline.py took 0.119 seconds
[2026-06-04T14:09:48.656+0000] {processor.py:186} INFO - Started process (PID=155) to work on /opt/airflow/dags/ehr_data_pipeline.py
[2026-06-04T14:09:48.658+0000] {processor.py:914} INFO - Processing file /opt/airflow/dags/ehr_data_pipeline.py for tasks to queue
[2026-06-04T14:09:48.660+0000] {logging_mixin.py:190} INFO - [2026-06-04T14:09:48.660+0000] {dagbag.py:588} INFO - Filling up the DagBag from /opt/airflow/dags/ehr_data_pipeline.py
[2026-06-04T14:09:48.692+0000] {processor.py:925} INFO - DAG(s) 'ehr_data_pipeline' retrieved from /opt/airflow/dags/ehr_data_pipeline.py
[2026-06-04T14:09:48.719+0000] {logging_mixin.py:190} INFO - [2026-06-04T14:09:48.719+0000] {dag.py:3239} INFO - Sync 1 DAGs
[2026-06-04T14:09:48.745+0000] {logging_mixin.py:190} INFO - [2026-06-04T14:09:48.745+0000] {dag.py:4180} INFO - Setting next_dagrun for ehr_data_pipeline to 2026-06-04 00:00:00+00:00, run_after=2026-06-05 00:00:00+00:00
[2026-06-04T14:09:48.766+0000] {processor.py:208} INFO - Processing /opt/airflow/dags/ehr_data_pipeline.py took 0.115 seconds
[2026-06-04T14:10:19.020+0000] {processor.py:186} INFO - Started process (PID=165) to work on /opt/airflow/dags/ehr_data_pipeline.py
[2026-06-04T14:10:19.022+0000] {processor.py:914} INFO - Processing file /opt/airflow/dags/ehr_data_pipeline.py for tasks to queue
[2026-06-04T14:10:19.024+0000] {logging_mixin.py:190} INFO - [2026-06-04T14:10:19.024+0000] {dagbag.py:588} INFO - Filling up the DagBag from /opt/airflow/dags/ehr_data_pipeline.py
[2026-06-04T14:10:19.046+0000] {processor.py:925} INFO - DAG(s) 'ehr_data_pipeline' retrieved from /opt/airflow/dags/ehr_data_pipeline.py
[2026-06-04T14:10:19.075+0000] {logging_mixin.py:190} INFO - [2026-06-04T14:10:19.075+0000] {dag.py:3239} INFO - Sync 1 DAGs
[2026-06-04T14:10:19.103+0000] {logging_mixin.py:190} INFO - [2026-06-04T14:10:19.103+0000] {dag.py:4180} INFO - Setting next_dagrun for ehr_data_pipeline to 2026-06-04 00:00:00+00:00, run_after=2026-06-05 00:00:00+00:00
[2026-06-04T14:10:19.131+0000] {processor.py:208} INFO - Processing /opt/airflow/dags/ehr_data_pipeline.py took 0.120 seconds
[2026-06-04T14:10:49.401+0000] {processor.py:186} INFO - Started process (PID=175) to work on /opt/airflow/dags/ehr_data_pipeline.py
[2026-06-04T14:10:49.403+0000] {processor.py:914} INFO - Processing file /opt/airflow/dags/ehr_data_pipeline.py for tasks to queue
[2026-06-04T14:10:49.406+0000] {logging_mixin.py:190} INFO - [2026-06-04T14:10:49.405+0000] {dagbag.py:588} INFO - Filling up the DagBag from /opt/airflow/dags/ehr_data_pipeline.py
[2026-06-04T14:10:49.424+0000] {processor.py:925} INFO - DAG(s) 'ehr_data_pipeline' retrieved from /opt/airflow/dags/ehr_data_pipeline.py
[2026-06-04T14:10:49.450+0000] {logging_mixin.py:190} INFO - [2026-06-04T14:10:49.450+0000] {dag.py:3239} INFO - Sync 1 DAGs
[2026-06-04T14:10:49.478+0000] {logging_mixin.py:190} INFO - [2026-06-04T14:10:49.478+0000] {dag.py:4180} INFO - Setting next_dagrun for ehr_data_pipeline to 2026-06-04 00:00:00+00:00, run_after=2026-06-05 00:00:00+00:00
[2026-06-04T14:10:49.497+0000] {processor.py:208} INFO - Processing /opt/airflow/dags/ehr_data_pipeline.py took 0.105 seconds
[2026-06-04T14:11:12.600+0000] {processor.py:186} INFO - Started process (PID=185) to work on /opt/airflow/dags/ehr_data_pipeline.py
[2026-06-04T14:11:12.601+0000] {processor.py:914} INFO - Processing file /opt/airflow/dags/ehr_data_pipeline.py for tasks to queue
[2026-06-04T14:11:12.603+0000] {logging_mixin.py:190} INFO - [2026-06-04T14:11:12.603+0000] {dagbag.py:588} INFO - Filling up the DagBag from /opt/airflow/dags/ehr_data_pipeline.py
[2026-06-04T14:11:12.624+0000] {processor.py:925} INFO - DAG(s) 'ehr_data_pipeline' retrieved from /opt/airflow/dags/ehr_data_pipeline.py
[2026-06-04T14:11:12.646+0000] {logging_mixin.py:190} INFO - [2026-06-04T14:11:12.646+0000] {dag.py:3239} INFO - Sync 1 DAGs
[2026-06-04T14:11:12.670+0000] {logging_mixin.py:190} INFO - [2026-06-04T14:11:12.669+0000] {dag.py:4180} INFO - Setting next_dagrun for ehr_data_pipeline to 2026-06-04 00:00:00+00:00, run_after=2026-06-05 00:00:00+00:00
[2026-06-04T14:11:12.692+0000] {processor.py:208} INFO - Processing /opt/airflow/dags/ehr_data_pipeline.py took 0.099 seconds
[2026-06-04T14:11:42.895+0000] {processor.py:186} INFO - Started process (PID=552) to work on /opt/airflow/dags/ehr_data_pipeline.py
[2026-06-04T14:11:42.897+0000] {processor.py:914} INFO - Processing file /opt/airflow/dags/ehr_data_pipeline.py for tasks to queue
[2026-06-04T14:11:42.899+0000] {logging_mixin.py:190} INFO - [2026-06-04T14:11:42.898+0000] {dagbag.py:588} INFO - Filling up the DagBag from /opt/airflow/dags/ehr_data_pipeline.py
[2026-06-04T14:11:42.939+0000] {processor.py:925} INFO - DAG(s) 'ehr_data_pipeline' retrieved from /opt/airflow/dags/ehr_data_pipeline.py
[2026-06-04T14:11:42.983+0000] {logging_mixin.py:190} INFO - [2026-06-04T14:11:42.983+0000] {dag.py:3239} INFO - Sync 1 DAGs
[2026-06-04T14:11:43.012+0000] {logging_mixin.py:190} INFO - [2026-06-04T14:11:43.012+0000] {dag.py:4180} INFO - Setting next_dagrun for ehr_data_pipeline to 2026-06-04 00:00:00+00:00, run_after=2026-06-05 00:00:00+00:00
[2026-06-04T14:11:43.053+0000] {processor.py:208} INFO - Processing /opt/airflow/dags/ehr_data_pipeline.py took 0.164 seconds
[2026-06-04T14:12:13.300+0000] {processor.py:186} INFO - Started process (PID=846) to work on /opt/airflow/dags/ehr_data_pipeline.py
[2026-06-04T14:12:13.302+0000] {processor.py:914} INFO - Processing file /opt/airflow/dags/ehr_data_pipeline.py for tasks to queue
[2026-06-04T14:12:13.304+0000] {logging_mixin.py:190} INFO - [2026-06-04T14:12:13.303+0000] {dagbag.py:588} INFO - Filling up the DagBag from /opt/airflow/dags/ehr_data_pipeline.py
[2026-06-04T14:12:13.338+0000] {processor.py:925} INFO - DAG(s) 'ehr_data_pipeline' retrieved from /opt/airflow/dags/ehr_data_pipeline.py
[2026-06-04T14:12:13.373+0000] {logging_mixin.py:190} INFO - [2026-06-04T14:12:13.372+0000] {dag.py:3239} INFO - Sync 1 DAGs
[2026-06-04T14:12:13.402+0000] {logging_mixin.py:190} INFO - [2026-06-04T14:12:13.401+0000] {dag.py:4180} INFO - Setting next_dagrun for ehr_data_pipeline to 2026-06-04 00:00:00+00:00, run_after=2026-06-05 00:00:00+00:00
[2026-06-04T14:12:13.425+0000] {processor.py:208} INFO - Processing /opt/airflow/dags/ehr_data_pipeline.py took 0.130 seconds
[2026-06-04T14:12:43.602+0000] {processor.py:186} INFO - Started process (PID=991) to work on /opt/airflow/dags/ehr_data_pipeline.py
[2026-06-04T14:12:43.603+0000] {processor.py:914} INFO - Processing file /opt/airflow/dags/ehr_data_pipeline.py for tasks to queue
[2026-06-04T14:12:43.605+0000] {logging_mixin.py:190} INFO - [2026-06-04T14:12:43.605+0000] {dagbag.py:588} INFO - Filling up the DagBag from /opt/airflow/dags/ehr_data_pipeline.py
[2026-06-04T14:12:43.627+0000] {processor.py:925} INFO - DAG(s) 'ehr_data_pipeline' retrieved from /opt/airflow/dags/ehr_data_pipeline.py
[2026-06-04T14:12:43.650+0000] {logging_mixin.py:190} INFO - [2026-06-04T14:12:43.650+0000] {dag.py:3239} INFO - Sync 1 DAGs
[2026-06-04T14:12:43.682+0000] {logging_mixin.py:190} INFO - [2026-06-04T14:12:43.682+0000] {dag.py:4180} INFO - Setting next_dagrun for ehr_data_pipeline to 2026-06-04 00:00:00+00:00, run_after=2026-06-05 00:00:00+00:00
[2026-06-04T14:12:43.705+0000] {processor.py:208} INFO - Processing /opt/airflow/dags/ehr_data_pipeline.py took 0.109 seconds
[2026-06-04T14:13:13.837+0000] {processor.py:186} INFO - Started process (PID=1012) to work on /opt/airflow/dags/ehr_data_pipeline.py
[2026-06-04T14:13:13.839+0000] {processor.py:914} INFO - Processing file /opt/airflow/dags/ehr_data_pipeline.py for tasks to queue
[2026-06-04T14:13:13.840+0000] {logging_mixin.py:190} INFO - [2026-06-04T14:13:13.840+0000] {dagbag.py:588} INFO - Filling up the DagBag from /opt/airflow/dags/ehr_data_pipeline.py
[2026-06-04T14:13:13.852+0000] {processor.py:925} INFO - DAG(s) 'ehr_data_pipeline' retrieved from /opt/airflow/dags/ehr_data_pipeline.py
[2026-06-04T14:13:13.870+0000] {logging_mixin.py:190} INFO - [2026-06-04T14:13:13.870+0000] {dag.py:3239} INFO - Sync 1 DAGs
[2026-06-04T14:13:13.893+0000] {logging_mixin.py:190} INFO - [2026-06-04T14:13:13.892+0000] {dag.py:4180} INFO - Setting next_dagrun for ehr_data_pipeline to 2026-06-04 00:00:00+00:00, run_after=2026-06-05 00:00:00+00:00
[2026-06-04T14:13:13.910+0000] {processor.py:208} INFO - Processing /opt/airflow/dags/ehr_data_pipeline.py took 0.077 seconds
[2026-06-04T14:13:44.094+0000] {processor.py:186} INFO - Started process (PID=1087) to work on /opt/airflow/dags/ehr_data_pipeline.py
[2026-06-04T14:13:44.098+0000] {processor.py:914} INFO - Processing file /opt/airflow/dags/ehr_data_pipeline.py for tasks to queue
[2026-06-04T14:13:44.100+0000] {logging_mixin.py:190} INFO - [2026-06-04T14:13:44.099+0000] {dagbag.py:588} INFO - Filling up the DagBag from /opt/airflow/dags/ehr_data_pipeline.py
[2026-06-04T14:13:44.111+0000] {processor.py:925} INFO - DAG(s) 'ehr_data_pipeline' retrieved from /opt/airflow/dags/ehr_data_pipeline.py
[2026-06-04T14:13:44.134+0000] {logging_mixin.py:190} INFO - [2026-06-04T14:13:44.134+0000] {dag.py:3239} INFO - Sync 1 DAGs
[2026-06-04T14:13:44.155+0000] {logging_mixin.py:190} INFO - [2026-06-04T14:13:44.155+0000] {dag.py:4180} INFO - Setting next_dagrun for ehr_data_pipeline to 2026-06-04 00:00:00+00:00, run_after=2026-06-05 00:00:00+00:00
[2026-06-04T14:13:44.182+0000] {processor.py:208} INFO - Processing /opt/airflow/dags/ehr_data_pipeline.py took 0.092 seconds
[2026-06-04T14:14:14.341+0000] {processor.py:186} INFO - Started process (PID=1244) to work on /opt/airflow/dags/ehr_data_pipeline.py
[2026-06-04T14:14:14.342+0000] {processor.py:914} INFO - Processing file /opt/airflow/dags/ehr_data_pipeline.py for tasks to queue
[2026-06-04T14:14:14.344+0000] {logging_mixin.py:190} INFO - [2026-06-04T14:14:14.344+0000] {dagbag.py:588} INFO - Filling up the DagBag from /opt/airflow/dags/ehr_data_pipeline.py
[2026-06-04T14:14:14.361+0000] {processor.py:925} INFO - DAG(s) 'ehr_data_pipeline' retrieved from /opt/airflow/dags/ehr_data_pipeline.py
[2026-06-04T14:14:14.381+0000] {logging_mixin.py:190} INFO - [2026-06-04T14:14:14.381+0000] {dag.py:3239} INFO - Sync 1 DAGs
[2026-06-04T14:14:14.407+0000] {logging_mixin.py:190} INFO - [2026-06-04T14:14:14.407+0000] {dag.py:4180} INFO - Setting next_dagrun for ehr_data_pipeline to 2026-06-04 00:00:00+00:00, run_after=2026-06-05 00:00:00+00:00
[2026-06-04T14:14:14.427+0000] {processor.py:208} INFO - Processing /opt/airflow/dags/ehr_data_pipeline.py took 0.093 seconds
[2026-06-04T14:14:44.606+0000] {processor.py:186} INFO - Started process (PID=1613) to work on /opt/airflow/dags/ehr_data_pipeline.py
[2026-06-04T14:14:44.607+0000] {processor.py:914} INFO - Processing file /opt/airflow/dags/ehr_data_pipeline.py for tasks to queue
[2026-06-04T14:14:44.609+0000] {logging_mixin.py:190} INFO - [2026-06-04T14:14:44.608+0000] {dagbag.py:588} INFO - Filling up the DagBag from /opt/airflow/dags/ehr_data_pipeline.py
[2026-06-04T14:14:44.661+0000] {processor.py:925} INFO - DAG(s) 'ehr_data_pipeline' retrieved from /opt/airflow/dags/ehr_data_pipeline.py
[2026-06-04T14:14:44.737+0000] {logging_mixin.py:190} INFO - [2026-06-04T14:14:44.736+0000] {dag.py:3239} INFO - Sync 1 DAGs
[2026-06-04T14:14:44.796+0000] {logging_mixin.py:190} INFO - [2026-06-04T14:14:44.796+0000] {dag.py:4180} INFO - Setting next_dagrun for ehr_data_pipeline to 2026-06-04 00:00:00+00:00, run_after=2026-06-05 00:00:00+00:00
[2026-06-04T14:14:44.823+0000] {processor.py:208} INFO - Processing /opt/airflow/dags/ehr_data_pipeline.py took 0.234 seconds
[2026-06-04T14:15:15.789+0000] {processor.py:186} INFO - Started process (PID=1711) to work on /opt/airflow/dags/ehr_data_pipeline.py
[2026-06-04T14:15:15.791+0000] {processor.py:914} INFO - Processing file /opt/airflow/dags/ehr_data_pipeline.py for tasks to queue
[2026-06-04T14:15:15.793+0000] {logging_mixin.py:190} INFO - [2026-06-04T14:15:15.793+0000] {dagbag.py:588} INFO - Filling up the DagBag from /opt/airflow/dags/ehr_data_pipeline.py
[2026-06-04T14:15:15.811+0000] {processor.py:925} INFO - DAG(s) 'ehr_data_pipeline' retrieved from /opt/airflow/dags/ehr_data_pipeline.py
[2026-06-04T14:15:15.842+0000] {logging_mixin.py:190} INFO - [2026-06-04T14:15:15.842+0000] {dag.py:3239} INFO - Sync 1 DAGs
[2026-06-04T14:15:15.881+0000] {logging_mixin.py:190} INFO - [2026-06-04T14:15:15.880+0000] {dag.py:4180} INFO - Setting next_dagrun for ehr_data_pipeline to 2026-06-04 00:00:00+00:00, run_after=2026-06-05 00:00:00+00:00
[2026-06-04T14:15:15.919+0000] {processor.py:208} INFO - Processing /opt/airflow/dags/ehr_data_pipeline.py took 0.136 seconds
[2026-06-04T14:15:46.137+0000] {processor.py:186} INFO - Started process (PID=1744) to work on /opt/airflow/dags/ehr_data_pipeline.py
[2026-06-04T14:15:46.141+0000] {processor.py:914} INFO - Processing file /opt/airflow/dags/ehr_data_pipeline.py for tasks to queue
[2026-06-04T14:15:46.143+0000] {logging_mixin.py:190} INFO - [2026-06-04T14:15:46.143+0000] {dagbag.py:588} INFO - Filling up the DagBag from /opt/airflow/dags/ehr_data_pipeline.py
[2026-06-04T14:15:46.163+0000] {processor.py:925} INFO - DAG(s) 'ehr_data_pipeline' retrieved from /opt/airflow/dags/ehr_data_pipeline.py
[2026-06-04T14:15:46.194+0000] {logging_mixin.py:190} INFO - [2026-06-04T14:15:46.194+0000] {dag.py:3239} INFO - Sync 1 DAGs
[2026-06-04T14:15:46.233+0000] {logging_mixin.py:190} INFO - [2026-06-04T14:15:46.233+0000] {dag.py:4180} INFO - Setting next_dagrun for ehr_data_pipeline to 2026-06-04 00:00:00+00:00, run_after=2026-06-05 00:00:00+00:00
[2026-06-04T14:15:46.262+0000] {processor.py:208} INFO - Processing /opt/airflow/dags/ehr_data_pipeline.py took 0.133 seconds
[2026-06-04T14:16:16.504+0000] {processor.py:186} INFO - Started process (PID=1757) to work on /opt/airflow/dags/ehr_data_pipeline.py
[2026-06-04T14:16:16.506+0000] {processor.py:914} INFO - Processing file /opt/airflow/dags/ehr_data_pipeline.py for tasks to queue
[2026-06-04T14:16:16.508+0000] {logging_mixin.py:190} INFO - [2026-06-04T14:16:16.507+0000] {dagbag.py:588} INFO - Filling up the DagBag from /opt/airflow/dags/ehr_data_pipeline.py
[2026-06-04T14:16:16.527+0000] {processor.py:925} INFO - DAG(s) 'ehr_data_pipeline' retrieved from /opt/airflow/dags/ehr_data_pipeline.py
[2026-06-04T14:16:16.549+0000] {logging_mixin.py:190} INFO - [2026-06-04T14:16:16.549+0000] {dag.py:3239} INFO - Sync 1 DAGs
[2026-06-04T14:16:16.576+0000] {logging_mixin.py:190} INFO - [2026-06-04T14:16:16.576+0000] {dag.py:4180} INFO - Setting next_dagrun for ehr_data_pipeline to 2026-06-04 00:00:00+00:00, run_after=2026-06-05 00:00:00+00:00
[2026-06-04T14:16:16.602+0000] {processor.py:208} INFO - Processing /opt/airflow/dags/ehr_data_pipeline.py took 0.104 seconds
[2026-06-04T14:16:46.846+0000] {processor.py:186} INFO - Started process (PID=1767) to work on /opt/airflow/dags/ehr_data_pipeline.py
[2026-06-04T14:16:46.848+0000] {processor.py:914} INFO - Processing file /opt/airflow/dags/ehr_data_pipeline.py for tasks to queue
[2026-06-04T14:16:46.850+0000] {logging_mixin.py:190} INFO - [2026-06-04T14:16:46.850+0000] {dagbag.py:588} INFO - Filling up the DagBag from /opt/airflow/dags/ehr_data_pipeline.py
[2026-06-04T14:16:46.869+0000] {processor.py:925} INFO - DAG(s) 'ehr_data_pipeline' retrieved from /opt/airflow/dags/ehr_data_pipeline.py
[2026-06-04T14:16:46.894+0000] {logging_mixin.py:190} INFO - [2026-06-04T14:16:46.894+0000] {dag.py:3239} INFO - Sync 1 DAGs
[2026-06-04T14:16:46.924+0000] {logging_mixin.py:190} INFO - [2026-06-04T14:16:46.924+0000] {dag.py:4180} INFO - Setting next_dagrun for ehr_data_pipeline to 2026-06-04 00:00:00+00:00, run_after=2026-06-05 00:00:00+00:00
[2026-06-04T14:16:46.949+0000] {processor.py:208} INFO - Processing /opt/airflow/dags/ehr_data_pipeline.py took 0.110 seconds
[2026-06-04T14:17:17.193+0000] {processor.py:186} INFO - Started process (PID=1804) to work on /opt/airflow/dags/ehr_data_pipeline.py
[2026-06-04T14:17:17.194+0000] {processor.py:914} INFO - Processing file /opt/airflow/dags/ehr_data_pipeline.py for tasks to queue
[2026-06-04T14:17:17.197+0000] {logging_mixin.py:190} INFO - [2026-06-04T14:17:17.196+0000] {dagbag.py:588} INFO - Filling up the DagBag from /opt/airflow/dags/ehr_data_pipeline.py
[2026-06-04T14:17:17.217+0000] {processor.py:925} INFO - DAG(s) 'ehr_data_pipeline' retrieved from /opt/airflow/dags/ehr_data_pipeline.py
[2026-06-04T14:17:17.242+0000] {logging_mixin.py:190} INFO - [2026-06-04T14:17:17.242+0000] {dag.py:3239} INFO - Sync 1 DAGs
[2026-06-04T14:17:17.267+0000] {logging_mixin.py:190} INFO - [2026-06-04T14:17:17.267+0000] {dag.py:4180} INFO - Setting next_dagrun for ehr_data_pipeline to 2026-06-04 00:00:00+00:00, run_after=2026-06-05 00:00:00+00:00
[2026-06-04T14:17:17.288+0000] {processor.py:208} INFO - Processing /opt/airflow/dags/ehr_data_pipeline.py took 0.103 seconds
[2026-06-04T14:17:47.546+0000] {processor.py:186} INFO - Started process (PID=1814) to work on /opt/airflow/dags/ehr_data_pipeline.py
[2026-06-04T14:17:47.547+0000] {processor.py:914} INFO - Processing file /opt/airflow/dags/ehr_data_pipeline.py for tasks to queue
[2026-06-04T14:17:47.551+0000] {logging_mixin.py:190} INFO - [2026-06-04T14:17:47.550+0000] {dagbag.py:588} INFO - Filling up the DagBag from /opt/airflow/dags/ehr_data_pipeline.py
[2026-06-04T14:17:47.566+0000] {processor.py:925} INFO - DAG(s) 'ehr_data_pipeline' retrieved from /opt/airflow/dags/ehr_data_pipeline.py
[2026-06-04T14:17:47.588+0000] {logging_mixin.py:190} INFO - [2026-06-04T14:17:47.588+0000] {dag.py:3239} INFO - Sync 1 DAGs
[2026-06-04T14:17:47.616+0000] {logging_mixin.py:190} INFO - [2026-06-04T14:17:47.615+0000] {dag.py:4180} INFO - Setting next_dagrun for ehr_data_pipeline to 2026-06-04 00:00:00+00:00, run_after=2026-06-05 00:00:00+00:00
[2026-06-04T14:17:47.641+0000] {processor.py:208} INFO - Processing /opt/airflow/dags/ehr_data_pipeline.py took 0.102 seconds
[2026-06-04T14:18:17.902+0000] {processor.py:186} INFO - Started process (PID=1824) to work on /opt/airflow/dags/ehr_data_pipeline.py
[2026-06-04T14:18:17.903+0000] {processor.py:914} INFO - Processing file /opt/airflow/dags/ehr_data_pipeline.py for tasks to queue
[2026-06-04T14:18:17.905+0000] {logging_mixin.py:190} INFO - [2026-06-04T14:18:17.905+0000] {dagbag.py:588} INFO - Filling up the DagBag from /opt/airflow/dags/ehr_data_pipeline.py
[2026-06-04T14:18:17.924+0000] {processor.py:925} INFO - DAG(s) 'ehr_data_pipeline' retrieved from /opt/airflow/dags/ehr_data_pipeline.py
[2026-06-04T14:18:17.948+0000] {logging_mixin.py:190} INFO - [2026-06-04T14:18:17.948+0000] {dag.py:3239} INFO - Sync 1 DAGs
[2026-06-04T14:18:17.977+0000] {logging_mixin.py:190} INFO - [2026-06-04T14:18:17.977+0000] {dag.py:4180} INFO - Setting next_dagrun for ehr_data_pipeline to 2026-06-04 00:00:00+00:00, run_after=2026-06-05 00:00:00+00:00
[2026-06-04T14:18:18.003+0000] {processor.py:208} INFO - Processing /opt/airflow/dags/ehr_data_pipeline.py took 0.108 seconds
[2026-06-04T14:18:48.259+0000] {processor.py:186} INFO - Started process (PID=1834) to work on /opt/airflow/dags/ehr_data_pipeline.py
[2026-06-04T14:18:48.260+0000] {processor.py:914} INFO - Processing file /opt/airflow/dags/ehr_data_pipeline.py for tasks to queue
[2026-06-04T14:18:48.262+0000] {logging_mixin.py:190} INFO - [2026-06-04T14:18:48.261+0000] {dagbag.py:588} INFO - Filling up the DagBag from /opt/airflow/dags/ehr_data_pipeline.py
[2026-06-04T14:18:48.277+0000] {processor.py:925} INFO - DAG(s) 'ehr_data_pipeline' retrieved from /opt/airflow/dags/ehr_data_pipeline.py
[2026-06-04T14:18:48.303+0000] {logging_mixin.py:190} INFO - [2026-06-04T14:18:48.303+0000] {dag.py:3239} INFO - Sync 1 DAGs
[2026-06-04T14:18:48.331+0000] {logging_mixin.py:190} INFO - [2026-06-04T14:18:48.331+0000] {dag.py:4180} INFO - Setting next_dagrun for ehr_data_pipeline to 2026-06-04 00:00:00+00:00, run_after=2026-06-05 00:00:00+00:00
[2026-06-04T14:18:48.362+0000] {processor.py:208} INFO - Processing /opt/airflow/dags/ehr_data_pipeline.py took 0.111 seconds
[2026-06-04T14:19:18.616+0000] {processor.py:186} INFO - Started process (PID=1844) to work on /opt/airflow/dags/ehr_data_pipeline.py
[2026-06-04T14:19:18.620+0000] {processor.py:914} INFO - Processing file /opt/airflow/dags/ehr_data_pipeline.py for tasks to queue
[2026-06-04T14:19:18.623+0000] {logging_mixin.py:190} INFO - [2026-06-04T14:19:18.622+0000] {dagbag.py:588} INFO - Filling up the DagBag from /opt/airflow/dags/ehr_data_pipeline.py
[2026-06-04T14:19:18.641+0000] {processor.py:925} INFO - DAG(s) 'ehr_data_pipeline' retrieved from /opt/airflow/dags/ehr_data_pipeline.py
[2026-06-04T14:19:18.667+0000] {logging_mixin.py:190} INFO - [2026-06-04T14:19:18.667+0000] {dag.py:3239} INFO - Sync 1 DAGs
[2026-06-04T14:19:18.696+0000] {logging_mixin.py:190} INFO - [2026-06-04T14:19:18.696+0000] {dag.py:4180} INFO - Setting next_dagrun for ehr_data_pipeline to 2026-06-04 00:00:00+00:00, run_after=2026-06-05 00:00:00+00:00
[2026-06-04T14:19:18.728+0000] {processor.py:208} INFO - Processing /opt/airflow/dags/ehr_data_pipeline.py took 0.119 seconds
[2026-06-04T14:19:49.007+0000] {processor.py:186} INFO - Started process (PID=1854) to work on /opt/airflow/dags/ehr_data_pipeline.py
[2026-06-04T14:19:49.009+0000] {processor.py:914} INFO - Processing file /opt/airflow/dags/ehr_data_pipeline.py for tasks to queue
[2026-06-04T14:19:49.011+0000] {logging_mixin.py:190} INFO - [2026-06-04T14:19:49.011+0000] {dagbag.py:588} INFO - Filling up the DagBag from /opt/airflow/dags/ehr_data_pipeline.py
[2026-06-04T14:19:49.031+0000] {processor.py:925} INFO - DAG(s) 'ehr_data_pipeline' retrieved from /opt/airflow/dags/ehr_data_pipeline.py
[2026-06-04T14:19:49.057+0000] {logging_mixin.py:190} INFO - [2026-06-04T14:19:49.056+0000] {dag.py:3239} INFO - Sync 1 DAGs
[2026-06-04T14:19:49.087+0000] {logging_mixin.py:190} INFO - [2026-06-04T14:19:49.087+0000] {dag.py:4180} INFO - Setting next_dagrun for ehr_data_pipeline to 2026-06-04 00:00:00+00:00, run_after=2026-06-05 00:00:00+00:00
[2026-06-04T14:19:49.112+0000] {processor.py:208} INFO - Processing /opt/airflow/dags/ehr_data_pipeline.py took 0.115 seconds
[2026-06-04T14:20:19.369+0000] {processor.py:186} INFO - Started process (PID=1864) to work on /opt/airflow/dags/ehr_data_pipeline.py
[2026-06-04T14:20:19.370+0000] {processor.py:914} INFO - Processing file /opt/airflow/dags/ehr_data_pipeline.py for tasks to queue
[2026-06-04T14:20:19.372+0000] {logging_mixin.py:190} INFO - [2026-06-04T14:20:19.372+0000] {dagbag.py:588} INFO - Filling up the DagBag from /opt/airflow/dags/ehr_data_pipeline.py
[2026-06-04T14:20:19.390+0000] {processor.py:925} INFO - DAG(s) 'ehr_data_pipeline' retrieved from /opt/airflow/dags/ehr_data_pipeline.py
[2026-06-04T14:20:19.415+0000] {logging_mixin.py:190} INFO - [2026-06-04T14:20:19.415+0000] {dag.py:3239} INFO - Sync 1 DAGs
[2026-06-04T14:20:19.444+0000] {logging_mixin.py:190} INFO - [2026-06-04T14:20:19.444+0000] {dag.py:4180} INFO - Setting next_dagrun for ehr_data_pipeline to 2026-06-04 00:00:00+00:00, run_after=2026-06-05 00:00:00+00:00
[2026-06-04T14:20:19.476+0000] {processor.py:208} INFO - Processing /opt/airflow/dags/ehr_data_pipeline.py took 0.115 seconds
[2026-06-04T14:20:49.756+0000] {processor.py:186} INFO - Started process (PID=1874) to work on /opt/airflow/dags/ehr_data_pipeline.py
[2026-06-04T14:20:49.758+0000] {processor.py:914} INFO - Processing file /opt/airflow/dags/ehr_data_pipeline.py for tasks to queue
[2026-06-04T14:20:49.760+0000] {logging_mixin.py:190} INFO - [2026-06-04T14:20:49.759+0000] {dagbag.py:588} INFO - Filling up the DagBag from /opt/airflow/dags/ehr_data_pipeline.py
[2026-06-04T14:20:49.779+0000] {processor.py:925} INFO - DAG(s) 'ehr_data_pipeline' retrieved from /opt/airflow/dags/ehr_data_pipeline.py
[2026-06-04T14:20:49.804+0000] {logging_mixin.py:190} INFO - [2026-06-04T14:20:49.803+0000] {dag.py:3239} INFO - Sync 1 DAGs
[2026-06-04T14:20:49.833+0000] {logging_mixin.py:190} INFO - [2026-06-04T14:20:49.833+0000] {dag.py:4180} INFO - Setting next_dagrun for ehr_data_pipeline to 2026-06-04 00:00:00+00:00, run_after=2026-06-05 00:00:00+00:00
[2026-06-04T14:20:49.867+0000] {processor.py:208} INFO - Processing /opt/airflow/dags/ehr_data_pipeline.py took 0.118 seconds
[2026-06-04T14:21:20.128+0000] {processor.py:186} INFO - Started process (PID=1884) to work on /opt/airflow/dags/ehr_data_pipeline.py
[2026-06-04T14:21:20.132+0000] {processor.py:914} INFO - Processing file /opt/airflow/dags/ehr_data_pipeline.py for tasks to queue
[2026-06-04T14:21:20.135+0000] {logging_mixin.py:190} INFO - [2026-06-04T14:21:20.134+0000] {dagbag.py:588} INFO - Filling up the DagBag from /opt/airflow/dags/ehr_data_pipeline.py
[2026-06-04T14:21:20.153+0000] {processor.py:925} INFO - DAG(s) 'ehr_data_pipeline' retrieved from /opt/airflow/dags/ehr_data_pipeline.py
[2026-06-04T14:21:20.177+0000] {logging_mixin.py:190} INFO - [2026-06-04T14:21:20.176+0000] {dag.py:3239} INFO - Sync 1 DAGs
[2026-06-04T14:21:20.204+0000] {logging_mixin.py:190} INFO - [2026-06-04T14:21:20.204+0000] {dag.py:4180} INFO - Setting next_dagrun for ehr_data_pipeline to 2026-06-04 00:00:00+00:00, run_after=2026-06-05 00:00:00+00:00
[2026-06-04T14:21:20.227+0000] {processor.py:208} INFO - Processing /opt/airflow/dags/ehr_data_pipeline.py took 0.106 seconds
[2026-06-04T14:21:50.476+0000] {processor.py:186} INFO - Started process (PID=1894) to work on /opt/airflow/dags/ehr_data_pipeline.py
[2026-06-04T14:21:50.481+0000] {processor.py:914} INFO - Processing file /opt/airflow/dags/ehr_data_pipeline.py for tasks to queue
[2026-06-04T14:21:50.483+0000] {logging_mixin.py:190} INFO - [2026-06-04T14:21:50.483+0000] {dagbag.py:588} INFO - Filling up the DagBag from /opt/airflow/dags/ehr_data_pipeline.py
[2026-06-04T14:21:50.555+0000] {processor.py:925} INFO - DAG(s) 'ehr_data_pipeline' retrieved from /opt/airflow/dags/ehr_data_pipeline.py
[2026-06-04T14:21:50.576+0000] {logging_mixin.py:190} INFO - [2026-06-04T14:21:50.576+0000] {dag.py:3239} INFO - Sync 1 DAGs
[2026-06-04T14:21:50.600+0000] {logging_mixin.py:190} INFO - [2026-06-04T14:21:50.599+0000] {dag.py:4180} INFO - Setting next_dagrun for ehr_data_pipeline to 2026-06-04 00:00:00+00:00, run_after=2026-06-05 00:00:00+00:00
[2026-06-04T14:21:50.618+0000] {processor.py:208} INFO - Processing /opt/airflow/dags/ehr_data_pipeline.py took 0.148 seconds
[2026-06-04T14:22:20.998+0000] {processor.py:186} INFO - Started process (PID=1904) to work on /opt/airflow/dags/ehr_data_pipeline.py
[2026-06-04T14:22:21.002+0000] {processor.py:914} INFO - Processing file /opt/airflow/dags/ehr_data_pipeline.py for tasks to queue
[2026-06-04T14:22:21.010+0000] {logging_mixin.py:190} INFO - [2026-06-04T14:22:21.009+0000] {dagbag.py:588} INFO - Filling up the DagBag from /opt/airflow/dags/ehr_data_pipeline.py
[2026-06-04T14:22:21.249+0000] {processor.py:925} INFO - DAG(s) 'ehr_data_pipeline' retrieved from /opt/airflow/dags/ehr_data_pipeline.py
[2026-06-04T14:22:21.547+0000] {logging_mixin.py:190} INFO - [2026-06-04T14:22:21.543+0000] {dag.py:3239} INFO - Sync 1 DAGs
[2026-06-04T14:22:21.940+0000] {logging_mixin.py:190} INFO - [2026-06-04T14:22:21.940+0000] {dag.py:4180} INFO - Setting next_dagrun for ehr_data_pipeline to 2026-06-04 00:00:00+00:00, run_after=2026-06-05 00:00:00+00:00
[2026-06-04T14:22:22.056+0000] {processor.py:208} INFO - Processing /opt/airflow/dags/ehr_data_pipeline.py took 1.113 seconds
[2026-06-04T14:22:52.334+0000] {processor.py:186} INFO - Started process (PID=1914) to work on /opt/airflow/dags/ehr_data_pipeline.py
[2026-06-04T14:22:52.335+0000] {processor.py:914} INFO - Processing file /opt/airflow/dags/ehr_data_pipeline.py for tasks to queue
[2026-06-04T14:22:52.337+0000] {logging_mixin.py:190} INFO - [2026-06-04T14:22:52.337+0000] {dagbag.py:588} INFO - Filling up the DagBag from /opt/airflow/dags/ehr_data_pipeline.py
[2026-06-04T14:22:52.356+0000] {processor.py:925} INFO - DAG(s) 'ehr_data_pipeline' retrieved from /opt/airflow/dags/ehr_data_pipeline.py
[2026-06-04T14:22:52.385+0000] {logging_mixin.py:190} INFO - [2026-06-04T14:22:52.385+0000] {dag.py:3239} INFO - Sync 1 DAGs
[2026-06-04T14:22:52.445+0000] {logging_mixin.py:190} INFO - [2026-06-04T14:22:52.445+0000] {dag.py:4180} INFO - Setting next_dagrun for ehr_data_pipeline to 2026-06-04 00:00:00+00:00, run_after=2026-06-05 00:00:00+00:00
[2026-06-04T14:22:52.475+0000] {processor.py:208} INFO - Processing /opt/airflow/dags/ehr_data_pipeline.py took 0.153 seconds
[2026-06-04T14:23:22.634+0000] {processor.py:186} INFO - Started process (PID=1924) to work on /opt/airflow/dags/ehr_data_pipeline.py
[2026-06-04T14:23:22.635+0000] {processor.py:914} INFO - Processing file /opt/airflow/dags/ehr_data_pipeline.py for tasks to queue
[2026-06-04T14:23:22.636+0000] {logging_mixin.py:190} INFO - [2026-06-04T14:23:22.636+0000] {dagbag.py:588} INFO - Filling up the DagBag from /opt/airflow/dags/ehr_data_pipeline.py
[2026-06-04T14:23:22.649+0000] {processor.py:925} INFO - DAG(s) 'ehr_data_pipeline' retrieved from /opt/airflow/dags/ehr_data_pipeline.py
[2026-06-04T14:23:22.672+0000] {logging_mixin.py:190} INFO - [2026-06-04T14:23:22.671+0000] {dag.py:3239} INFO - Sync 1 DAGs
[2026-06-04T14:23:22.700+0000] {logging_mixin.py:190} INFO - [2026-06-04T14:23:22.700+0000] {dag.py:4180} INFO - Setting next_dagrun for ehr_data_pipeline to 2026-06-04 00:00:00+00:00, run_after=2026-06-05 00:00:00+00:00
[2026-06-04T14:23:22.717+0000] {processor.py:208} INFO - Processing /opt/airflow/dags/ehr_data_pipeline.py took 0.087 seconds
[2026-06-04T14:23:52.892+0000] {processor.py:186} INFO - Started process (PID=1934) to work on /opt/airflow/dags/ehr_data_pipeline.py
[2026-06-04T14:23:52.893+0000] {processor.py:914} INFO - Processing file /opt/airflow/dags/ehr_data_pipeline.py for tasks to queue
[2026-06-04T14:23:52.895+0000] {logging_mixin.py:190} INFO - [2026-06-04T14:23:52.895+0000] {dagbag.py:588} INFO - Filling up the DagBag from /opt/airflow/dags/ehr_data_pipeline.py
[2026-06-04T14:23:52.924+0000] {processor.py:925} INFO - DAG(s) 'ehr_data_pipeline' retrieved from /opt/airflow/dags/ehr_data_pipeline.py
[2026-06-04T14:23:52.951+0000] {logging_mixin.py:190} INFO - [2026-06-04T14:23:52.951+0000] {dag.py:3239} INFO - Sync 1 DAGs
[2026-06-04T14:23:52.982+0000] {logging_mixin.py:190} INFO - [2026-06-04T14:23:52.982+0000] {dag.py:4180} INFO - Setting next_dagrun for ehr_data_pipeline to 2026-06-04 00:00:00+00:00, run_after=2026-06-05 00:00:00+00:00
[2026-06-04T14:23:53.013+0000] {processor.py:208} INFO - Processing /opt/airflow/dags/ehr_data_pipeline.py took 0.128 seconds
[2026-06-04T14:24:23.220+0000] {processor.py:186} INFO - Started process (PID=1944) to work on /opt/airflow/dags/ehr_data_pipeline.py
[2026-06-04T14:24:23.222+0000] {processor.py:914} INFO - Processing file /opt/airflow/dags/ehr_data_pipeline.py for tasks to queue
[2026-06-04T14:24:23.224+0000] {logging_mixin.py:190} INFO - [2026-06-04T14:24:23.223+0000] {dagbag.py:588} INFO - Filling up the DagBag from /opt/airflow/dags/ehr_data_pipeline.py
[2026-06-04T14:24:23.240+0000] {processor.py:925} INFO - DAG(s) 'ehr_data_pipeline' retrieved from /opt/airflow/dags/ehr_data_pipeline.py
[2026-06-04T14:24:23.277+0000] {logging_mixin.py:190} INFO - [2026-06-04T14:24:23.277+0000] {dag.py:3239} INFO - Sync 1 DAGs
[2026-06-04T14:24:23.298+0000] {logging_mixin.py:190} INFO - [2026-06-04T14:24:23.297+0000] {dag.py:4180} INFO - Setting next_dagrun for ehr_data_pipeline to 2026-06-04 00:00:00+00:00, run_after=2026-06-05 00:00:00+00:00
[2026-06-04T14:24:23.315+0000] {processor.py:208} INFO - Processing /opt/airflow/dags/ehr_data_pipeline.py took 0.099 seconds
[2026-06-04T14:24:53.481+0000] {processor.py:186} INFO - Started process (PID=1954) to work on /opt/airflow/dags/ehr_data_pipeline.py
[2026-06-04T14:24:53.483+0000] {processor.py:914} INFO - Processing file /opt/airflow/dags/ehr_data_pipeline.py for tasks to queue
[2026-06-04T14:24:53.486+0000] {logging_mixin.py:190} INFO - [2026-06-04T14:24:53.485+0000] {dagbag.py:588} INFO - Filling up the DagBag from /opt/airflow/dags/ehr_data_pipeline.py
[2026-06-04T14:24:53.504+0000] {processor.py:925} INFO - DAG(s) 'ehr_data_pipeline' retrieved from /opt/airflow/dags/ehr_data_pipeline.py
[2026-06-04T14:24:53.540+0000] {logging_mixin.py:190} INFO - [2026-06-04T14:24:53.540+0000] {dag.py:3239} INFO - Sync 1 DAGs
[2026-06-04T14:24:53.584+0000] {logging_mixin.py:190} INFO - [2026-06-04T14:24:53.584+0000] {dag.py:4180} INFO - Setting next_dagrun for ehr_data_pipeline to 2026-06-04 00:00:00+00:00, run_after=2026-06-05 00:00:00+00:00
[2026-06-04T14:24:53.608+0000] {processor.py:208} INFO - Processing /opt/airflow/dags/ehr_data_pipeline.py took 0.132 seconds
[2026-06-04T14:25:23.715+0000] {processor.py:186} INFO - Started process (PID=1964) to work on /opt/airflow/dags/ehr_data_pipeline.py
[2026-06-04T14:25:23.716+0000] {processor.py:914} INFO - Processing file /opt/airflow/dags/ehr_data_pipeline.py for tasks to queue
[2026-06-04T14:25:23.719+0000] {logging_mixin.py:190} INFO - [2026-06-04T14:25:23.718+0000] {dagbag.py:588} INFO - Filling up the DagBag from /opt/airflow/dags/ehr_data_pipeline.py
[2026-06-04T14:25:23.740+0000] {processor.py:925} INFO - DAG(s) 'ehr_data_pipeline' retrieved from /opt/airflow/dags/ehr_data_pipeline.py
[2026-06-04T14:25:23.770+0000] {logging_mixin.py:190} INFO - [2026-06-04T14:25:23.769+0000] {dag.py:3239} INFO - Sync 1 DAGs
[2026-06-04T14:25:23.801+0000] {logging_mixin.py:190} INFO - [2026-06-04T14:25:23.800+0000] {dag.py:4180} INFO - Setting next_dagrun for ehr_data_pipeline to 2026-06-04 00:00:00+00:00, run_after=2026-06-05 00:00:00+00:00
[2026-06-04T14:25:23.828+0000] {processor.py:208} INFO - Processing /opt/airflow/dags/ehr_data_pipeline.py took 0.122 seconds
[2026-06-04T14:25:54.091+0000] {processor.py:186} INFO - Started process (PID=1974) to work on /opt/airflow/dags/ehr_data_pipeline.py
[2026-06-04T14:25:54.093+0000] {processor.py:914} INFO - Processing file /opt/airflow/dags/ehr_data_pipeline.py for tasks to queue
[2026-06-04T14:25:54.095+0000] {logging_mixin.py:190} INFO - [2026-06-04T14:25:54.094+0000] {dagbag.py:588} INFO - Filling up the DagBag from /opt/airflow/dags/ehr_data_pipeline.py
[2026-06-04T14:25:54.112+0000] {processor.py:925} INFO - DAG(s) 'ehr_data_pipeline' retrieved from /opt/airflow/dags/ehr_data_pipeline.py
[2026-06-04T14:25:54.137+0000] {logging_mixin.py:190} INFO - [2026-06-04T14:25:54.136+0000] {dag.py:3239} INFO - Sync 1 DAGs
[2026-06-04T14:25:54.172+0000] {logging_mixin.py:190} INFO - [2026-06-04T14:25:54.172+0000] {dag.py:4180} INFO - Setting next_dagrun for ehr_data_pipeline to 2026-06-04 00:00:00+00:00, run_after=2026-06-05 00:00:00+00:00
[2026-06-04T14:25:54.198+0000] {processor.py:208} INFO - Processing /opt/airflow/dags/ehr_data_pipeline.py took 0.115 seconds
[2026-06-04T14:26:24.460+0000] {processor.py:186} INFO - Started process (PID=1984) to work on /opt/airflow/dags/ehr_data_pipeline.py
[2026-06-04T14:26:24.461+0000] {processor.py:914} INFO - Processing file /opt/airflow/dags/ehr_data_pipeline.py for tasks to queue
[2026-06-04T14:26:24.463+0000] {logging_mixin.py:190} INFO - [2026-06-04T14:26:24.462+0000] {dagbag.py:588} INFO - Filling up the DagBag from /opt/airflow/dags/ehr_data_pipeline.py
[2026-06-04T14:26:24.477+0000] {processor.py:925} INFO - DAG(s) 'ehr_data_pipeline' retrieved from /opt/airflow/dags/ehr_data_pipeline.py
[2026-06-04T14:26:24.499+0000] {logging_mixin.py:190} INFO - [2026-06-04T14:26:24.498+0000] {dag.py:3239} INFO - Sync 1 DAGs
[2026-06-04T14:26:24.528+0000] {logging_mixin.py:190} INFO - [2026-06-04T14:26:24.528+0000] {dag.py:4180} INFO - Setting next_dagrun for ehr_data_pipeline to 2026-06-04 00:00:00+00:00, run_after=2026-06-05 00:00:00+00:00
[2026-06-04T14:26:24.556+0000] {processor.py:208} INFO - Processing /opt/airflow/dags/ehr_data_pipeline.py took 0.103 seconds
[2026-06-04T14:26:54.799+0000] {processor.py:186} INFO - Started process (PID=1994) to work on /opt/airflow/dags/ehr_data_pipeline.py
[2026-06-04T14:27:00.509+0000] {processor.py:914} INFO - Processing file /opt/airflow/dags/ehr_data_pipeline.py for tasks to queue
[2026-06-04T14:27:00.512+0000] {logging_mixin.py:190} INFO - [2026-06-04T14:27:00.511+0000] {dagbag.py:588} INFO - Filling up the DagBag from /opt/airflow/dags/ehr_data_pipeline.py
[2026-06-04T14:27:00.545+0000] {processor.py:925} INFO - DAG(s) 'ehr_data_pipeline' retrieved from /opt/airflow/dags/ehr_data_pipeline.py
[2026-06-04T14:27:00.590+0000] {logging_mixin.py:190} INFO - [2026-06-04T14:27:00.589+0000] {dag.py:3239} INFO - Sync 1 DAGs
[2026-06-04T14:27:00.640+0000] {logging_mixin.py:190} INFO - [2026-06-04T14:27:00.640+0000] {dag.py:4180} INFO - Setting next_dagrun for ehr_data_pipeline to 2026-06-04 00:00:00+00:00, run_after=2026-06-05 00:00:00+00:00
[2026-06-04T14:27:00.667+0000] {processor.py:208} INFO - Processing /opt/airflow/dags/ehr_data_pipeline.py took 5.875 seconds
[2026-06-04T14:27:31.349+0000] {processor.py:186} INFO - Started process (PID=2004) to work on /opt/airflow/dags/ehr_data_pipeline.py
[2026-06-04T14:27:31.351+0000] {processor.py:914} INFO - Processing file /opt/airflow/dags/ehr_data_pipeline.py for tasks to queue
[2026-06-04T14:27:31.353+0000] {logging_mixin.py:190} INFO - [2026-06-04T14:27:31.352+0000] {dagbag.py:588} INFO - Filling up the DagBag from /opt/airflow/dags/ehr_data_pipeline.py
[2026-06-04T14:27:31.527+0000] {processor.py:925} INFO - DAG(s) 'ehr_data_pipeline' retrieved from /opt/airflow/dags/ehr_data_pipeline.py
[2026-06-04T14:27:31.543+0000] {logging_mixin.py:190} INFO - [2026-06-04T14:27:31.543+0000] {dag.py:3239} INFO - Sync 1 DAGs
[2026-06-04T14:27:31.563+0000] {logging_mixin.py:190} INFO - [2026-06-04T14:27:31.563+0000] {dag.py:4180} INFO - Setting next_dagrun for ehr_data_pipeline to 2026-06-04 00:00:00+00:00, run_after=2026-06-05 00:00:00+00:00
[2026-06-04T14:27:31.589+0000] {processor.py:208} INFO - Processing /opt/airflow/dags/ehr_data_pipeline.py took 0.246 seconds
[2026-06-04T14:28:01.874+0000] {processor.py:186} INFO - Started process (PID=2014) to work on /opt/airflow/dags/ehr_data_pipeline.py
[2026-06-04T14:28:01.880+0000] {processor.py:914} INFO - Processing file /opt/airflow/dags/ehr_data_pipeline.py for tasks to queue
[2026-06-04T14:28:01.883+0000] {logging_mixin.py:190} INFO - [2026-06-04T14:28:01.883+0000] {dagbag.py:588} INFO - Filling up the DagBag from /opt/airflow/dags/ehr_data_pipeline.py
[2026-06-04T14:28:01.907+0000] {processor.py:925} INFO - DAG(s) 'ehr_data_pipeline' retrieved from /opt/airflow/dags/ehr_data_pipeline.py
[2026-06-04T14:28:01.936+0000] {logging_mixin.py:190} INFO - [2026-06-04T14:28:01.936+0000] {dag.py:3239} INFO - Sync 1 DAGs
[2026-06-04T14:28:01.968+0000] {logging_mixin.py:190} INFO - [2026-06-04T14:28:01.968+0000] {dag.py:4180} INFO - Setting next_dagrun for ehr_data_pipeline to 2026-06-04 00:00:00+00:00, run_after=2026-06-05 00:00:00+00:00
[2026-06-04T14:28:01.996+0000] {processor.py:208} INFO - Processing /opt/airflow/dags/ehr_data_pipeline.py took 0.130 seconds
[2026-06-04T14:28:27.239+0000] {processor.py:186} INFO - Started process (PID=2024) to work on /opt/airflow/dags/ehr_data_pipeline.py
[2026-06-04T14:28:27.241+0000] {processor.py:914} INFO - Processing file /opt/airflow/dags/ehr_data_pipeline.py for tasks to queue
[2026-06-04T14:28:27.243+0000] {logging_mixin.py:190} INFO - [2026-06-04T14:28:27.242+0000] {dagbag.py:588} INFO - Filling up the DagBag from /opt/airflow/dags/ehr_data_pipeline.py
[2026-06-04T14:28:27.261+0000] {processor.py:925} INFO - DAG(s) 'ehr_data_pipeline' retrieved from /opt/airflow/dags/ehr_data_pipeline.py
[2026-06-04T14:28:27.284+0000] {logging_mixin.py:190} INFO - [2026-06-04T14:28:27.284+0000] {dag.py:3239} INFO - Sync 1 DAGs
[2026-06-04T14:28:27.312+0000] {logging_mixin.py:190} INFO - [2026-06-04T14:28:27.312+0000] {dag.py:4180} INFO - Setting next_dagrun for ehr_data_pipeline to 2026-06-04 00:00:00+00:00, run_after=2026-06-05 00:00:00+00:00
[2026-06-04T14:28:27.334+0000] {processor.py:208} INFO - Processing /opt/airflow/dags/ehr_data_pipeline.py took 0.102 seconds
[2026-06-04T14:28:57.532+0000] {processor.py:186} INFO - Started process (PID=2443) to work on /opt/airflow/dags/ehr_data_pipeline.py
[2026-06-04T14:28:57.534+0000] {processor.py:914} INFO - Processing file /opt/airflow/dags/ehr_data_pipeline.py for tasks to queue
[2026-06-04T14:28:57.536+0000] {logging_mixin.py:190} INFO - [2026-06-04T14:28:57.535+0000] {dagbag.py:588} INFO - Filling up the DagBag from /opt/airflow/dags/ehr_data_pipeline.py
[2026-06-04T14:28:57.567+0000] {processor.py:925} INFO - DAG(s) 'ehr_data_pipeline' retrieved from /opt/airflow/dags/ehr_data_pipeline.py
[2026-06-04T14:28:57.592+0000] {logging_mixin.py:190} INFO - [2026-06-04T14:28:57.592+0000] {dag.py:3239} INFO - Sync 1 DAGs
[2026-06-04T14:28:57.622+0000] {logging_mixin.py:190} INFO - [2026-06-04T14:28:57.622+0000] {dag.py:4180} INFO - Setting next_dagrun for ehr_data_pipeline to 2026-06-04 00:00:00+00:00, run_after=2026-06-05 00:00:00+00:00
[2026-06-04T14:28:57.652+0000] {processor.py:208} INFO - Processing /opt/airflow/dags/ehr_data_pipeline.py took 0.125 seconds
[2026-06-04T14:29:27.904+0000] {processor.py:186} INFO - Started process (PID=2740) to work on /opt/airflow/dags/ehr_data_pipeline.py
[2026-06-04T14:29:27.905+0000] {processor.py:914} INFO - Processing file /opt/airflow/dags/ehr_data_pipeline.py for tasks to queue
[2026-06-04T14:29:27.907+0000] {logging_mixin.py:190} INFO - [2026-06-04T14:29:27.907+0000] {dagbag.py:588} INFO - Filling up the DagBag from /opt/airflow/dags/ehr_data_pipeline.py
[2026-06-04T14:29:27.965+0000] {processor.py:925} INFO - DAG(s) 'ehr_data_pipeline' retrieved from /opt/airflow/dags/ehr_data_pipeline.py
[2026-06-04T14:29:28.011+0000] {logging_mixin.py:190} INFO - [2026-06-04T14:29:28.011+0000] {dag.py:3239} INFO - Sync 1 DAGs
[2026-06-04T14:29:28.057+0000] {logging_mixin.py:190} INFO - [2026-06-04T14:29:28.057+0000] {dag.py:4180} INFO - Setting next_dagrun for ehr_data_pipeline to 2026-06-04 00:00:00+00:00, run_after=2026-06-05 00:00:00+00:00
[2026-06-04T14:29:28.086+0000] {processor.py:208} INFO - Processing /opt/airflow/dags/ehr_data_pipeline.py took 0.188 seconds
[2026-06-04T14:29:58.266+0000] {processor.py:186} INFO - Started process (PID=2805) to work on /opt/airflow/dags/ehr_data_pipeline.py
[2026-06-04T14:29:58.271+0000] {processor.py:914} INFO - Processing file /opt/airflow/dags/ehr_data_pipeline.py for tasks to queue
[2026-06-04T14:29:58.273+0000] {logging_mixin.py:190} INFO - [2026-06-04T14:29:58.273+0000] {dagbag.py:588} INFO - Filling up the DagBag from /opt/airflow/dags/ehr_data_pipeline.py
[2026-06-04T14:29:58.291+0000] {processor.py:925} INFO - DAG(s) 'ehr_data_pipeline' retrieved from /opt/airflow/dags/ehr_data_pipeline.py
[2026-06-04T14:29:58.315+0000] {logging_mixin.py:190} INFO - [2026-06-04T14:29:58.315+0000] {dag.py:3239} INFO - Sync 1 DAGs
[2026-06-04T14:29:58.340+0000] {logging_mixin.py:190} INFO - [2026-06-04T14:29:58.340+0000] {dag.py:4180} INFO - Setting next_dagrun for ehr_data_pipeline to 2026-06-04 00:00:00+00:00, run_after=2026-06-05 00:00:00+00:00
[2026-06-04T14:29:58.359+0000] {processor.py:208} INFO - Processing /opt/airflow/dags/ehr_data_pipeline.py took 0.100 seconds
[2026-06-04T14:30:28.602+0000] {processor.py:186} INFO - Started process (PID=2818) to work on /opt/airflow/dags/ehr_data_pipeline.py
[2026-06-04T14:30:28.603+0000] {processor.py:914} INFO - Processing file /opt/airflow/dags/ehr_data_pipeline.py for tasks to queue
[2026-06-04T14:30:28.606+0000] {logging_mixin.py:190} INFO - [2026-06-04T14:30:28.605+0000] {dagbag.py:588} INFO - Filling up the DagBag from /opt/airflow/dags/ehr_data_pipeline.py
[2026-06-04T14:30:28.623+0000] {processor.py:925} INFO - DAG(s) 'ehr_data_pipeline' retrieved from /opt/airflow/dags/ehr_data_pipeline.py
[2026-06-04T14:30:28.648+0000] {logging_mixin.py:190} INFO - [2026-06-04T14:30:28.648+0000] {dag.py:3239} INFO - Sync 1 DAGs
[2026-06-04T14:30:28.678+0000] {logging_mixin.py:190} INFO - [2026-06-04T14:30:28.678+0000] {dag.py:4180} INFO - Setting next_dagrun for ehr_data_pipeline to 2026-06-04 00:00:00+00:00, run_after=2026-06-05 00:00:00+00:00
[2026-06-04T14:30:28.698+0000] {processor.py:208} INFO - Processing /opt/airflow/dags/ehr_data_pipeline.py took 0.104 seconds
[2026-06-04T14:30:58.886+0000] {processor.py:186} INFO - Started process (PID=2835) to work on /opt/airflow/dags/ehr_data_pipeline.py
[2026-06-04T14:30:58.888+0000] {processor.py:914} INFO - Processing file /opt/airflow/dags/ehr_data_pipeline.py for tasks to queue
[2026-06-04T14:30:58.890+0000] {logging_mixin.py:190} INFO - [2026-06-04T14:30:58.889+0000] {dagbag.py:588} INFO - Filling up the DagBag from /opt/airflow/dags/ehr_data_pipeline.py
[2026-06-04T14:30:58.907+0000] {processor.py:925} INFO - DAG(s) 'ehr_data_pipeline' retrieved from /opt/airflow/dags/ehr_data_pipeline.py
[2026-06-04T14:30:58.930+0000] {logging_mixin.py:190} INFO - [2026-06-04T14:30:58.930+0000] {dag.py:3239} INFO - Sync 1 DAGs
[2026-06-04T14:30:58.959+0000] {logging_mixin.py:190} INFO - [2026-06-04T14:30:58.959+0000] {dag.py:4180} INFO - Setting next_dagrun for ehr_data_pipeline to 2026-06-04 00:00:00+00:00, run_after=2026-06-05 00:00:00+00:00
[2026-06-04T14:30:58.981+0000] {processor.py:208} INFO - Processing /opt/airflow/dags/ehr_data_pipeline.py took 0.111 seconds
[2026-06-04T14:31:29.037+0000] {processor.py:186} INFO - Started process (PID=3070) to work on /opt/airflow/dags/ehr_data_pipeline.py
[2026-06-04T14:31:29.134+0000] {processor.py:914} INFO - Processing file /opt/airflow/dags/ehr_data_pipeline.py for tasks to queue
[2026-06-04T14:31:29.139+0000] {logging_mixin.py:190} INFO - [2026-06-04T14:31:29.138+0000] {dagbag.py:588} INFO - Filling up the DagBag from /opt/airflow/dags/ehr_data_pipeline.py
[2026-06-04T14:31:29.182+0000] {processor.py:925} INFO - DAG(s) 'ehr_data_pipeline' retrieved from /opt/airflow/dags/ehr_data_pipeline.py
[2026-06-04T14:31:29.218+0000] {logging_mixin.py:190} INFO - [2026-06-04T14:31:29.217+0000] {dag.py:3239} INFO - Sync 1 DAGs
[2026-06-04T14:31:29.251+0000] {logging_mixin.py:190} INFO - [2026-06-04T14:31:29.250+0000] {dag.py:4180} INFO - Setting next_dagrun for ehr_data_pipeline to 2026-06-04 00:00:00+00:00, run_after=2026-06-05 00:00:00+00:00
[2026-06-04T14:31:29.277+0000] {processor.py:208} INFO - Processing /opt/airflow/dags/ehr_data_pipeline.py took 0.246 seconds
[2026-06-04T14:31:59.361+0000] {processor.py:186} INFO - Started process (PID=3263) to work on /opt/airflow/dags/ehr_data_pipeline.py
[2026-06-04T14:31:59.367+0000] {processor.py:914} INFO - Processing file /opt/airflow/dags/ehr_data_pipeline.py for tasks to queue
[2026-06-04T14:31:59.369+0000] {logging_mixin.py:190} INFO - [2026-06-04T14:31:59.369+0000] {dagbag.py:588} INFO - Filling up the DagBag from /opt/airflow/dags/ehr_data_pipeline.py
[2026-06-04T14:31:59.387+0000] {processor.py:925} INFO - DAG(s) 'ehr_data_pipeline' retrieved from /opt/airflow/dags/ehr_data_pipeline.py
[2026-06-04T14:31:59.426+0000] {logging_mixin.py:190} INFO - [2026-06-04T14:31:59.426+0000] {dag.py:3239} INFO - Sync 1 DAGs
[2026-06-04T14:31:59.455+0000] {logging_mixin.py:190} INFO - [2026-06-04T14:31:59.455+0000] {dag.py:4180} INFO - Setting next_dagrun for ehr_data_pipeline to 2026-06-04 00:00:00+00:00, run_after=2026-06-05 00:00:00+00:00
[2026-06-04T14:31:59.480+0000] {processor.py:208} INFO - Processing /opt/airflow/dags/ehr_data_pipeline.py took 0.126 seconds
[2026-06-04T14:32:29.703+0000] {processor.py:186} INFO - Started process (PID=3595) to work on /opt/airflow/dags/ehr_data_pipeline.py
[2026-06-04T14:32:29.704+0000] {processor.py:914} INFO - Processing file /opt/airflow/dags/ehr_data_pipeline.py for tasks to queue
[2026-06-04T14:32:29.706+0000] {logging_mixin.py:190} INFO - [2026-06-04T14:32:29.706+0000] {dagbag.py:588} INFO - Filling up the DagBag from /opt/airflow/dags/ehr_data_pipeline.py
[2026-06-04T14:32:29.740+0000] {processor.py:925} INFO - DAG(s) 'ehr_data_pipeline' retrieved from /opt/airflow/dags/ehr_data_pipeline.py
[2026-06-04T14:32:29.773+0000] {logging_mixin.py:190} INFO - [2026-06-04T14:32:29.773+0000] {dag.py:3239} INFO - Sync 1 DAGs
[2026-06-04T14:32:29.803+0000] {logging_mixin.py:190} INFO - [2026-06-04T14:32:29.803+0000] {dag.py:4180} INFO - Setting next_dagrun for ehr_data_pipeline to 2026-06-04 00:00:00+00:00, run_after=2026-06-05 00:00:00+00:00
[2026-06-04T14:32:29.824+0000] {processor.py:208} INFO - Processing /opt/airflow/dags/ehr_data_pipeline.py took 0.128 seconds
[2026-06-04T14:32:59.988+0000] {processor.py:186} INFO - Started process (PID=3695) to work on /opt/airflow/dags/ehr_data_pipeline.py
[2026-06-04T14:32:59.990+0000] {processor.py:914} INFO - Processing file /opt/airflow/dags/ehr_data_pipeline.py for tasks to queue
[2026-06-04T14:32:59.992+0000] {logging_mixin.py:190} INFO - [2026-06-04T14:32:59.991+0000] {dagbag.py:588} INFO - Filling up the DagBag from /opt/airflow/dags/ehr_data_pipeline.py
[2026-06-04T14:33:00.037+0000] {processor.py:925} INFO - DAG(s) 'ehr_data_pipeline' retrieved from /opt/airflow/dags/ehr_data_pipeline.py
[2026-06-04T14:33:00.070+0000] {logging_mixin.py:190} INFO - [2026-06-04T14:33:00.069+0000] {dag.py:3239} INFO - Sync 1 DAGs
[2026-06-04T14:33:00.104+0000] {logging_mixin.py:190} INFO - [2026-06-04T14:33:00.104+0000] {dag.py:4180} INFO - Setting next_dagrun for ehr_data_pipeline to 2026-06-04 00:00:00+00:00, run_after=2026-06-05 00:00:00+00:00
[2026-06-04T14:33:00.135+0000] {processor.py:208} INFO - Processing /opt/airflow/dags/ehr_data_pipeline.py took 0.154 seconds
[2026-06-04T14:33:30.267+0000] {processor.py:186} INFO - Started process (PID=3768) to work on /opt/airflow/dags/ehr_data_pipeline.py
[2026-06-04T14:33:30.268+0000] {processor.py:914} INFO - Processing file /opt/airflow/dags/ehr_data_pipeline.py for tasks to queue
[2026-06-04T14:33:30.270+0000] {logging_mixin.py:190} INFO - [2026-06-04T14:33:30.270+0000] {dagbag.py:588} INFO - Filling up the DagBag from /opt/airflow/dags/ehr_data_pipeline.py
[2026-06-04T14:33:30.285+0000] {processor.py:925} INFO - DAG(s) 'ehr_data_pipeline' retrieved from /opt/airflow/dags/ehr_data_pipeline.py
[2026-06-04T14:33:30.305+0000] {logging_mixin.py:190} INFO - [2026-06-04T14:33:30.305+0000] {dag.py:3239} INFO - Sync 1 DAGs
[2026-06-04T14:33:30.329+0000] {logging_mixin.py:190} INFO - [2026-06-04T14:33:30.329+0000] {dag.py:4180} INFO - Setting next_dagrun for ehr_data_pipeline to 2026-06-04 00:00:00+00:00, run_after=2026-06-05 00:00:00+00:00
[2026-06-04T14:33:30.353+0000] {processor.py:208} INFO - Processing /opt/airflow/dags/ehr_data_pipeline.py took 0.091 seconds
[2026-06-04T14:34:00.556+0000] {processor.py:186} INFO - Started process (PID=3914) to work on /opt/airflow/dags/ehr_data_pipeline.py
[2026-06-04T14:34:00.557+0000] {processor.py:914} INFO - Processing file /opt/airflow/dags/ehr_data_pipeline.py for tasks to queue
[2026-06-04T14:34:00.559+0000] {logging_mixin.py:190} INFO - [2026-06-04T14:34:00.559+0000] {dagbag.py:588} INFO - Filling up the DagBag from /opt/airflow/dags/ehr_data_pipeline.py
[2026-06-04T14:34:00.580+0000] {processor.py:925} INFO - DAG(s) 'ehr_data_pipeline' retrieved from /opt/airflow/dags/ehr_data_pipeline.py
[2026-06-04T14:34:00.632+0000] {logging_mixin.py:190} INFO - [2026-06-04T14:34:00.632+0000] {dag.py:3239} INFO - Sync 1 DAGs
[2026-06-04T14:34:00.683+0000] {logging_mixin.py:190} INFO - [2026-06-04T14:34:00.682+0000] {dag.py:4180} INFO - Setting next_dagrun for ehr_data_pipeline to 2026-06-04 00:00:00+00:00, run_after=2026-06-05 00:00:00+00:00
[2026-06-04T14:34:00.722+0000] {processor.py:208} INFO - Processing /opt/airflow/dags/ehr_data_pipeline.py took 0.172 seconds
[2026-06-04T14:34:30.905+0000] {processor.py:186} INFO - Started process (PID=4257) to work on /opt/airflow/dags/ehr_data_pipeline.py
[2026-06-04T14:34:30.907+0000] {processor.py:914} INFO - Processing file /opt/airflow/dags/ehr_data_pipeline.py for tasks to queue
[2026-06-04T14:34:30.909+0000] {logging_mixin.py:190} INFO - [2026-06-04T14:34:30.909+0000] {dagbag.py:588} INFO - Filling up the DagBag from /opt/airflow/dags/ehr_data_pipeline.py
[2026-06-04T14:34:30.934+0000] {processor.py:925} INFO - DAG(s) 'ehr_data_pipeline' retrieved from /opt/airflow/dags/ehr_data_pipeline.py
[2026-06-04T14:34:30.962+0000] {logging_mixin.py:190} INFO - [2026-06-04T14:34:30.961+0000] {dag.py:3239} INFO - Sync 1 DAGs
[2026-06-04T14:34:30.995+0000] {logging_mixin.py:190} INFO - [2026-06-04T14:34:30.994+0000] {dag.py:4180} INFO - Setting next_dagrun for ehr_data_pipeline to 2026-06-04 00:00:00+00:00, run_after=2026-06-05 00:00:00+00:00
[2026-06-04T14:34:31.023+0000] {processor.py:208} INFO - Processing /opt/airflow/dags/ehr_data_pipeline.py took 0.124 seconds
[2026-06-04T14:35:01.233+0000] {processor.py:186} INFO - Started process (PID=4582) to work on /opt/airflow/dags/ehr_data_pipeline.py
[2026-06-04T14:35:01.234+0000] {processor.py:914} INFO - Processing file /opt/airflow/dags/ehr_data_pipeline.py for tasks to queue
[2026-06-04T14:35:01.236+0000] {logging_mixin.py:190} INFO - [2026-06-04T14:35:01.236+0000] {dagbag.py:588} INFO - Filling up the DagBag from /opt/airflow/dags/ehr_data_pipeline.py
[2026-06-04T14:35:01.264+0000] {processor.py:925} INFO - DAG(s) 'ehr_data_pipeline' retrieved from /opt/airflow/dags/ehr_data_pipeline.py
[2026-06-04T14:35:01.301+0000] {logging_mixin.py:190} INFO - [2026-06-04T14:35:01.301+0000] {dag.py:3239} INFO - Sync 1 DAGs
[2026-06-04T14:35:01.345+0000] {logging_mixin.py:190} INFO - [2026-06-04T14:35:01.345+0000] {dag.py:4180} INFO - Setting next_dagrun for ehr_data_pipeline to 2026-06-04 00:00:00+00:00, run_after=2026-06-05 00:00:00+00:00
[2026-06-04T14:35:01.386+0000] {processor.py:208} INFO - Processing /opt/airflow/dags/ehr_data_pipeline.py took 0.160 seconds
[2026-06-04T14:35:31.645+0000] {processor.py:186} INFO - Started process (PID=4635) to work on /opt/airflow/dags/ehr_data_pipeline.py
[2026-06-04T14:35:31.647+0000] {processor.py:914} INFO - Processing file /opt/airflow/dags/ehr_data_pipeline.py for tasks to queue
[2026-06-04T14:35:31.649+0000] {logging_mixin.py:190} INFO - [2026-06-04T14:35:31.649+0000] {dagbag.py:588} INFO - Filling up the DagBag from /opt/airflow/dags/ehr_data_pipeline.py
[2026-06-04T14:35:31.668+0000] {processor.py:925} INFO - DAG(s) 'ehr_data_pipeline' retrieved from /opt/airflow/dags/ehr_data_pipeline.py
[2026-06-04T14:35:31.694+0000] {logging_mixin.py:190} INFO - [2026-06-04T14:35:31.693+0000] {dag.py:3239} INFO - Sync 1 DAGs
[2026-06-04T14:35:31.723+0000] {logging_mixin.py:190} INFO - [2026-06-04T14:35:31.723+0000] {dag.py:4180} INFO - Setting next_dagrun for ehr_data_pipeline to 2026-06-04 00:00:00+00:00, run_after=2026-06-05 00:00:00+00:00
[2026-06-04T14:35:31.750+0000] {processor.py:208} INFO - Processing /opt/airflow/dags/ehr_data_pipeline.py took 0.112 seconds
[2026-06-04T14:36:01.991+0000] {processor.py:186} INFO - Started process (PID=4645) to work on /opt/airflow/dags/ehr_data_pipeline.py
[2026-06-04T14:36:01.993+0000] {processor.py:914} INFO - Processing file /opt/airflow/dags/ehr_data_pipeline.py for tasks to queue
[2026-06-04T14:36:01.996+0000] {logging_mixin.py:190} INFO - [2026-06-04T14:36:01.995+0000] {dagbag.py:588} INFO - Filling up the DagBag from /opt/airflow/dags/ehr_data_pipeline.py
[2026-06-04T14:36:02.014+0000] {processor.py:925} INFO - DAG(s) 'ehr_data_pipeline' retrieved from /opt/airflow/dags/ehr_data_pipeline.py
[2026-06-04T14:36:02.038+0000] {logging_mixin.py:190} INFO - [2026-06-04T14:36:02.038+0000] {dag.py:3239} INFO - Sync 1 DAGs
[2026-06-04T14:36:02.067+0000] {logging_mixin.py:190} INFO - [2026-06-04T14:36:02.067+0000] {dag.py:4180} INFO - Setting next_dagrun for ehr_data_pipeline to 2026-06-04 00:00:00+00:00, run_after=2026-06-05 00:00:00+00:00
[2026-06-04T14:36:02.098+0000] {processor.py:208} INFO - Processing /opt/airflow/dags/ehr_data_pipeline.py took 0.114 seconds
[2026-06-04T14:36:32.360+0000] {processor.py:186} INFO - Started process (PID=4655) to work on /opt/airflow/dags/ehr_data_pipeline.py
[2026-06-04T14:36:32.362+0000] {processor.py:914} INFO - Processing file /opt/airflow/dags/ehr_data_pipeline.py for tasks to queue
[2026-06-04T14:36:32.364+0000] {logging_mixin.py:190} INFO - [2026-06-04T14:36:32.364+0000] {dagbag.py:588} INFO - Filling up the DagBag from /opt/airflow/dags/ehr_data_pipeline.py
[2026-06-04T14:36:32.385+0000] {processor.py:925} INFO - DAG(s) 'ehr_data_pipeline' retrieved from /opt/airflow/dags/ehr_data_pipeline.py
[2026-06-04T14:36:32.410+0000] {logging_mixin.py:190} INFO - [2026-06-04T14:36:32.410+0000] {dag.py:3239} INFO - Sync 1 DAGs
[2026-06-04T14:36:32.440+0000] {logging_mixin.py:190} INFO - [2026-06-04T14:36:32.440+0000] {dag.py:4180} INFO - Setting next_dagrun for ehr_data_pipeline to 2026-06-04 00:00:00+00:00, run_after=2026-06-05 00:00:00+00:00
[2026-06-04T14:36:32.471+0000] {processor.py:208} INFO - Processing /opt/airflow/dags/ehr_data_pipeline.py took 0.119 seconds
[2026-06-04T14:37:02.722+0000] {processor.py:186} INFO - Started process (PID=4665) to work on /opt/airflow/dags/ehr_data_pipeline.py
[2026-06-04T14:37:02.724+0000] {processor.py:914} INFO - Processing file /opt/airflow/dags/ehr_data_pipeline.py for tasks to queue
[2026-06-04T14:37:02.726+0000] {logging_mixin.py:190} INFO - [2026-06-04T14:37:02.726+0000] {dagbag.py:588} INFO - Filling up the DagBag from /opt/airflow/dags/ehr_data_pipeline.py
[2026-06-04T14:37:02.744+0000] {processor.py:925} INFO - DAG(s) 'ehr_data_pipeline' retrieved from /opt/airflow/dags/ehr_data_pipeline.py
[2026-06-04T14:37:02.769+0000] {logging_mixin.py:190} INFO - [2026-06-04T14:37:02.769+0000] {dag.py:3239} INFO - Sync 1 DAGs
[2026-06-04T14:37:02.804+0000] {logging_mixin.py:190} INFO - [2026-06-04T14:37:02.803+0000] {dag.py:4180} INFO - Setting next_dagrun for ehr_data_pipeline to 2026-06-04 00:00:00+00:00, run_after=2026-06-05 00:00:00+00:00
[2026-06-04T14:37:02.830+0000] {processor.py:208} INFO - Processing /opt/airflow/dags/ehr_data_pipeline.py took 0.114 seconds
[2026-06-04T14:37:33.100+0000] {processor.py:186} INFO - Started process (PID=4675) to work on /opt/airflow/dags/ehr_data_pipeline.py
[2026-06-04T14:37:33.101+0000] {processor.py:914} INFO - Processing file /opt/airflow/dags/ehr_data_pipeline.py for tasks to queue
[2026-06-04T14:37:33.103+0000] {logging_mixin.py:190} INFO - [2026-06-04T14:37:33.103+0000] {dagbag.py:588} INFO - Filling up the DagBag from /opt/airflow/dags/ehr_data_pipeline.py
[2026-06-04T14:37:33.121+0000] {processor.py:925} INFO - DAG(s) 'ehr_data_pipeline' retrieved from /opt/airflow/dags/ehr_data_pipeline.py
[2026-06-04T14:37:33.144+0000] {logging_mixin.py:190} INFO - [2026-06-04T14:37:33.144+0000] {dag.py:3239} INFO - Sync 1 DAGs
[2026-06-04T14:37:33.172+0000] {logging_mixin.py:190} INFO - [2026-06-04T14:37:33.172+0000] {dag.py:4180} INFO - Setting next_dagrun for ehr_data_pipeline to 2026-06-04 00:00:00+00:00, run_after=2026-06-05 00:00:00+00:00
[2026-06-04T14:37:33.193+0000] {processor.py:208} INFO - Processing /opt/airflow/dags/ehr_data_pipeline.py took 0.101 seconds
[2026-06-04T14:38:03.454+0000] {processor.py:186} INFO - Started process (PID=4685) to work on /opt/airflow/dags/ehr_data_pipeline.py
[2026-06-04T14:38:03.456+0000] {processor.py:914} INFO - Processing file /opt/airflow/dags/ehr_data_pipeline.py for tasks to queue
[2026-06-04T14:38:03.458+0000] {logging_mixin.py:190} INFO - [2026-06-04T14:38:03.458+0000] {dagbag.py:588} INFO - Filling up the DagBag from /opt/airflow/dags/ehr_data_pipeline.py
[2026-06-04T14:38:03.476+0000] {processor.py:925} INFO - DAG(s) 'ehr_data_pipeline' retrieved from /opt/airflow/dags/ehr_data_pipeline.py
[2026-06-04T14:38:03.501+0000] {logging_mixin.py:190} INFO - [2026-06-04T14:38:03.500+0000] {dag.py:3239} INFO - Sync 1 DAGs
[2026-06-04T14:38:03.528+0000] {logging_mixin.py:190} INFO - [2026-06-04T14:38:03.528+0000] {dag.py:4180} INFO - Setting next_dagrun for ehr_data_pipeline to 2026-06-04 00:00:00+00:00, run_after=2026-06-05 00:00:00+00:00
[2026-06-04T14:38:03.552+0000] {processor.py:208} INFO - Processing /opt/airflow/dags/ehr_data_pipeline.py took 0.106 seconds
[2026-06-04T14:38:33.810+0000] {processor.py:186} INFO - Started process (PID=4695) to work on /opt/airflow/dags/ehr_data_pipeline.py
[2026-06-04T14:38:33.812+0000] {processor.py:914} INFO - Processing file /opt/airflow/dags/ehr_data_pipeline.py for tasks to queue
[2026-06-04T14:38:33.814+0000] {logging_mixin.py:190} INFO - [2026-06-04T14:38:33.814+0000] {dagbag.py:588} INFO - Filling up the DagBag from /opt/airflow/dags/ehr_data_pipeline.py
[2026-06-04T14:38:33.836+0000] {processor.py:925} INFO - DAG(s) 'ehr_data_pipeline' retrieved from /opt/airflow/dags/ehr_data_pipeline.py
[2026-06-04T14:38:33.865+0000] {logging_mixin.py:190} INFO - [2026-06-04T14:38:33.864+0000] {dag.py:3239} INFO - Sync 1 DAGs
[2026-06-04T14:38:33.900+0000] {logging_mixin.py:190} INFO - [2026-06-04T14:38:33.900+0000] {dag.py:4180} INFO - Setting next_dagrun for ehr_data_pipeline to 2026-06-04 00:00:00+00:00, run_after=2026-06-05 00:00:00+00:00
[2026-06-04T14:38:33.930+0000] {processor.py:208} INFO - Processing /opt/airflow/dags/ehr_data_pipeline.py took 0.129 seconds
[2026-06-04T14:39:04.199+0000] {processor.py:186} INFO - Started process (PID=4723) to work on /opt/airflow/dags/ehr_data_pipeline.py
[2026-06-04T14:39:04.200+0000] {processor.py:914} INFO - Processing file /opt/airflow/dags/ehr_data_pipeline.py for tasks to queue
[2026-06-04T14:39:04.202+0000] {logging_mixin.py:190} INFO - [2026-06-04T14:39:04.202+0000] {dagbag.py:588} INFO - Filling up the DagBag from /opt/airflow/dags/ehr_data_pipeline.py
[2026-06-04T14:39:04.220+0000] {processor.py:925} INFO - DAG(s) 'ehr_data_pipeline' retrieved from /opt/airflow/dags/ehr_data_pipeline.py
[2026-06-04T14:39:04.243+0000] {logging_mixin.py:190} INFO - [2026-06-04T14:39:04.243+0000] {dag.py:3239} INFO - Sync 1 DAGs
[2026-06-04T14:39:04.268+0000] {logging_mixin.py:190} INFO - [2026-06-04T14:39:04.268+0000] {dag.py:4180} INFO - Setting next_dagrun for ehr_data_pipeline to 2026-06-04 00:00:00+00:00, run_after=2026-06-05 00:00:00+00:00
[2026-06-04T14:39:04.291+0000] {processor.py:208} INFO - Processing /opt/airflow/dags/ehr_data_pipeline.py took 0.102 seconds
[2026-06-04T14:39:34.561+0000] {processor.py:186} INFO - Started process (PID=4756) to work on /opt/airflow/dags/ehr_data_pipeline.py
[2026-06-04T14:39:34.563+0000] {processor.py:914} INFO - Processing file /opt/airflow/dags/ehr_data_pipeline.py for tasks to queue
[2026-06-04T14:39:34.566+0000] {logging_mixin.py:190} INFO - [2026-06-04T14:39:34.565+0000] {dagbag.py:588} INFO - Filling up the DagBag from /opt/airflow/dags/ehr_data_pipeline.py
[2026-06-04T14:39:34.586+0000] {processor.py:925} INFO - DAG(s) 'ehr_data_pipeline' retrieved from /opt/airflow/dags/ehr_data_pipeline.py
[2026-06-04T14:39:34.618+0000] {logging_mixin.py:190} INFO - [2026-06-04T14:39:34.617+0000] {dag.py:3239} INFO - Sync 1 DAGs
[2026-06-04T14:39:34.649+0000] {logging_mixin.py:190} INFO - [2026-06-04T14:39:34.649+0000] {dag.py:4180} INFO - Setting next_dagrun for ehr_data_pipeline to 2026-06-04 00:00:00+00:00, run_after=2026-06-05 00:00:00+00:00
[2026-06-04T14:39:34.676+0000] {processor.py:208} INFO - Processing /opt/airflow/dags/ehr_data_pipeline.py took 0.128 seconds
[2026-06-04T14:40:04.915+0000] {processor.py:186} INFO - Started process (PID=4766) to work on /opt/airflow/dags/ehr_data_pipeline.py
[2026-06-04T14:40:04.916+0000] {processor.py:914} INFO - Processing file /opt/airflow/dags/ehr_data_pipeline.py for tasks to queue
[2026-06-04T14:40:04.919+0000] {logging_mixin.py:190} INFO - [2026-06-04T14:40:04.918+0000] {dagbag.py:588} INFO - Filling up the DagBag from /opt/airflow/dags/ehr_data_pipeline.py
[2026-06-04T14:40:04.936+0000] {processor.py:925} INFO - DAG(s) 'ehr_data_pipeline' retrieved from /opt/airflow/dags/ehr_data_pipeline.py
[2026-06-04T14:40:04.962+0000] {logging_mixin.py:190} INFO - [2026-06-04T14:40:04.961+0000] {dag.py:3239} INFO - Sync 1 DAGs
[2026-06-04T14:40:04.998+0000] {logging_mixin.py:190} INFO - [2026-06-04T14:40:04.998+0000] {dag.py:4180} INFO - Setting next_dagrun for ehr_data_pipeline to 2026-06-04 00:00:00+00:00, run_after=2026-06-05 00:00:00+00:00
[2026-06-04T14:40:05.024+0000] {processor.py:208} INFO - Processing /opt/airflow/dags/ehr_data_pipeline.py took 0.119 seconds
[2026-06-04T14:40:35.256+0000] {processor.py:186} INFO - Started process (PID=4776) to work on /opt/airflow/dags/ehr_data_pipeline.py
[2026-06-04T14:40:35.258+0000] {processor.py:914} INFO - Processing file /opt/airflow/dags/ehr_data_pipeline.py for tasks to queue
[2026-06-04T14:40:35.260+0000] {logging_mixin.py:190} INFO - [2026-06-04T14:40:35.260+0000] {dagbag.py:588} INFO - Filling up the DagBag from /opt/airflow/dags/ehr_data_pipeline.py
[2026-06-04T14:40:35.279+0000] {processor.py:925} INFO - DAG(s) 'ehr_data_pipeline' retrieved from /opt/airflow/dags/ehr_data_pipeline.py
[2026-06-04T14:40:35.309+0000] {logging_mixin.py:190} INFO - [2026-06-04T14:40:35.309+0000] {dag.py:3239} INFO - Sync 1 DAGs
[2026-06-04T14:40:35.346+0000] {logging_mixin.py:190} INFO - [2026-06-04T14:40:35.346+0000] {dag.py:4180} INFO - Setting next_dagrun for ehr_data_pipeline to 2026-06-04 00:00:00+00:00, run_after=2026-06-05 00:00:00+00:00
[2026-06-04T14:40:35.379+0000] {processor.py:208} INFO - Processing /opt/airflow/dags/ehr_data_pipeline.py took 0.136 seconds
[2026-06-04T14:41:05.514+0000] {processor.py:186} INFO - Started process (PID=4786) to work on /opt/airflow/dags/ehr_data_pipeline.py
[2026-06-04T14:41:05.518+0000] {processor.py:914} INFO - Processing file /opt/airflow/dags/ehr_data_pipeline.py for tasks to queue
[2026-06-04T14:41:05.520+0000] {logging_mixin.py:190} INFO - [2026-06-04T14:41:05.519+0000] {dagbag.py:588} INFO - Filling up the DagBag from /opt/airflow/dags/ehr_data_pipeline.py
[2026-06-04T14:41:05.531+0000] {processor.py:925} INFO - DAG(s) 'ehr_data_pipeline' retrieved from /opt/airflow/dags/ehr_data_pipeline.py
[2026-06-04T14:41:05.551+0000] {logging_mixin.py:190} INFO - [2026-06-04T14:41:05.551+0000] {dag.py:3239} INFO - Sync 1 DAGs
[2026-06-04T14:41:05.571+0000] {logging_mixin.py:190} INFO - [2026-06-04T14:41:05.571+0000] {dag.py:4180} INFO - Setting next_dagrun for ehr_data_pipeline to 2026-06-04 00:00:00+00:00, run_after=2026-06-05 00:00:00+00:00
[2026-06-04T14:41:05.590+0000] {processor.py:208} INFO - Processing /opt/airflow/dags/ehr_data_pipeline.py took 0.083 seconds
[2026-06-04T14:41:35.759+0000] {processor.py:186} INFO - Started process (PID=4796) to work on /opt/airflow/dags/ehr_data_pipeline.py
[2026-06-04T14:41:35.763+0000] {processor.py:914} INFO - Processing file /opt/airflow/dags/ehr_data_pipeline.py for tasks to queue
[2026-06-04T14:41:35.765+0000] {logging_mixin.py:190} INFO - [2026-06-04T14:41:35.764+0000] {dagbag.py:588} INFO - Filling up the DagBag from /opt/airflow/dags/ehr_data_pipeline.py
[2026-06-04T14:41:35.779+0000] {processor.py:925} INFO - DAG(s) 'ehr_data_pipeline' retrieved from /opt/airflow/dags/ehr_data_pipeline.py
[2026-06-04T14:41:35.799+0000] {logging_mixin.py:190} INFO - [2026-06-04T14:41:35.799+0000] {dag.py:3239} INFO - Sync 1 DAGs
[2026-06-04T14:41:35.822+0000] {logging_mixin.py:190} INFO - [2026-06-04T14:41:35.822+0000] {dag.py:4180} INFO - Setting next_dagrun for ehr_data_pipeline to 2026-06-04 00:00:00+00:00, run_after=2026-06-05 00:00:00+00:00
[2026-06-04T14:41:35.843+0000] {processor.py:208} INFO - Processing /opt/airflow/dags/ehr_data_pipeline.py took 0.092 seconds
[2026-06-04T14:42:06.010+0000] {processor.py:186} INFO - Started process (PID=4806) to work on /opt/airflow/dags/ehr_data_pipeline.py
[2026-06-04T14:42:06.012+0000] {processor.py:914} INFO - Processing file /opt/airflow/dags/ehr_data_pipeline.py for tasks to queue
[2026-06-04T14:42:06.014+0000] {logging_mixin.py:190} INFO - [2026-06-04T14:42:06.013+0000] {dagbag.py:588} INFO - Filling up the DagBag from /opt/airflow/dags/ehr_data_pipeline.py
[2026-06-04T14:42:06.029+0000] {processor.py:925} INFO - DAG(s) 'ehr_data_pipeline' retrieved from /opt/airflow/dags/ehr_data_pipeline.py
[2026-06-04T14:42:06.049+0000] {logging_mixin.py:190} INFO - [2026-06-04T14:42:06.049+0000] {dag.py:3239} INFO - Sync 1 DAGs
[2026-06-04T14:42:06.073+0000] {logging_mixin.py:190} INFO - [2026-06-04T14:42:06.073+0000] {dag.py:4180} INFO - Setting next_dagrun for ehr_data_pipeline to 2026-06-04 00:00:00+00:00, run_after=2026-06-05 00:00:00+00:00
[2026-06-04T14:42:06.091+0000] {processor.py:208} INFO - Processing /opt/airflow/dags/ehr_data_pipeline.py took 0.090 seconds
[2026-06-04T14:42:36.289+0000] {processor.py:186} INFO - Started process (PID=4816) to work on /opt/airflow/dags/ehr_data_pipeline.py
[2026-06-04T14:42:36.291+0000] {processor.py:914} INFO - Processing file /opt/airflow/dags/ehr_data_pipeline.py for tasks to queue
[2026-06-04T14:42:36.293+0000] {logging_mixin.py:190} INFO - [2026-06-04T14:42:36.293+0000] {dagbag.py:588} INFO - Filling up the DagBag from /opt/airflow/dags/ehr_data_pipeline.py
[2026-06-04T14:42:36.311+0000] {processor.py:925} INFO - DAG(s) 'ehr_data_pipeline' retrieved from /opt/airflow/dags/ehr_data_pipeline.py
[2026-06-04T14:42:36.338+0000] {logging_mixin.py:190} INFO - [2026-06-04T14:42:36.337+0000] {dag.py:3239} INFO - Sync 1 DAGs
[2026-06-04T14:42:36.365+0000] {logging_mixin.py:190} INFO - [2026-06-04T14:42:36.365+0000] {dag.py:4180} INFO - Setting next_dagrun for ehr_data_pipeline to 2026-06-04 00:00:00+00:00, run_after=2026-06-05 00:00:00+00:00
[2026-06-04T14:42:36.386+0000] {processor.py:208} INFO - Processing /opt/airflow/dags/ehr_data_pipeline.py took 0.106 seconds
[2026-06-04T14:43:06.644+0000] {processor.py:186} INFO - Started process (PID=4826) to work on /opt/airflow/dags/ehr_data_pipeline.py
[2026-06-04T14:43:06.645+0000] {processor.py:914} INFO - Processing file /opt/airflow/dags/ehr_data_pipeline.py for tasks to queue
[2026-06-04T14:43:06.647+0000] {logging_mixin.py:190} INFO - [2026-06-04T14:43:06.647+0000] {dagbag.py:588} INFO - Filling up the DagBag from /opt/airflow/dags/ehr_data_pipeline.py
[2026-06-04T14:43:06.664+0000] {processor.py:925} INFO - DAG(s) 'ehr_data_pipeline' retrieved from /opt/airflow/dags/ehr_data_pipeline.py
[2026-06-04T14:43:06.688+0000] {logging_mixin.py:190} INFO - [2026-06-04T14:43:06.687+0000] {dag.py:3239} INFO - Sync 1 DAGs
[2026-06-04T14:43:06.715+0000] {logging_mixin.py:190} INFO - [2026-06-04T14:43:06.714+0000] {dag.py:4180} INFO - Setting next_dagrun for ehr_data_pipeline to 2026-06-04 00:00:00+00:00, run_after=2026-06-05 00:00:00+00:00
[2026-06-04T14:43:06.735+0000] {processor.py:208} INFO - Processing /opt/airflow/dags/ehr_data_pipeline.py took 0.102 seconds
[2026-06-04T14:43:37.020+0000] {processor.py:186} INFO - Started process (PID=4836) to work on /opt/airflow/dags/ehr_data_pipeline.py
[2026-06-04T14:43:37.021+0000] {processor.py:914} INFO - Processing file /opt/airflow/dags/ehr_data_pipeline.py for tasks to queue
[2026-06-04T14:43:37.023+0000] {logging_mixin.py:190} INFO - [2026-06-04T14:43:37.023+0000] {dagbag.py:588} INFO - Filling up the DagBag from /opt/airflow/dags/ehr_data_pipeline.py
[2026-06-04T14:43:37.041+0000] {processor.py:925} INFO - DAG(s) 'ehr_data_pipeline' retrieved from /opt/airflow/dags/ehr_data_pipeline.py
[2026-06-04T14:43:37.063+0000] {logging_mixin.py:190} INFO - [2026-06-04T14:43:37.062+0000] {dag.py:3239} INFO - Sync 1 DAGs
[2026-06-04T14:43:37.089+0000] {logging_mixin.py:190} INFO - [2026-06-04T14:43:37.089+0000] {dag.py:4180} INFO - Setting next_dagrun for ehr_data_pipeline to 2026-06-04 00:00:00+00:00, run_after=2026-06-05 00:00:00+00:00
[2026-06-04T14:43:37.113+0000] {processor.py:208} INFO - Processing /opt/airflow/dags/ehr_data_pipeline.py took 0.106 seconds
[2026-06-04T14:44:07.371+0000] {processor.py:186} INFO - Started process (PID=4846) to work on /opt/airflow/dags/ehr_data_pipeline.py
[2026-06-04T14:44:07.373+0000] {processor.py:914} INFO - Processing file /opt/airflow/dags/ehr_data_pipeline.py for tasks to queue
[2026-06-04T14:44:07.375+0000] {logging_mixin.py:190} INFO - [2026-06-04T14:44:07.375+0000] {dagbag.py:588} INFO - Filling up the DagBag from /opt/airflow/dags/ehr_data_pipeline.py
[2026-06-04T14:44:07.394+0000] {processor.py:925} INFO - DAG(s) 'ehr_data_pipeline' retrieved from /opt/airflow/dags/ehr_data_pipeline.py
[2026-06-04T14:44:07.417+0000] {logging_mixin.py:190} INFO - [2026-06-04T14:44:07.417+0000] {dag.py:3239} INFO - Sync 1 DAGs
[2026-06-04T14:44:07.446+0000] {logging_mixin.py:190} INFO - [2026-06-04T14:44:07.445+0000] {dag.py:4180} INFO - Setting next_dagrun for ehr_data_pipeline to 2026-06-04 00:00:00+00:00, run_after=2026-06-05 00:00:00+00:00
[2026-06-04T14:44:07.467+0000] {processor.py:208} INFO - Processing /opt/airflow/dags/ehr_data_pipeline.py took 0.107 seconds
[2026-06-04T14:44:37.737+0000] {processor.py:186} INFO - Started process (PID=4856) to work on /opt/airflow/dags/ehr_data_pipeline.py
[2026-06-04T14:44:37.738+0000] {processor.py:914} INFO - Processing file /opt/airflow/dags/ehr_data_pipeline.py for tasks to queue
[2026-06-04T14:44:37.741+0000] {logging_mixin.py:190} INFO - [2026-06-04T14:44:37.740+0000] {dagbag.py:588} INFO - Filling up the DagBag from /opt/airflow/dags/ehr_data_pipeline.py
[2026-06-04T14:44:37.759+0000] {processor.py:925} INFO - DAG(s) 'ehr_data_pipeline' retrieved from /opt/airflow/dags/ehr_data_pipeline.py
[2026-06-04T14:44:37.786+0000] {logging_mixin.py:190} INFO - [2026-06-04T14:44:37.786+0000] {dag.py:3239} INFO - Sync 1 DAGs
[2026-06-04T14:44:37.817+0000] {logging_mixin.py:190} INFO - [2026-06-04T14:44:37.817+0000] {dag.py:4180} INFO - Setting next_dagrun for ehr_data_pipeline to 2026-06-04 00:00:00+00:00, run_after=2026-06-05 00:00:00+00:00
[2026-06-04T14:44:37.842+0000] {processor.py:208} INFO - Processing /opt/airflow/dags/ehr_data_pipeline.py took 0.117 seconds
[2026-06-04T14:45:08.127+0000] {processor.py:186} INFO - Started process (PID=4866) to work on /opt/airflow/dags/ehr_data_pipeline.py
[2026-06-04T14:45:08.128+0000] {processor.py:914} INFO - Processing file /opt/airflow/dags/ehr_data_pipeline.py for tasks to queue
[2026-06-04T14:45:08.130+0000] {logging_mixin.py:190} INFO - [2026-06-04T14:45:08.130+0000] {dagbag.py:588} INFO - Filling up the DagBag from /opt/airflow/dags/ehr_data_pipeline.py
[2026-06-04T14:45:08.148+0000] {processor.py:925} INFO - DAG(s) 'ehr_data_pipeline' retrieved from /opt/airflow/dags/ehr_data_pipeline.py
[2026-06-04T14:45:08.172+0000] {logging_mixin.py:190} INFO - [2026-06-04T14:45:08.172+0000] {dag.py:3239} INFO - Sync 1 DAGs
[2026-06-04T14:45:08.201+0000] {logging_mixin.py:190} INFO - [2026-06-04T14:45:08.201+0000] {dag.py:4180} INFO - Setting next_dagrun for ehr_data_pipeline to 2026-06-04 00:00:00+00:00, run_after=2026-06-05 00:00:00+00:00
[2026-06-04T14:45:08.223+0000] {processor.py:208} INFO - Processing /opt/airflow/dags/ehr_data_pipeline.py took 0.108 seconds
[2026-06-04T14:45:38.501+0000] {processor.py:186} INFO - Started process (PID=4876) to work on /opt/airflow/dags/ehr_data_pipeline.py
[2026-06-04T14:45:38.503+0000] {processor.py:914} INFO - Processing file /opt/airflow/dags/ehr_data_pipeline.py for tasks to queue
[2026-06-04T14:45:38.506+0000] {logging_mixin.py:190} INFO - [2026-06-04T14:45:38.506+0000] {dagbag.py:588} INFO - Filling up the DagBag from /opt/airflow/dags/ehr_data_pipeline.py
[2026-06-04T14:45:38.526+0000] {processor.py:925} INFO - DAG(s) 'ehr_data_pipeline' retrieved from /opt/airflow/dags/ehr_data_pipeline.py
[2026-06-04T14:45:38.549+0000] {logging_mixin.py:190} INFO - [2026-06-04T14:45:38.549+0000] {dag.py:3239} INFO - Sync 1 DAGs
[2026-06-04T14:45:38.576+0000] {logging_mixin.py:190} INFO - [2026-06-04T14:45:38.576+0000] {dag.py:4180} INFO - Setting next_dagrun for ehr_data_pipeline to 2026-06-04 00:00:00+00:00, run_after=2026-06-05 00:00:00+00:00
[2026-06-04T14:45:38.602+0000] {processor.py:208} INFO - Processing /opt/airflow/dags/ehr_data_pipeline.py took 0.113 seconds
[2026-06-04T14:46:08.858+0000] {processor.py:186} INFO - Started process (PID=4886) to work on /opt/airflow/dags/ehr_data_pipeline.py
[2026-06-04T14:46:08.860+0000] {processor.py:914} INFO - Processing file /opt/airflow/dags/ehr_data_pipeline.py for tasks to queue
[2026-06-04T14:46:08.862+0000] {logging_mixin.py:190} INFO - [2026-06-04T14:46:08.862+0000] {dagbag.py:588} INFO - Filling up the DagBag from /opt/airflow/dags/ehr_data_pipeline.py
[2026-06-04T14:46:08.881+0000] {processor.py:925} INFO - DAG(s) 'ehr_data_pipeline' retrieved from /opt/airflow/dags/ehr_data_pipeline.py
[2026-06-04T14:46:08.903+0000] {logging_mixin.py:190} INFO - [2026-06-04T14:46:08.902+0000] {dag.py:3239} INFO - Sync 1 DAGs
[2026-06-04T14:46:08.930+0000] {logging_mixin.py:190} INFO - [2026-06-04T14:46:08.929+0000] {dag.py:4180} INFO - Setting next_dagrun for ehr_data_pipeline to 2026-06-04 00:00:00+00:00, run_after=2026-06-05 00:00:00+00:00
[2026-06-04T14:46:08.948+0000] {processor.py:208} INFO - Processing /opt/airflow/dags/ehr_data_pipeline.py took 0.101 seconds
[2026-06-04T14:46:39.215+0000] {processor.py:186} INFO - Started process (PID=4896) to work on /opt/airflow/dags/ehr_data_pipeline.py
[2026-06-04T14:46:39.216+0000] {processor.py:914} INFO - Processing file /opt/airflow/dags/ehr_data_pipeline.py for tasks to queue
[2026-06-04T14:46:39.218+0000] {logging_mixin.py:190} INFO - [2026-06-04T14:46:39.218+0000] {dagbag.py:588} INFO - Filling up the DagBag from /opt/airflow/dags/ehr_data_pipeline.py
[2026-06-04T14:46:39.238+0000] {processor.py:925} INFO - DAG(s) 'ehr_data_pipeline' retrieved from /opt/airflow/dags/ehr_data_pipeline.py
[2026-06-04T14:46:39.264+0000] {logging_mixin.py:190} INFO - [2026-06-04T14:46:39.263+0000] {dag.py:3239} INFO - Sync 1 DAGs
[2026-06-04T14:46:39.294+0000] {logging_mixin.py:190} INFO - [2026-06-04T14:46:39.293+0000] {dag.py:4180} INFO - Setting next_dagrun for ehr_data_pipeline to 2026-06-04 00:00:00+00:00, run_after=2026-06-05 00:00:00+00:00
[2026-06-04T14:46:39.320+0000] {processor.py:208} INFO - Processing /opt/airflow/dags/ehr_data_pipeline.py took 0.116 seconds
[2026-06-04T14:47:09.584+0000] {processor.py:186} INFO - Started process (PID=4906) to work on /opt/airflow/dags/ehr_data_pipeline.py
[2026-06-04T14:47:09.585+0000] {processor.py:914} INFO - Processing file /opt/airflow/dags/ehr_data_pipeline.py for tasks to queue
[2026-06-04T14:47:09.587+0000] {logging_mixin.py:190} INFO - [2026-06-04T14:47:09.587+0000] {dagbag.py:588} INFO - Filling up the DagBag from /opt/airflow/dags/ehr_data_pipeline.py
[2026-06-04T14:47:09.605+0000] {processor.py:925} INFO - DAG(s) 'ehr_data_pipeline' retrieved from /opt/airflow/dags/ehr_data_pipeline.py
[2026-06-04T14:47:09.628+0000] {logging_mixin.py:190} INFO - [2026-06-04T14:47:09.628+0000] {dag.py:3239} INFO - Sync 1 DAGs
[2026-06-04T14:47:09.657+0000] {logging_mixin.py:190} INFO - [2026-06-04T14:47:09.657+0000] {dag.py:4180} INFO - Setting next_dagrun for ehr_data_pipeline to 2026-06-04 00:00:00+00:00, run_after=2026-06-05 00:00:00+00:00
[2026-06-04T14:47:09.680+0000] {processor.py:208} INFO - Processing /opt/airflow/dags/ehr_data_pipeline.py took 0.108 seconds
[2026-06-04T14:47:39.939+0000] {processor.py:186} INFO - Started process (PID=4916) to work on /opt/airflow/dags/ehr_data_pipeline.py
[2026-06-04T14:47:39.941+0000] {processor.py:914} INFO - Processing file /opt/airflow/dags/ehr_data_pipeline.py for tasks to queue
[2026-06-04T14:47:39.943+0000] {logging_mixin.py:190} INFO - [2026-06-04T14:47:39.943+0000] {dagbag.py:588} INFO - Filling up the DagBag from /opt/airflow/dags/ehr_data_pipeline.py
[2026-06-04T14:47:39.962+0000] {processor.py:925} INFO - DAG(s) 'ehr_data_pipeline' retrieved from /opt/airflow/dags/ehr_data_pipeline.py
[2026-06-04T14:47:39.987+0000] {logging_mixin.py:190} INFO - [2026-06-04T14:47:39.986+0000] {dag.py:3239} INFO - Sync 1 DAGs
[2026-06-04T14:47:40.015+0000] {logging_mixin.py:190} INFO - [2026-06-04T14:47:40.015+0000] {dag.py:4180} INFO - Setting next_dagrun for ehr_data_pipeline to 2026-06-04 00:00:00+00:00, run_after=2026-06-05 00:00:00+00:00
[2026-06-04T14:47:40.040+0000] {processor.py:208} INFO - Processing /opt/airflow/dags/ehr_data_pipeline.py took 0.113 seconds
[2026-06-04T14:48:10.313+0000] {processor.py:186} INFO - Started process (PID=4926) to work on /opt/airflow/dags/ehr_data_pipeline.py
[2026-06-04T14:48:10.315+0000] {processor.py:914} INFO - Processing file /opt/airflow/dags/ehr_data_pipeline.py for tasks to queue
[2026-06-04T14:48:10.318+0000] {logging_mixin.py:190} INFO - [2026-06-04T14:48:10.317+0000] {dagbag.py:588} INFO - Filling up the DagBag from /opt/airflow/dags/ehr_data_pipeline.py
[2026-06-04T14:48:10.339+0000] {processor.py:925} INFO - DAG(s) 'ehr_data_pipeline' retrieved from /opt/airflow/dags/ehr_data_pipeline.py
[2026-06-04T14:48:10.365+0000] {logging_mixin.py:190} INFO - [2026-06-04T14:48:10.365+0000] {dag.py:3239} INFO - Sync 1 DAGs
[2026-06-04T14:48:10.395+0000] {logging_mixin.py:190} INFO - [2026-06-04T14:48:10.395+0000] {dag.py:4180} INFO - Setting next_dagrun for ehr_data_pipeline to 2026-06-04 00:00:00+00:00, run_after=2026-06-05 00:00:00+00:00
[2026-06-04T14:48:10.421+0000] {processor.py:208} INFO - Processing /opt/airflow/dags/ehr_data_pipeline.py took 0.120 seconds
[2026-06-04T14:48:40.704+0000] {processor.py:186} INFO - Started process (PID=4936) to work on /opt/airflow/dags/ehr_data_pipeline.py
[2026-06-04T14:48:40.706+0000] {processor.py:914} INFO - Processing file /opt/airflow/dags/ehr_data_pipeline.py for tasks to queue
[2026-06-04T14:48:40.708+0000] {logging_mixin.py:190} INFO - [2026-06-04T14:48:40.708+0000] {dagbag.py:588} INFO - Filling up the DagBag from /opt/airflow/dags/ehr_data_pipeline.py
[2026-06-04T14:48:40.727+0000] {processor.py:925} INFO - DAG(s) 'ehr_data_pipeline' retrieved from /opt/airflow/dags/ehr_data_pipeline.py
[2026-06-04T14:48:40.753+0000] {logging_mixin.py:190} INFO - [2026-06-04T14:48:40.752+0000] {dag.py:3239} INFO - Sync 1 DAGs
[2026-06-04T14:48:40.783+0000] {logging_mixin.py:190} INFO - [2026-06-04T14:48:40.783+0000] {dag.py:4180} INFO - Setting next_dagrun for ehr_data_pipeline to 2026-06-04 00:00:00+00:00, run_after=2026-06-05 00:00:00+00:00
[2026-06-04T14:48:40.815+0000] {processor.py:208} INFO - Processing /opt/airflow/dags/ehr_data_pipeline.py took 0.123 seconds
[2026-06-04T14:49:11.078+0000] {processor.py:186} INFO - Started process (PID=4946) to work on /opt/airflow/dags/ehr_data_pipeline.py
[2026-06-04T14:49:11.080+0000] {processor.py:914} INFO - Processing file /opt/airflow/dags/ehr_data_pipeline.py for tasks to queue
[2026-06-04T14:49:11.082+0000] {logging_mixin.py:190} INFO - [2026-06-04T14:49:11.081+0000] {dagbag.py:588} INFO - Filling up the DagBag from /opt/airflow/dags/ehr_data_pipeline.py
[2026-06-04T14:49:11.100+0000] {processor.py:925} INFO - DAG(s) 'ehr_data_pipeline' retrieved from /opt/airflow/dags/ehr_data_pipeline.py
[2026-06-04T14:49:11.123+0000] {logging_mixin.py:190} INFO - [2026-06-04T14:49:11.123+0000] {dag.py:3239} INFO - Sync 1 DAGs
[2026-06-04T14:49:11.151+0000] {logging_mixin.py:190} INFO - [2026-06-04T14:49:11.151+0000] {dag.py:4180} INFO - Setting next_dagrun for ehr_data_pipeline to 2026-06-04 00:00:00+00:00, run_after=2026-06-05 00:00:00+00:00
[2026-06-04T14:49:11.179+0000] {processor.py:208} INFO - Processing /opt/airflow/dags/ehr_data_pipeline.py took 0.112 seconds
[2026-06-04T14:49:41.453+0000] {processor.py:186} INFO - Started process (PID=4956) to work on /opt/airflow/dags/ehr_data_pipeline.py
[2026-06-04T14:49:41.455+0000] {processor.py:914} INFO - Processing file /opt/airflow/dags/ehr_data_pipeline.py for tasks to queue
[2026-06-04T14:49:41.457+0000] {logging_mixin.py:190} INFO - [2026-06-04T14:49:41.456+0000] {dagbag.py:588} INFO - Filling up the DagBag from /opt/airflow/dags/ehr_data_pipeline.py
[2026-06-04T14:49:41.476+0000] {processor.py:925} INFO - DAG(s) 'ehr_data_pipeline' retrieved from /opt/airflow/dags/ehr_data_pipeline.py
[2026-06-04T14:49:41.499+0000] {logging_mixin.py:190} INFO - [2026-06-04T14:49:41.499+0000] {dag.py:3239} INFO - Sync 1 DAGs
[2026-06-04T14:49:41.529+0000] {logging_mixin.py:190} INFO - [2026-06-04T14:49:41.529+0000] {dag.py:4180} INFO - Setting next_dagrun for ehr_data_pipeline to 2026-06-04 00:00:00+00:00, run_after=2026-06-05 00:00:00+00:00
[2026-06-04T14:49:41.559+0000] {processor.py:208} INFO - Processing /opt/airflow/dags/ehr_data_pipeline.py took 0.118 seconds
[2026-06-04T14:50:11.836+0000] {processor.py:186} INFO - Started process (PID=4966) to work on /opt/airflow/dags/ehr_data_pipeline.py
[2026-06-04T14:50:11.837+0000] {processor.py:914} INFO - Processing file /opt/airflow/dags/ehr_data_pipeline.py for tasks to queue
[2026-06-04T14:50:11.840+0000] {logging_mixin.py:190} INFO - [2026-06-04T14:50:11.839+0000] {dagbag.py:588} INFO - Filling up the DagBag from /opt/airflow/dags/ehr_data_pipeline.py
[2026-06-04T14:50:11.858+0000] {processor.py:925} INFO - DAG(s) 'ehr_data_pipeline' retrieved from /opt/airflow/dags/ehr_data_pipeline.py
[2026-06-04T14:50:11.882+0000] {logging_mixin.py:190} INFO - [2026-06-04T14:50:11.881+0000] {dag.py:3239} INFO - Sync 1 DAGs
[2026-06-04T14:50:11.911+0000] {logging_mixin.py:190} INFO - [2026-06-04T14:50:11.911+0000] {dag.py:4180} INFO - Setting next_dagrun for ehr_data_pipeline to 2026-06-04 00:00:00+00:00, run_after=2026-06-05 00:00:00+00:00
[2026-06-04T14:50:11.943+0000] {processor.py:208} INFO - Processing /opt/airflow/dags/ehr_data_pipeline.py took 0.119 seconds
[2026-06-04T14:50:42.212+0000] {processor.py:186} INFO - Started process (PID=4976) to work on /opt/airflow/dags/ehr_data_pipeline.py
[2026-06-04T14:50:42.213+0000] {processor.py:914} INFO - Processing file /opt/airflow/dags/ehr_data_pipeline.py for tasks to queue
[2026-06-04T14:50:42.215+0000] {logging_mixin.py:190} INFO - [2026-06-04T14:50:42.215+0000] {dagbag.py:588} INFO - Filling up the DagBag from /opt/airflow/dags/ehr_data_pipeline.py
[2026-06-04T14:50:42.233+0000] {processor.py:925} INFO - DAG(s) 'ehr_data_pipeline' retrieved from /opt/airflow/dags/ehr_data_pipeline.py
[2026-06-04T14:50:42.255+0000] {logging_mixin.py:190} INFO - [2026-06-04T14:50:42.255+0000] {dag.py:3239} INFO - Sync 1 DAGs
[2026-06-04T14:50:42.281+0000] {logging_mixin.py:190} INFO - [2026-06-04T14:50:42.281+0000] {dag.py:4180} INFO - Setting next_dagrun for ehr_data_pipeline to 2026-06-04 00:00:00+00:00, run_after=2026-06-05 00:00:00+00:00
[2026-06-04T14:50:42.310+0000] {processor.py:208} INFO - Processing /opt/airflow/dags/ehr_data_pipeline.py took 0.109 seconds
[2026-06-04T14:51:12.568+0000] {processor.py:186} INFO - Started process (PID=4986) to work on /opt/airflow/dags/ehr_data_pipeline.py
[2026-06-04T14:51:12.570+0000] {processor.py:914} INFO - Processing file /opt/airflow/dags/ehr_data_pipeline.py for tasks to queue
[2026-06-04T14:51:12.572+0000] {logging_mixin.py:190} INFO - [2026-06-04T14:51:12.572+0000] {dagbag.py:588} INFO - Filling up the DagBag from /opt/airflow/dags/ehr_data_pipeline.py
[2026-06-04T14:51:12.590+0000] {processor.py:925} INFO - DAG(s) 'ehr_data_pipeline' retrieved from /opt/airflow/dags/ehr_data_pipeline.py
[2026-06-04T14:51:12.614+0000] {logging_mixin.py:190} INFO - [2026-06-04T14:51:12.614+0000] {dag.py:3239} INFO - Sync 1 DAGs
[2026-06-04T14:51:12.642+0000] {logging_mixin.py:190} INFO - [2026-06-04T14:51:12.641+0000] {dag.py:4180} INFO - Setting next_dagrun for ehr_data_pipeline to 2026-06-04 00:00:00+00:00, run_after=2026-06-05 00:00:00+00:00
[2026-06-04T14:51:12.664+0000] {processor.py:208} INFO - Processing /opt/airflow/dags/ehr_data_pipeline.py took 0.108 seconds
[2026-06-04T14:51:42.927+0000] {processor.py:186} INFO - Started process (PID=4996) to work on /opt/airflow/dags/ehr_data_pipeline.py
[2026-06-04T14:51:42.929+0000] {processor.py:914} INFO - Processing file /opt/airflow/dags/ehr_data_pipeline.py for tasks to queue
[2026-06-04T14:51:42.932+0000] {logging_mixin.py:190} INFO - [2026-06-04T14:51:42.931+0000] {dagbag.py:588} INFO - Filling up the DagBag from /opt/airflow/dags/ehr_data_pipeline.py
[2026-06-04T14:51:42.951+0000] {processor.py:925} INFO - DAG(s) 'ehr_data_pipeline' retrieved from /opt/airflow/dags/ehr_data_pipeline.py
[2026-06-04T14:51:42.975+0000] {logging_mixin.py:190} INFO - [2026-06-04T14:51:42.974+0000] {dag.py:3239} INFO - Sync 1 DAGs
[2026-06-04T14:51:43.003+0000] {logging_mixin.py:190} INFO - [2026-06-04T14:51:43.003+0000] {dag.py:4180} INFO - Setting next_dagrun for ehr_data_pipeline to 2026-06-04 00:00:00+00:00, run_after=2026-06-05 00:00:00+00:00
[2026-06-04T14:51:43.030+0000] {processor.py:208} INFO - Processing /opt/airflow/dags/ehr_data_pipeline.py took 0.115 seconds
[2026-06-04T14:52:13.277+0000] {processor.py:186} INFO - Started process (PID=5006) to work on /opt/airflow/dags/ehr_data_pipeline.py
[2026-06-04T14:52:13.279+0000] {processor.py:914} INFO - Processing file /opt/airflow/dags/ehr_data_pipeline.py for tasks to queue
[2026-06-04T14:52:13.281+0000] {logging_mixin.py:190} INFO - [2026-06-04T14:52:13.280+0000] {dagbag.py:588} INFO - Filling up the DagBag from /opt/airflow/dags/ehr_data_pipeline.py
[2026-06-04T14:52:13.296+0000] {processor.py:925} INFO - DAG(s) 'ehr_data_pipeline' retrieved from /opt/airflow/dags/ehr_data_pipeline.py
[2026-06-04T14:52:13.319+0000] {logging_mixin.py:190} INFO - [2026-06-04T14:52:13.319+0000] {dag.py:3239} INFO - Sync 1 DAGs
[2026-06-04T14:52:13.346+0000] {logging_mixin.py:190} INFO - [2026-06-04T14:52:13.346+0000] {dag.py:4180} INFO - Setting next_dagrun for ehr_data_pipeline to 2026-06-04 00:00:00+00:00, run_after=2026-06-05 00:00:00+00:00
[2026-06-04T14:52:13.370+0000] {processor.py:208} INFO - Processing /opt/airflow/dags/ehr_data_pipeline.py took 0.103 seconds
[2026-06-04T14:52:43.620+0000] {processor.py:186} INFO - Started process (PID=5016) to work on /opt/airflow/dags/ehr_data_pipeline.py
[2026-06-04T14:52:43.621+0000] {processor.py:914} INFO - Processing file /opt/airflow/dags/ehr_data_pipeline.py for tasks to queue
[2026-06-04T14:52:43.624+0000] {logging_mixin.py:190} INFO - [2026-06-04T14:52:43.623+0000] {dagbag.py:588} INFO - Filling up the DagBag from /opt/airflow/dags/ehr_data_pipeline.py
[2026-06-04T14:52:43.643+0000] {processor.py:925} INFO - DAG(s) 'ehr_data_pipeline' retrieved from /opt/airflow/dags/ehr_data_pipeline.py
[2026-06-04T14:52:43.669+0000] {logging_mixin.py:190} INFO - [2026-06-04T14:52:43.669+0000] {dag.py:3239} INFO - Sync 1 DAGs
[2026-06-04T14:52:43.698+0000] {logging_mixin.py:190} INFO - [2026-06-04T14:52:43.698+0000] {dag.py:4180} INFO - Setting next_dagrun for ehr_data_pipeline to 2026-06-04 00:00:00+00:00, run_after=2026-06-05 00:00:00+00:00
[2026-06-04T14:52:43.720+0000] {processor.py:208} INFO - Processing /opt/airflow/dags/ehr_data_pipeline.py took 0.113 seconds
[2026-06-04T14:53:13.974+0000] {processor.py:186} INFO - Started process (PID=5026) to work on /opt/airflow/dags/ehr_data_pipeline.py
[2026-06-04T14:53:13.976+0000] {processor.py:914} INFO - Processing file /opt/airflow/dags/ehr_data_pipeline.py for tasks to queue
[2026-06-04T14:53:13.978+0000] {logging_mixin.py:190} INFO - [2026-06-04T14:53:13.978+0000] {dagbag.py:588} INFO - Filling up the DagBag from /opt/airflow/dags/ehr_data_pipeline.py
[2026-06-04T14:53:13.999+0000] {processor.py:925} INFO - DAG(s) 'ehr_data_pipeline' retrieved from /opt/airflow/dags/ehr_data_pipeline.py
[2026-06-04T14:53:14.023+0000] {logging_mixin.py:190} INFO - [2026-06-04T14:53:14.023+0000] {dag.py:3239} INFO - Sync 1 DAGs
[2026-06-04T14:53:14.051+0000] {logging_mixin.py:190} INFO - [2026-06-04T14:53:14.051+0000] {dag.py:4180} INFO - Setting next_dagrun for ehr_data_pipeline to 2026-06-04 00:00:00+00:00, run_after=2026-06-05 00:00:00+00:00
[2026-06-04T14:53:14.073+0000] {processor.py:208} INFO - Processing /opt/airflow/dags/ehr_data_pipeline.py took 0.109 seconds
[2026-06-04T14:53:44.326+0000] {processor.py:186} INFO - Started process (PID=5036) to work on /opt/airflow/dags/ehr_data_pipeline.py
[2026-06-04T14:53:44.328+0000] {processor.py:914} INFO - Processing file /opt/airflow/dags/ehr_data_pipeline.py for tasks to queue
[2026-06-04T14:53:44.330+0000] {logging_mixin.py:190} INFO - [2026-06-04T14:53:44.330+0000] {dagbag.py:588} INFO - Filling up the DagBag from /opt/airflow/dags/ehr_data_pipeline.py
[2026-06-04T14:53:44.348+0000] {processor.py:925} INFO - DAG(s) 'ehr_data_pipeline' retrieved from /opt/airflow/dags/ehr_data_pipeline.py
[2026-06-04T14:53:44.370+0000] {logging_mixin.py:190} INFO - [2026-06-04T14:53:44.370+0000] {dag.py:3239} INFO - Sync 1 DAGs
[2026-06-04T14:53:44.396+0000] {logging_mixin.py:190} INFO - [2026-06-04T14:53:44.396+0000] {dag.py:4180} INFO - Setting next_dagrun for ehr_data_pipeline to 2026-06-04 00:00:00+00:00, run_after=2026-06-05 00:00:00+00:00
[2026-06-04T14:53:44.419+0000] {processor.py:208} INFO - Processing /opt/airflow/dags/ehr_data_pipeline.py took 0.104 seconds
[2026-06-04T14:54:14.685+0000] {processor.py:186} INFO - Started process (PID=5046) to work on /opt/airflow/dags/ehr_data_pipeline.py
[2026-06-04T14:54:14.687+0000] {processor.py:914} INFO - Processing file /opt/airflow/dags/ehr_data_pipeline.py for tasks to queue
[2026-06-04T14:54:14.689+0000] {logging_mixin.py:190} INFO - [2026-06-04T14:54:14.689+0000] {dagbag.py:588} INFO - Filling up the DagBag from /opt/airflow/dags/ehr_data_pipeline.py
[2026-06-04T14:54:14.712+0000] {processor.py:925} INFO - DAG(s) 'ehr_data_pipeline' retrieved from /opt/airflow/dags/ehr_data_pipeline.py
[2026-06-04T14:54:14.740+0000] {logging_mixin.py:190} INFO - [2026-06-04T14:54:14.740+0000] {dag.py:3239} INFO - Sync 1 DAGs
[2026-06-04T14:54:14.772+0000] {logging_mixin.py:190} INFO - [2026-06-04T14:54:14.771+0000] {dag.py:4180} INFO - Setting next_dagrun for ehr_data_pipeline to 2026-06-04 00:00:00+00:00, run_after=2026-06-05 00:00:00+00:00
[2026-06-04T14:54:14.799+0000] {processor.py:208} INFO - Processing /opt/airflow/dags/ehr_data_pipeline.py took 0.128 seconds
[2026-06-04T14:54:45.058+0000] {processor.py:186} INFO - Started process (PID=5056) to work on /opt/airflow/dags/ehr_data_pipeline.py
[2026-06-04T14:54:45.059+0000] {processor.py:914} INFO - Processing file /opt/airflow/dags/ehr_data_pipeline.py for tasks to queue
[2026-06-04T14:54:45.062+0000] {logging_mixin.py:190} INFO - [2026-06-04T14:54:45.061+0000] {dagbag.py:588} INFO - Filling up the DagBag from /opt/airflow/dags/ehr_data_pipeline.py
[2026-06-04T14:54:45.079+0000] {processor.py:925} INFO - DAG(s) 'ehr_data_pipeline' retrieved from /opt/airflow/dags/ehr_data_pipeline.py
[2026-06-04T14:54:45.106+0000] {logging_mixin.py:190} INFO - [2026-06-04T14:54:45.106+0000] {dag.py:3239} INFO - Sync 1 DAGs
[2026-06-04T14:54:45.136+0000] {logging_mixin.py:190} INFO - [2026-06-04T14:54:45.136+0000] {dag.py:4180} INFO - Setting next_dagrun for ehr_data_pipeline to 2026-06-04 00:00:00+00:00, run_after=2026-06-05 00:00:00+00:00
[2026-06-04T14:54:45.159+0000] {processor.py:208} INFO - Processing /opt/airflow/dags/ehr_data_pipeline.py took 0.113 seconds
[2026-06-04T14:55:15.410+0000] {processor.py:186} INFO - Started process (PID=5066) to work on /opt/airflow/dags/ehr_data_pipeline.py
[2026-06-04T14:55:15.412+0000] {processor.py:914} INFO - Processing file /opt/airflow/dags/ehr_data_pipeline.py for tasks to queue
[2026-06-04T14:55:15.415+0000] {logging_mixin.py:190} INFO - [2026-06-04T14:55:15.414+0000] {dagbag.py:588} INFO - Filling up the DagBag from /opt/airflow/dags/ehr_data_pipeline.py
[2026-06-04T14:55:15.436+0000] {processor.py:925} INFO - DAG(s) 'ehr_data_pipeline' retrieved from /opt/airflow/dags/ehr_data_pipeline.py
[2026-06-04T14:55:15.464+0000] {logging_mixin.py:190} INFO - [2026-06-04T14:55:15.464+0000] {dag.py:3239} INFO - Sync 1 DAGs
[2026-06-04T14:55:15.494+0000] {logging_mixin.py:190} INFO - [2026-06-04T14:55:15.494+0000] {dag.py:4180} INFO - Setting next_dagrun for ehr_data_pipeline to 2026-06-04 00:00:00+00:00, run_after=2026-06-05 00:00:00+00:00
[2026-06-04T14:55:15.521+0000] {processor.py:208} INFO - Processing /opt/airflow/dags/ehr_data_pipeline.py took 0.124 seconds
[2026-06-04T14:56:31.817+0000] {processor.py:186} INFO - Started process (PID=155) to work on /opt/airflow/dags/ehr_data_pipeline.py
[2026-06-04T14:56:31.819+0000] {processor.py:914} INFO - Processing file /opt/airflow/dags/ehr_data_pipeline.py for tasks to queue
[2026-06-04T14:56:31.821+0000] {logging_mixin.py:190} INFO - [2026-06-04T14:56:31.821+0000] {dagbag.py:588} INFO - Filling up the DagBag from /opt/airflow/dags/ehr_data_pipeline.py
[2026-06-04T14:56:31.849+0000] {processor.py:925} INFO - DAG(s) 'ehr_data_pipeline' retrieved from /opt/airflow/dags/ehr_data_pipeline.py
[2026-06-04T14:56:31.871+0000] {logging_mixin.py:190} INFO - [2026-06-04T14:56:31.870+0000] {dag.py:3239} INFO - Sync 1 DAGs
[2026-06-04T14:56:31.890+0000] {logging_mixin.py:190} INFO - [2026-06-04T14:56:31.890+0000] {dag.py:4180} INFO - Setting next_dagrun for ehr_data_pipeline to 2026-06-04 00:00:00+00:00, run_after=2026-06-05 00:00:00+00:00
[2026-06-04T14:56:31.909+0000] {processor.py:208} INFO - Processing /opt/airflow/dags/ehr_data_pipeline.py took 0.097 seconds
[2026-06-04T14:57:02.154+0000] {processor.py:186} INFO - Started process (PID=165) to work on /opt/airflow/dags/ehr_data_pipeline.py
[2026-06-04T14:57:02.160+0000] {processor.py:914} INFO - Processing file /opt/airflow/dags/ehr_data_pipeline.py for tasks to queue
[2026-06-04T14:57:02.162+0000] {logging_mixin.py:190} INFO - [2026-06-04T14:57:02.162+0000] {dagbag.py:588} INFO - Filling up the DagBag from /opt/airflow/dags/ehr_data_pipeline.py
[2026-06-04T14:57:02.182+0000] {processor.py:925} INFO - DAG(s) 'ehr_data_pipeline' retrieved from /opt/airflow/dags/ehr_data_pipeline.py
[2026-06-04T14:57:02.202+0000] {logging_mixin.py:190} INFO - [2026-06-04T14:57:02.202+0000] {dag.py:3239} INFO - Sync 1 DAGs
[2026-06-04T14:57:02.227+0000] {logging_mixin.py:190} INFO - [2026-06-04T14:57:02.226+0000] {dag.py:4180} INFO - Setting next_dagrun for ehr_data_pipeline to 2026-06-04 00:00:00+00:00, run_after=2026-06-05 00:00:00+00:00
[2026-06-04T14:57:02.257+0000] {processor.py:208} INFO - Processing /opt/airflow/dags/ehr_data_pipeline.py took 0.110 seconds
[2026-06-04T14:57:32.415+0000] {processor.py:186} INFO - Started process (PID=175) to work on /opt/airflow/dags/ehr_data_pipeline.py
[2026-06-04T14:57:32.417+0000] {processor.py:914} INFO - Processing file /opt/airflow/dags/ehr_data_pipeline.py for tasks to queue
[2026-06-04T14:57:32.420+0000] {logging_mixin.py:190} INFO - [2026-06-04T14:57:32.419+0000] {dagbag.py:588} INFO - Filling up the DagBag from /opt/airflow/dags/ehr_data_pipeline.py
[2026-06-04T14:57:32.443+0000] {processor.py:925} INFO - DAG(s) 'ehr_data_pipeline' retrieved from /opt/airflow/dags/ehr_data_pipeline.py
[2026-06-04T14:57:32.466+0000] {logging_mixin.py:190} INFO - [2026-06-04T14:57:32.466+0000] {dag.py:3239} INFO - Sync 1 DAGs
[2026-06-04T14:57:32.494+0000] {logging_mixin.py:190} INFO - [2026-06-04T14:57:32.494+0000] {dag.py:4180} INFO - Setting next_dagrun for ehr_data_pipeline to 2026-06-04 00:00:00+00:00, run_after=2026-06-05 00:00:00+00:00
[2026-06-04T14:57:32.515+0000] {processor.py:208} INFO - Processing /opt/airflow/dags/ehr_data_pipeline.py took 0.110 seconds
[2026-06-04T14:57:37.606+0000] {processor.py:186} INFO - Started process (PID=185) to work on /opt/airflow/dags/ehr_data_pipeline.py
[2026-06-04T14:57:37.607+0000] {processor.py:914} INFO - Processing file /opt/airflow/dags/ehr_data_pipeline.py for tasks to queue
[2026-06-04T14:57:37.609+0000] {logging_mixin.py:190} INFO - [2026-06-04T14:57:37.608+0000] {dagbag.py:588} INFO - Filling up the DagBag from /opt/airflow/dags/ehr_data_pipeline.py
[2026-06-04T14:57:37.627+0000] {processor.py:925} INFO - DAG(s) 'ehr_data_pipeline' retrieved from /opt/airflow/dags/ehr_data_pipeline.py
[2026-06-04T14:57:37.651+0000] {logging_mixin.py:190} INFO - [2026-06-04T14:57:37.650+0000] {dag.py:3239} INFO - Sync 1 DAGs
[2026-06-04T14:57:37.678+0000] {logging_mixin.py:190} INFO - [2026-06-04T14:57:37.678+0000] {dag.py:4180} INFO - Setting next_dagrun for ehr_data_pipeline to 2026-06-04 00:00:00+00:00, run_after=2026-06-05 00:00:00+00:00
[2026-06-04T14:57:37.699+0000] {processor.py:208} INFO - Processing /opt/airflow/dags/ehr_data_pipeline.py took 0.100 seconds
[2026-06-04T14:58:07.856+0000] {processor.py:186} INFO - Started process (PID=569) to work on /opt/airflow/dags/ehr_data_pipeline.py
[2026-06-04T14:58:07.866+0000] {processor.py:914} INFO - Processing file /opt/airflow/dags/ehr_data_pipeline.py for tasks to queue
[2026-06-04T14:58:07.868+0000] {logging_mixin.py:190} INFO - [2026-06-04T14:58:07.868+0000] {dagbag.py:588} INFO - Filling up the DagBag from /opt/airflow/dags/ehr_data_pipeline.py
[2026-06-04T14:58:07.885+0000] {processor.py:925} INFO - DAG(s) 'ehr_data_pipeline' retrieved from /opt/airflow/dags/ehr_data_pipeline.py
[2026-06-04T14:58:07.911+0000] {logging_mixin.py:190} INFO - [2026-06-04T14:58:07.910+0000] {dag.py:3239} INFO - Sync 1 DAGs
[2026-06-04T14:58:07.941+0000] {logging_mixin.py:190} INFO - [2026-06-04T14:58:07.940+0000] {dag.py:4180} INFO - Setting next_dagrun for ehr_data_pipeline to 2026-06-04 00:00:00+00:00, run_after=2026-06-05 00:00:00+00:00
[2026-06-04T14:58:07.963+0000] {processor.py:208} INFO - Processing /opt/airflow/dags/ehr_data_pipeline.py took 0.112 seconds
[2026-06-04T14:58:38.153+0000] {processor.py:186} INFO - Started process (PID=855) to work on /opt/airflow/dags/ehr_data_pipeline.py
[2026-06-04T14:58:38.155+0000] {processor.py:914} INFO - Processing file /opt/airflow/dags/ehr_data_pipeline.py for tasks to queue
[2026-06-04T14:58:38.157+0000] {logging_mixin.py:190} INFO - [2026-06-04T14:58:38.156+0000] {dagbag.py:588} INFO - Filling up the DagBag from /opt/airflow/dags/ehr_data_pipeline.py
[2026-06-04T14:58:38.174+0000] {processor.py:925} INFO - DAG(s) 'ehr_data_pipeline' retrieved from /opt/airflow/dags/ehr_data_pipeline.py
[2026-06-04T14:58:38.198+0000] {logging_mixin.py:190} INFO - [2026-06-04T14:58:38.198+0000] {dag.py:3239} INFO - Sync 1 DAGs
[2026-06-04T14:58:38.227+0000] {logging_mixin.py:190} INFO - [2026-06-04T14:58:38.226+0000] {dag.py:4180} INFO - Setting next_dagrun for ehr_data_pipeline to 2026-06-04 00:00:00+00:00, run_after=2026-06-05 00:00:00+00:00
[2026-06-04T14:58:38.401+0000] {processor.py:208} INFO - Processing /opt/airflow/dags/ehr_data_pipeline.py took 0.253 seconds
[2026-06-04T14:59:08.637+0000] {processor.py:186} INFO - Started process (PID=889) to work on /opt/airflow/dags/ehr_data_pipeline.py
[2026-06-04T14:59:08.645+0000] {processor.py:914} INFO - Processing file /opt/airflow/dags/ehr_data_pipeline.py for tasks to queue
[2026-06-04T14:59:08.648+0000] {logging_mixin.py:190} INFO - [2026-06-04T14:59:08.647+0000] {dagbag.py:588} INFO - Filling up the DagBag from /opt/airflow/dags/ehr_data_pipeline.py
[2026-06-04T14:59:08.668+0000] {processor.py:925} INFO - DAG(s) 'ehr_data_pipeline' retrieved from /opt/airflow/dags/ehr_data_pipeline.py
[2026-06-04T14:59:08.697+0000] {logging_mixin.py:190} INFO - [2026-06-04T14:59:08.697+0000] {dag.py:3239} INFO - Sync 1 DAGs
[2026-06-04T14:59:08.882+0000] {logging_mixin.py:190} INFO - [2026-06-04T14:59:08.882+0000] {dag.py:4180} INFO - Setting next_dagrun for ehr_data_pipeline to 2026-06-04 00:00:00+00:00, run_after=2026-06-05 00:00:00+00:00
[2026-06-04T14:59:08.902+0000] {processor.py:208} INFO - Processing /opt/airflow/dags/ehr_data_pipeline.py took 0.271 seconds
[2026-06-04T14:59:39.108+0000] {processor.py:186} INFO - Started process (PID=1079) to work on /opt/airflow/dags/ehr_data_pipeline.py
[2026-06-04T14:59:39.110+0000] {processor.py:914} INFO - Processing file /opt/airflow/dags/ehr_data_pipeline.py for tasks to queue
[2026-06-04T14:59:39.112+0000] {logging_mixin.py:190} INFO - [2026-06-04T14:59:39.111+0000] {dagbag.py:588} INFO - Filling up the DagBag from /opt/airflow/dags/ehr_data_pipeline.py
[2026-06-04T14:59:39.317+0000] {processor.py:925} INFO - DAG(s) 'ehr_data_pipeline' retrieved from /opt/airflow/dags/ehr_data_pipeline.py
[2026-06-04T14:59:39.353+0000] {logging_mixin.py:190} INFO - [2026-06-04T14:59:39.353+0000] {dag.py:3239} INFO - Sync 1 DAGs
[2026-06-04T14:59:39.379+0000] {logging_mixin.py:190} INFO - [2026-06-04T14:59:39.379+0000] {dag.py:4180} INFO - Setting next_dagrun for ehr_data_pipeline to 2026-06-04 00:00:00+00:00, run_after=2026-06-05 00:00:00+00:00
[2026-06-04T14:59:39.394+0000] {processor.py:208} INFO - Processing /opt/airflow/dags/ehr_data_pipeline.py took 0.293 seconds
[2026-06-04T15:00:09.463+0000] {processor.py:186} INFO - Started process (PID=1156) to work on /opt/airflow/dags/ehr_data_pipeline.py
[2026-06-04T15:00:09.467+0000] {processor.py:914} INFO - Processing file /opt/airflow/dags/ehr_data_pipeline.py for tasks to queue
[2026-06-04T15:00:09.469+0000] {logging_mixin.py:190} INFO - [2026-06-04T15:00:09.469+0000] {dagbag.py:588} INFO - Filling up the DagBag from /opt/airflow/dags/ehr_data_pipeline.py
[2026-06-04T15:00:09.494+0000] {processor.py:925} INFO - DAG(s) 'ehr_data_pipeline' retrieved from /opt/airflow/dags/ehr_data_pipeline.py
[2026-06-04T15:00:09.517+0000] {logging_mixin.py:190} INFO - [2026-06-04T15:00:09.517+0000] {dag.py:3239} INFO - Sync 1 DAGs
[2026-06-04T15:00:09.560+0000] {logging_mixin.py:190} INFO - [2026-06-04T15:00:09.560+0000] {dag.py:4180} INFO - Setting next_dagrun for ehr_data_pipeline to 2026-06-04 00:00:00+00:00, run_after=2026-06-05 00:00:00+00:00
[2026-06-04T15:00:09.587+0000] {processor.py:208} INFO - Processing /opt/airflow/dags/ehr_data_pipeline.py took 0.131 seconds
[2026-06-04T15:00:39.778+0000] {processor.py:186} INFO - Started process (PID=1196) to work on /opt/airflow/dags/ehr_data_pipeline.py
[2026-06-04T15:00:39.779+0000] {processor.py:914} INFO - Processing file /opt/airflow/dags/ehr_data_pipeline.py for tasks to queue
[2026-06-04T15:00:39.782+0000] {logging_mixin.py:190} INFO - [2026-06-04T15:00:39.781+0000] {dagbag.py:588} INFO - Filling up the DagBag from /opt/airflow/dags/ehr_data_pipeline.py
[2026-06-04T15:00:39.801+0000] {processor.py:925} INFO - DAG(s) 'ehr_data_pipeline' retrieved from /opt/airflow/dags/ehr_data_pipeline.py
[2026-06-04T15:00:39.839+0000] {logging_mixin.py:190} INFO - [2026-06-04T15:00:39.839+0000] {dag.py:3239} INFO - Sync 1 DAGs
[2026-06-04T15:00:39.874+0000] {logging_mixin.py:190} INFO - [2026-06-04T15:00:39.874+0000] {dag.py:4180} INFO - Setting next_dagrun for ehr_data_pipeline to 2026-06-04 00:00:00+00:00, run_after=2026-06-05 00:00:00+00:00
[2026-06-04T15:00:39.900+0000] {processor.py:208} INFO - Processing /opt/airflow/dags/ehr_data_pipeline.py took 0.134 seconds
[2026-06-04T15:01:10.034+0000] {processor.py:186} INFO - Started process (PID=1371) to work on /opt/airflow/dags/ehr_data_pipeline.py
[2026-06-04T15:01:10.037+0000] {processor.py:914} INFO - Processing file /opt/airflow/dags/ehr_data_pipeline.py for tasks to queue
[2026-06-04T15:01:10.039+0000] {logging_mixin.py:190} INFO - [2026-06-04T15:01:10.038+0000] {dagbag.py:588} INFO - Filling up the DagBag from /opt/airflow/dags/ehr_data_pipeline.py
[2026-06-04T15:01:10.058+0000] {processor.py:925} INFO - DAG(s) 'ehr_data_pipeline' retrieved from /opt/airflow/dags/ehr_data_pipeline.py
[2026-06-04T15:01:10.079+0000] {logging_mixin.py:190} INFO - [2026-06-04T15:01:10.079+0000] {dag.py:3239} INFO - Sync 1 DAGs
[2026-06-04T15:01:10.106+0000] {logging_mixin.py:190} INFO - [2026-06-04T15:01:10.106+0000] {dag.py:4180} INFO - Setting next_dagrun for ehr_data_pipeline to 2026-06-04 00:00:00+00:00, run_after=2026-06-05 00:00:00+00:00
[2026-06-04T15:01:10.125+0000] {processor.py:208} INFO - Processing /opt/airflow/dags/ehr_data_pipeline.py took 0.097 seconds
[2026-06-04T15:01:40.280+0000] {processor.py:186} INFO - Started process (PID=1589) to work on /opt/airflow/dags/ehr_data_pipeline.py
[2026-06-04T15:01:40.282+0000] {processor.py:914} INFO - Processing file /opt/airflow/dags/ehr_data_pipeline.py for tasks to queue
[2026-06-04T15:01:40.284+0000] {logging_mixin.py:190} INFO - [2026-06-04T15:01:40.284+0000] {dagbag.py:588} INFO - Filling up the DagBag from /opt/airflow/dags/ehr_data_pipeline.py
[2026-06-04T15:01:40.301+0000] {processor.py:925} INFO - DAG(s) 'ehr_data_pipeline' retrieved from /opt/airflow/dags/ehr_data_pipeline.py
[2026-06-04T15:01:40.327+0000] {logging_mixin.py:190} INFO - [2026-06-04T15:01:40.326+0000] {dag.py:3239} INFO - Sync 1 DAGs
[2026-06-04T15:01:40.354+0000] {logging_mixin.py:190} INFO - [2026-06-04T15:01:40.354+0000] {dag.py:4180} INFO - Setting next_dagrun for ehr_data_pipeline to 2026-06-04 00:00:00+00:00, run_after=2026-06-05 00:00:00+00:00
[2026-06-04T15:01:40.371+0000] {processor.py:208} INFO - Processing /opt/airflow/dags/ehr_data_pipeline.py took 0.097 seconds
[2026-06-04T15:02:10.541+0000] {processor.py:186} INFO - Started process (PID=1924) to work on /opt/airflow/dags/ehr_data_pipeline.py
[2026-06-04T15:02:10.543+0000] {processor.py:914} INFO - Processing file /opt/airflow/dags/ehr_data_pipeline.py for tasks to queue
[2026-06-04T15:02:10.546+0000] {logging_mixin.py:190} INFO - [2026-06-04T15:02:10.545+0000] {dagbag.py:588} INFO - Filling up the DagBag from /opt/airflow/dags/ehr_data_pipeline.py
[2026-06-04T15:02:10.589+0000] {processor.py:925} INFO - DAG(s) 'ehr_data_pipeline' retrieved from /opt/airflow/dags/ehr_data_pipeline.py
[2026-06-04T15:02:10.652+0000] {logging_mixin.py:190} INFO - [2026-06-04T15:02:10.651+0000] {dag.py:3239} INFO - Sync 1 DAGs
[2026-06-04T15:02:10.701+0000] {logging_mixin.py:190} INFO - [2026-06-04T15:02:10.698+0000] {dag.py:4180} INFO - Setting next_dagrun for ehr_data_pipeline to 2026-06-04 00:00:00+00:00, run_after=2026-06-05 00:00:00+00:00
[2026-06-04T15:02:10.744+0000] {processor.py:208} INFO - Processing /opt/airflow/dags/ehr_data_pipeline.py took 0.209 seconds
[2026-06-04T15:02:40.931+0000] {processor.py:186} INFO - Started process (PID=1996) to work on /opt/airflow/dags/ehr_data_pipeline.py
[2026-06-04T15:02:40.932+0000] {processor.py:914} INFO - Processing file /opt/airflow/dags/ehr_data_pipeline.py for tasks to queue
[2026-06-04T15:02:40.935+0000] {logging_mixin.py:190} INFO - [2026-06-04T15:02:40.934+0000] {dagbag.py:588} INFO - Filling up the DagBag from /opt/airflow/dags/ehr_data_pipeline.py
[2026-06-04T15:02:41.027+0000] {processor.py:925} INFO - DAG(s) 'ehr_data_pipeline' retrieved from /opt/airflow/dags/ehr_data_pipeline.py
[2026-06-04T15:02:41.084+0000] {logging_mixin.py:190} INFO - [2026-06-04T15:02:41.083+0000] {dag.py:3239} INFO - Sync 1 DAGs
[2026-06-04T15:02:41.134+0000] {logging_mixin.py:190} INFO - [2026-06-04T15:02:41.134+0000] {dag.py:4180} INFO - Setting next_dagrun for ehr_data_pipeline to 2026-06-04 00:00:00+00:00, run_after=2026-06-05 00:00:00+00:00
[2026-06-04T15:02:41.168+0000] {processor.py:208} INFO - Processing /opt/airflow/dags/ehr_data_pipeline.py took 0.244 seconds
[2026-06-04T15:03:12.111+0000] {processor.py:186} INFO - Started process (PID=2016) to work on /opt/airflow/dags/ehr_data_pipeline.py
[2026-06-04T15:03:12.113+0000] {processor.py:914} INFO - Processing file /opt/airflow/dags/ehr_data_pipeline.py for tasks to queue
[2026-06-04T15:03:12.115+0000] {logging_mixin.py:190} INFO - [2026-06-04T15:03:12.115+0000] {dagbag.py:588} INFO - Filling up the DagBag from /opt/airflow/dags/ehr_data_pipeline.py
[2026-06-04T15:03:12.129+0000] {processor.py:925} INFO - DAG(s) 'ehr_data_pipeline' retrieved from /opt/airflow/dags/ehr_data_pipeline.py
[2026-06-04T15:03:12.150+0000] {logging_mixin.py:190} INFO - [2026-06-04T15:03:12.150+0000] {dag.py:3239} INFO - Sync 1 DAGs
[2026-06-04T15:03:12.175+0000] {logging_mixin.py:190} INFO - [2026-06-04T15:03:12.174+0000] {dag.py:4180} INFO - Setting next_dagrun for ehr_data_pipeline to 2026-06-04 00:00:00+00:00, run_after=2026-06-05 00:00:00+00:00
[2026-06-04T15:03:12.201+0000] {processor.py:208} INFO - Processing /opt/airflow/dags/ehr_data_pipeline.py took 0.095 seconds
[2026-06-04T15:03:42.373+0000] {processor.py:186} INFO - Started process (PID=2243) to work on /opt/airflow/dags/ehr_data_pipeline.py
[2026-06-04T15:03:42.377+0000] {processor.py:914} INFO - Processing file /opt/airflow/dags/ehr_data_pipeline.py for tasks to queue
[2026-06-04T15:03:42.379+0000] {logging_mixin.py:190} INFO - [2026-06-04T15:03:42.378+0000] {dagbag.py:588} INFO - Filling up the DagBag from /opt/airflow/dags/ehr_data_pipeline.py
[2026-06-04T15:03:42.391+0000] {processor.py:925} INFO - DAG(s) 'ehr_data_pipeline' retrieved from /opt/airflow/dags/ehr_data_pipeline.py
[2026-06-04T15:03:42.410+0000] {logging_mixin.py:190} INFO - [2026-06-04T15:03:42.409+0000] {dag.py:3239} INFO - Sync 1 DAGs
[2026-06-04T15:03:42.432+0000] {logging_mixin.py:190} INFO - [2026-06-04T15:03:42.432+0000] {dag.py:4180} INFO - Setting next_dagrun for ehr_data_pipeline to 2026-06-04 00:00:00+00:00, run_after=2026-06-05 00:00:00+00:00
[2026-06-04T15:03:42.460+0000] {processor.py:208} INFO - Processing /opt/airflow/dags/ehr_data_pipeline.py took 0.091 seconds
[2026-06-04T15:04:12.629+0000] {processor.py:186} INFO - Started process (PID=2606) to work on /opt/airflow/dags/ehr_data_pipeline.py
[2026-06-04T15:04:12.631+0000] {processor.py:914} INFO - Processing file /opt/airflow/dags/ehr_data_pipeline.py for tasks to queue
[2026-06-04T15:04:12.633+0000] {logging_mixin.py:190} INFO - [2026-06-04T15:04:12.633+0000] {dagbag.py:588} INFO - Filling up the DagBag from /opt/airflow/dags/ehr_data_pipeline.py
[2026-06-04T15:04:12.650+0000] {processor.py:925} INFO - DAG(s) 'ehr_data_pipeline' retrieved from /opt/airflow/dags/ehr_data_pipeline.py
[2026-06-04T15:04:12.676+0000] {logging_mixin.py:190} INFO - [2026-06-04T15:04:12.675+0000] {dag.py:3239} INFO - Sync 1 DAGs
[2026-06-04T15:04:12.714+0000] {logging_mixin.py:190} INFO - [2026-06-04T15:04:12.714+0000] {dag.py:4180} INFO - Setting next_dagrun for ehr_data_pipeline to 2026-06-04 00:00:00+00:00, run_after=2026-06-05 00:00:00+00:00
[2026-06-04T15:04:12.752+0000] {processor.py:208} INFO - Processing /opt/airflow/dags/ehr_data_pipeline.py took 0.129 seconds
[2026-06-04T15:04:42.959+0000] {processor.py:186} INFO - Started process (PID=2911) to work on /opt/airflow/dags/ehr_data_pipeline.py
[2026-06-04T15:04:42.961+0000] {processor.py:914} INFO - Processing file /opt/airflow/dags/ehr_data_pipeline.py for tasks to queue
[2026-06-04T15:04:42.963+0000] {logging_mixin.py:190} INFO - [2026-06-04T15:04:42.962+0000] {dagbag.py:588} INFO - Filling up the DagBag from /opt/airflow/dags/ehr_data_pipeline.py
[2026-06-04T15:04:43.026+0000] {processor.py:925} INFO - DAG(s) 'ehr_data_pipeline' retrieved from /opt/airflow/dags/ehr_data_pipeline.py
[2026-06-04T15:04:43.072+0000] {logging_mixin.py:190} INFO - [2026-06-04T15:04:43.072+0000] {dag.py:3239} INFO - Sync 1 DAGs
[2026-06-04T15:04:43.101+0000] {logging_mixin.py:190} INFO - [2026-06-04T15:04:43.101+0000] {dag.py:4180} INFO - Setting next_dagrun for ehr_data_pipeline to 2026-06-04 00:00:00+00:00, run_after=2026-06-05 00:00:00+00:00
[2026-06-04T15:04:43.135+0000] {processor.py:208} INFO - Processing /opt/airflow/dags/ehr_data_pipeline.py took 0.183 seconds
[2026-06-04T15:05:13.245+0000] {processor.py:186} INFO - Started process (PID=2961) to work on /opt/airflow/dags/ehr_data_pipeline.py
[2026-06-04T15:05:13.247+0000] {processor.py:914} INFO - Processing file /opt/airflow/dags/ehr_data_pipeline.py for tasks to queue
[2026-06-04T15:05:13.249+0000] {logging_mixin.py:190} INFO - [2026-06-04T15:05:13.248+0000] {dagbag.py:588} INFO - Filling up the DagBag from /opt/airflow/dags/ehr_data_pipeline.py
[2026-06-04T15:05:13.266+0000] {processor.py:925} INFO - DAG(s) 'ehr_data_pipeline' retrieved from /opt/airflow/dags/ehr_data_pipeline.py
[2026-06-04T15:05:13.291+0000] {logging_mixin.py:190} INFO - [2026-06-04T15:05:13.290+0000] {dag.py:3239} INFO - Sync 1 DAGs
[2026-06-04T15:05:13.320+0000] {logging_mixin.py:190} INFO - [2026-06-04T15:05:13.320+0000] {dag.py:4180} INFO - Setting next_dagrun for ehr_data_pipeline to 2026-06-04 00:00:00+00:00, run_after=2026-06-05 00:00:00+00:00
[2026-06-04T15:05:13.354+0000] {processor.py:208} INFO - Processing /opt/airflow/dags/ehr_data_pipeline.py took 0.115 seconds
[2026-06-04T15:05:43.611+0000] {processor.py:186} INFO - Started process (PID=2971) to work on /opt/airflow/dags/ehr_data_pipeline.py
[2026-06-04T15:05:43.613+0000] {processor.py:914} INFO - Processing file /opt/airflow/dags/ehr_data_pipeline.py for tasks to queue
[2026-06-04T15:05:43.615+0000] {logging_mixin.py:190} INFO - [2026-06-04T15:05:43.615+0000] {dagbag.py:588} INFO - Filling up the DagBag from /opt/airflow/dags/ehr_data_pipeline.py
[2026-06-04T15:05:43.634+0000] {processor.py:925} INFO - DAG(s) 'ehr_data_pipeline' retrieved from /opt/airflow/dags/ehr_data_pipeline.py
[2026-06-04T15:05:43.656+0000] {logging_mixin.py:190} INFO - [2026-06-04T15:05:43.656+0000] {dag.py:3239} INFO - Sync 1 DAGs
[2026-06-04T15:05:43.683+0000] {logging_mixin.py:190} INFO - [2026-06-04T15:05:43.683+0000] {dag.py:4180} INFO - Setting next_dagrun for ehr_data_pipeline to 2026-06-04 00:00:00+00:00, run_after=2026-06-05 00:00:00+00:00
[2026-06-04T15:05:43.703+0000] {processor.py:208} INFO - Processing /opt/airflow/dags/ehr_data_pipeline.py took 0.099 seconds
[2026-06-04T15:06:13.946+0000] {processor.py:186} INFO - Started process (PID=2981) to work on /opt/airflow/dags/ehr_data_pipeline.py
[2026-06-04T15:06:13.948+0000] {processor.py:914} INFO - Processing file /opt/airflow/dags/ehr_data_pipeline.py for tasks to queue
[2026-06-04T15:06:13.950+0000] {logging_mixin.py:190} INFO - [2026-06-04T15:06:13.950+0000] {dagbag.py:588} INFO - Filling up the DagBag from /opt/airflow/dags/ehr_data_pipeline.py
[2026-06-04T15:06:13.969+0000] {processor.py:925} INFO - DAG(s) 'ehr_data_pipeline' retrieved from /opt/airflow/dags/ehr_data_pipeline.py
[2026-06-04T15:06:13.996+0000] {logging_mixin.py:190} INFO - [2026-06-04T15:06:13.996+0000] {dag.py:3239} INFO - Sync 1 DAGs
[2026-06-04T15:06:14.027+0000] {logging_mixin.py:190} INFO - [2026-06-04T15:06:14.027+0000] {dag.py:4180} INFO - Setting next_dagrun for ehr_data_pipeline to 2026-06-04 00:00:00+00:00, run_after=2026-06-05 00:00:00+00:00
[2026-06-04T15:06:14.059+0000] {processor.py:208} INFO - Processing /opt/airflow/dags/ehr_data_pipeline.py took 0.120 seconds
[2026-06-04T15:06:44.315+0000] {processor.py:186} INFO - Started process (PID=2991) to work on /opt/airflow/dags/ehr_data_pipeline.py
[2026-06-04T15:06:44.317+0000] {processor.py:914} INFO - Processing file /opt/airflow/dags/ehr_data_pipeline.py for tasks to queue
[2026-06-04T15:06:44.319+0000] {logging_mixin.py:190} INFO - [2026-06-04T15:06:44.319+0000] {dagbag.py:588} INFO - Filling up the DagBag from /opt/airflow/dags/ehr_data_pipeline.py
[2026-06-04T15:06:44.338+0000] {processor.py:925} INFO - DAG(s) 'ehr_data_pipeline' retrieved from /opt/airflow/dags/ehr_data_pipeline.py
[2026-06-04T15:06:44.364+0000] {logging_mixin.py:190} INFO - [2026-06-04T15:06:44.364+0000] {dag.py:3239} INFO - Sync 1 DAGs
[2026-06-04T15:06:44.396+0000] {logging_mixin.py:190} INFO - [2026-06-04T15:06:44.396+0000] {dag.py:4180} INFO - Setting next_dagrun for ehr_data_pipeline to 2026-06-04 00:00:00+00:00, run_after=2026-06-05 00:00:00+00:00
[2026-06-04T15:06:44.418+0000] {processor.py:208} INFO - Processing /opt/airflow/dags/ehr_data_pipeline.py took 0.110 seconds
[2026-06-04T15:07:14.658+0000] {processor.py:186} INFO - Started process (PID=3001) to work on /opt/airflow/dags/ehr_data_pipeline.py
[2026-06-04T15:07:14.662+0000] {processor.py:914} INFO - Processing file /opt/airflow/dags/ehr_data_pipeline.py for tasks to queue
[2026-06-04T15:07:14.664+0000] {logging_mixin.py:190} INFO - [2026-06-04T15:07:14.664+0000] {dagbag.py:588} INFO - Filling up the DagBag from /opt/airflow/dags/ehr_data_pipeline.py
[2026-06-04T15:07:14.683+0000] {processor.py:925} INFO - DAG(s) 'ehr_data_pipeline' retrieved from /opt/airflow/dags/ehr_data_pipeline.py
[2026-06-04T15:07:14.708+0000] {logging_mixin.py:190} INFO - [2026-06-04T15:07:14.708+0000] {dag.py:3239} INFO - Sync 1 DAGs
[2026-06-04T15:07:14.742+0000] {logging_mixin.py:190} INFO - [2026-06-04T15:07:14.742+0000] {dag.py:4180} INFO - Setting next_dagrun for ehr_data_pipeline to 2026-06-04 00:00:00+00:00, run_after=2026-06-05 00:00:00+00:00
[2026-06-04T15:07:14.769+0000] {processor.py:208} INFO - Processing /opt/airflow/dags/ehr_data_pipeline.py took 0.119 seconds
[2026-06-04T15:07:45.018+0000] {processor.py:186} INFO - Started process (PID=3011) to work on /opt/airflow/dags/ehr_data_pipeline.py
[2026-06-04T15:07:45.020+0000] {processor.py:914} INFO - Processing file /opt/airflow/dags/ehr_data_pipeline.py for tasks to queue
[2026-06-04T15:07:45.022+0000] {logging_mixin.py:190} INFO - [2026-06-04T15:07:45.022+0000] {dagbag.py:588} INFO - Filling up the DagBag from /opt/airflow/dags/ehr_data_pipeline.py
[2026-06-04T15:07:45.040+0000] {processor.py:925} INFO - DAG(s) 'ehr_data_pipeline' retrieved from /opt/airflow/dags/ehr_data_pipeline.py
[2026-06-04T15:07:45.064+0000] {logging_mixin.py:190} INFO - [2026-06-04T15:07:45.064+0000] {dag.py:3239} INFO - Sync 1 DAGs
[2026-06-04T15:07:45.091+0000] {logging_mixin.py:190} INFO - [2026-06-04T15:07:45.091+0000] {dag.py:4180} INFO - Setting next_dagrun for ehr_data_pipeline to 2026-06-04 00:00:00+00:00, run_after=2026-06-05 00:00:00+00:00
[2026-06-04T15:07:45.121+0000] {processor.py:208} INFO - Processing /opt/airflow/dags/ehr_data_pipeline.py took 0.110 seconds
[2026-06-04T15:08:15.357+0000] {processor.py:186} INFO - Started process (PID=3021) to work on /opt/airflow/dags/ehr_data_pipeline.py
[2026-06-04T15:08:15.358+0000] {processor.py:914} INFO - Processing file /opt/airflow/dags/ehr_data_pipeline.py for tasks to queue
[2026-06-04T15:08:15.360+0000] {logging_mixin.py:190} INFO - [2026-06-04T15:08:15.360+0000] {dagbag.py:588} INFO - Filling up the DagBag from /opt/airflow/dags/ehr_data_pipeline.py
[2026-06-04T15:08:15.378+0000] {processor.py:925} INFO - DAG(s) 'ehr_data_pipeline' retrieved from /opt/airflow/dags/ehr_data_pipeline.py
[2026-06-04T15:08:15.404+0000] {logging_mixin.py:190} INFO - [2026-06-04T15:08:15.404+0000] {dag.py:3239} INFO - Sync 1 DAGs
[2026-06-04T15:08:15.435+0000] {logging_mixin.py:190} INFO - [2026-06-04T15:08:15.435+0000] {dag.py:4180} INFO - Setting next_dagrun for ehr_data_pipeline to 2026-06-04 00:00:00+00:00, run_after=2026-06-05 00:00:00+00:00
[2026-06-04T15:08:15.466+0000] {processor.py:208} INFO - Processing /opt/airflow/dags/ehr_data_pipeline.py took 0.115 seconds
[2026-06-04T15:08:45.723+0000] {processor.py:186} INFO - Started process (PID=3031) to work on /opt/airflow/dags/ehr_data_pipeline.py
[2026-06-04T15:08:45.724+0000] {processor.py:914} INFO - Processing file /opt/airflow/dags/ehr_data_pipeline.py for tasks to queue
[2026-06-04T15:08:45.727+0000] {logging_mixin.py:190} INFO - [2026-06-04T15:08:45.726+0000] {dagbag.py:588} INFO - Filling up the DagBag from /opt/airflow/dags/ehr_data_pipeline.py
[2026-06-04T15:08:45.746+0000] {processor.py:925} INFO - DAG(s) 'ehr_data_pipeline' retrieved from /opt/airflow/dags/ehr_data_pipeline.py
[2026-06-04T15:08:45.772+0000] {logging_mixin.py:190} INFO - [2026-06-04T15:08:45.772+0000] {dag.py:3239} INFO - Sync 1 DAGs
[2026-06-04T15:08:45.802+0000] {logging_mixin.py:190} INFO - [2026-06-04T15:08:45.802+0000] {dag.py:4180} INFO - Setting next_dagrun for ehr_data_pipeline to 2026-06-04 00:00:00+00:00, run_after=2026-06-05 00:00:00+00:00
[2026-06-04T15:08:45.826+0000] {processor.py:208} INFO - Processing /opt/airflow/dags/ehr_data_pipeline.py took 0.111 seconds
[2026-06-04T15:09:16.075+0000] {processor.py:186} INFO - Started process (PID=3041) to work on /opt/airflow/dags/ehr_data_pipeline.py
[2026-06-04T15:09:16.077+0000] {processor.py:914} INFO - Processing file /opt/airflow/dags/ehr_data_pipeline.py for tasks to queue
[2026-06-04T15:09:16.079+0000] {logging_mixin.py:190} INFO - [2026-06-04T15:09:16.079+0000] {dagbag.py:588} INFO - Filling up the DagBag from /opt/airflow/dags/ehr_data_pipeline.py
[2026-06-04T15:09:16.097+0000] {processor.py:925} INFO - DAG(s) 'ehr_data_pipeline' retrieved from /opt/airflow/dags/ehr_data_pipeline.py
[2026-06-04T15:09:16.120+0000] {logging_mixin.py:190} INFO - [2026-06-04T15:09:16.120+0000] {dag.py:3239} INFO - Sync 1 DAGs
[2026-06-04T15:09:16.148+0000] {logging_mixin.py:190} INFO - [2026-06-04T15:09:16.148+0000] {dag.py:4180} INFO - Setting next_dagrun for ehr_data_pipeline to 2026-06-04 00:00:00+00:00, run_after=2026-06-05 00:00:00+00:00
[2026-06-04T15:09:16.175+0000] {processor.py:208} INFO - Processing /opt/airflow/dags/ehr_data_pipeline.py took 0.107 seconds
[2026-06-04T15:09:46.419+0000] {processor.py:186} INFO - Started process (PID=3051) to work on /opt/airflow/dags/ehr_data_pipeline.py
[2026-06-04T15:09:46.424+0000] {processor.py:914} INFO - Processing file /opt/airflow/dags/ehr_data_pipeline.py for tasks to queue
[2026-06-04T15:09:46.426+0000] {logging_mixin.py:190} INFO - [2026-06-04T15:09:46.425+0000] {dagbag.py:588} INFO - Filling up the DagBag from /opt/airflow/dags/ehr_data_pipeline.py
[2026-06-04T15:09:46.444+0000] {processor.py:925} INFO - DAG(s) 'ehr_data_pipeline' retrieved from /opt/airflow/dags/ehr_data_pipeline.py
[2026-06-04T15:09:46.469+0000] {logging_mixin.py:190} INFO - [2026-06-04T15:09:46.469+0000] {dag.py:3239} INFO - Sync 1 DAGs
[2026-06-04T15:09:46.498+0000] {logging_mixin.py:190} INFO - [2026-06-04T15:09:46.497+0000] {dag.py:4180} INFO - Setting next_dagrun for ehr_data_pipeline to 2026-06-04 00:00:00+00:00, run_after=2026-06-05 00:00:00+00:00
[2026-06-04T15:09:46.520+0000] {processor.py:208} INFO - Processing /opt/airflow/dags/ehr_data_pipeline.py took 0.108 seconds
[2026-06-04T15:10:16.745+0000] {processor.py:186} INFO - Started process (PID=3066) to work on /opt/airflow/dags/ehr_data_pipeline.py
[2026-06-04T15:10:16.747+0000] {processor.py:914} INFO - Processing file /opt/airflow/dags/ehr_data_pipeline.py for tasks to queue
[2026-06-04T15:10:16.749+0000] {logging_mixin.py:190} INFO - [2026-06-04T15:10:16.749+0000] {dagbag.py:588} INFO - Filling up the DagBag from /opt/airflow/dags/ehr_data_pipeline.py
[2026-06-04T15:10:16.767+0000] {processor.py:925} INFO - DAG(s) 'ehr_data_pipeline' retrieved from /opt/airflow/dags/ehr_data_pipeline.py
[2026-06-04T15:10:16.792+0000] {logging_mixin.py:190} INFO - [2026-06-04T15:10:16.791+0000] {dag.py:3239} INFO - Sync 1 DAGs
[2026-06-04T15:10:16.823+0000] {logging_mixin.py:190} INFO - [2026-06-04T15:10:16.823+0000] {dag.py:4180} INFO - Setting next_dagrun for ehr_data_pipeline to 2026-06-04 00:00:00+00:00, run_after=2026-06-05 00:00:00+00:00
[2026-06-04T15:10:16.849+0000] {processor.py:208} INFO - Processing /opt/airflow/dags/ehr_data_pipeline.py took 0.111 seconds
[2026-06-04T15:10:47.081+0000] {processor.py:186} INFO - Started process (PID=3076) to work on /opt/airflow/dags/ehr_data_pipeline.py
[2026-06-04T15:10:47.083+0000] {processor.py:914} INFO - Processing file /opt/airflow/dags/ehr_data_pipeline.py for tasks to queue
[2026-06-04T15:10:47.085+0000] {logging_mixin.py:190} INFO - [2026-06-04T15:10:47.085+0000] {dagbag.py:588} INFO - Filling up the DagBag from /opt/airflow/dags/ehr_data_pipeline.py
[2026-06-04T15:10:47.104+0000] {processor.py:925} INFO - DAG(s) 'ehr_data_pipeline' retrieved from /opt/airflow/dags/ehr_data_pipeline.py
[2026-06-04T15:10:47.131+0000] {logging_mixin.py:190} INFO - [2026-06-04T15:10:47.131+0000] {dag.py:3239} INFO - Sync 1 DAGs
[2026-06-04T15:10:47.163+0000] {logging_mixin.py:190} INFO - [2026-06-04T15:10:47.163+0000] {dag.py:4180} INFO - Setting next_dagrun for ehr_data_pipeline to 2026-06-04 00:00:00+00:00, run_after=2026-06-05 00:00:00+00:00
[2026-06-04T15:10:47.186+0000] {processor.py:208} INFO - Processing /opt/airflow/dags/ehr_data_pipeline.py took 0.111 seconds
[2026-06-04T15:11:17.458+0000] {processor.py:186} INFO - Started process (PID=3086) to work on /opt/airflow/dags/ehr_data_pipeline.py
[2026-06-04T15:11:17.460+0000] {processor.py:914} INFO - Processing file /opt/airflow/dags/ehr_data_pipeline.py for tasks to queue
[2026-06-04T15:11:17.463+0000] {logging_mixin.py:190} INFO - [2026-06-04T15:11:17.463+0000] {dagbag.py:588} INFO - Filling up the DagBag from /opt/airflow/dags/ehr_data_pipeline.py
[2026-06-04T15:11:17.485+0000] {processor.py:925} INFO - DAG(s) 'ehr_data_pipeline' retrieved from /opt/airflow/dags/ehr_data_pipeline.py
[2026-06-04T15:11:17.516+0000] {logging_mixin.py:190} INFO - [2026-06-04T15:11:17.516+0000] {dag.py:3239} INFO - Sync 1 DAGs
[2026-06-04T15:11:17.553+0000] {logging_mixin.py:190} INFO - [2026-06-04T15:11:17.553+0000] {dag.py:4180} INFO - Setting next_dagrun for ehr_data_pipeline to 2026-06-04 00:00:00+00:00, run_after=2026-06-05 00:00:00+00:00
[2026-06-04T15:11:17.581+0000] {processor.py:208} INFO - Processing /opt/airflow/dags/ehr_data_pipeline.py took 0.132 seconds
[2026-06-04T15:12:57.332+0000] {processor.py:186} INFO - Started process (PID=155) to work on /opt/airflow/dags/ehr_data_pipeline.py
[2026-06-04T15:12:57.333+0000] {processor.py:914} INFO - Processing file /opt/airflow/dags/ehr_data_pipeline.py for tasks to queue
[2026-06-04T15:12:57.335+0000] {logging_mixin.py:190} INFO - [2026-06-04T15:12:57.335+0000] {dagbag.py:588} INFO - Filling up the DagBag from /opt/airflow/dags/ehr_data_pipeline.py
[2026-06-04T15:12:57.365+0000] {processor.py:925} INFO - DAG(s) 'ehr_data_pipeline' retrieved from /opt/airflow/dags/ehr_data_pipeline.py
[2026-06-04T15:12:57.392+0000] {logging_mixin.py:190} INFO - [2026-06-04T15:12:57.392+0000] {dag.py:3239} INFO - Sync 1 DAGs
[2026-06-04T15:12:57.420+0000] {logging_mixin.py:190} INFO - [2026-06-04T15:12:57.420+0000] {dag.py:4180} INFO - Setting next_dagrun for ehr_data_pipeline to 2026-06-04 00:00:00+00:00, run_after=2026-06-05 00:00:00+00:00
[2026-06-04T15:12:57.441+0000] {processor.py:208} INFO - Processing /opt/airflow/dags/ehr_data_pipeline.py took 0.113 seconds
[2026-06-04T15:13:27.664+0000] {processor.py:186} INFO - Started process (PID=170) to work on /opt/airflow/dags/ehr_data_pipeline.py
[2026-06-04T15:13:27.670+0000] {processor.py:914} INFO - Processing file /opt/airflow/dags/ehr_data_pipeline.py for tasks to queue
[2026-06-04T15:13:27.672+0000] {logging_mixin.py:190} INFO - [2026-06-04T15:13:27.672+0000] {dagbag.py:588} INFO - Filling up the DagBag from /opt/airflow/dags/ehr_data_pipeline.py
[2026-06-04T15:13:27.688+0000] {processor.py:925} INFO - DAG(s) 'ehr_data_pipeline' retrieved from /opt/airflow/dags/ehr_data_pipeline.py
[2026-06-04T15:13:27.712+0000] {logging_mixin.py:190} INFO - [2026-06-04T15:13:27.712+0000] {dag.py:3239} INFO - Sync 1 DAGs
[2026-06-04T15:13:27.741+0000] {logging_mixin.py:190} INFO - [2026-06-04T15:13:27.741+0000] {dag.py:4180} INFO - Setting next_dagrun for ehr_data_pipeline to 2026-06-04 00:00:00+00:00, run_after=2026-06-05 00:00:00+00:00
[2026-06-04T15:13:27.759+0000] {processor.py:208} INFO - Processing /opt/airflow/dags/ehr_data_pipeline.py took 0.101 seconds
[2026-06-04T15:13:38.774+0000] {processor.py:186} INFO - Started process (PID=180) to work on /opt/airflow/dags/ehr_data_pipeline.py
[2026-06-04T15:13:38.774+0000] {processor.py:914} INFO - Processing file /opt/airflow/dags/ehr_data_pipeline.py for tasks to queue
[2026-06-04T15:13:38.776+0000] {logging_mixin.py:190} INFO - [2026-06-04T15:13:38.776+0000] {dagbag.py:588} INFO - Filling up the DagBag from /opt/airflow/dags/ehr_data_pipeline.py
[2026-06-04T15:13:38.791+0000] {processor.py:925} INFO - DAG(s) 'ehr_data_pipeline' retrieved from /opt/airflow/dags/ehr_data_pipeline.py
[2026-06-04T15:13:38.815+0000] {logging_mixin.py:190} INFO - [2026-06-04T15:13:38.815+0000] {dag.py:3239} INFO - Sync 1 DAGs
[2026-06-04T15:13:38.841+0000] {logging_mixin.py:190} INFO - [2026-06-04T15:13:38.841+0000] {dag.py:4180} INFO - Setting next_dagrun for ehr_data_pipeline to 2026-06-04 00:00:00+00:00, run_after=2026-06-05 00:00:00+00:00
[2026-06-04T15:13:38.860+0000] {processor.py:208} INFO - Processing /opt/airflow/dags/ehr_data_pipeline.py took 0.091 seconds
[2026-06-04T15:14:09.058+0000] {processor.py:186} INFO - Started process (PID=550) to work on /opt/airflow/dags/ehr_data_pipeline.py
[2026-06-04T15:14:09.060+0000] {processor.py:914} INFO - Processing file /opt/airflow/dags/ehr_data_pipeline.py for tasks to queue
[2026-06-04T15:14:09.063+0000] {logging_mixin.py:190} INFO - [2026-06-04T15:14:09.062+0000] {dagbag.py:588} INFO - Filling up the DagBag from /opt/airflow/dags/ehr_data_pipeline.py
[2026-06-04T15:14:09.086+0000] {processor.py:925} INFO - DAG(s) 'ehr_data_pipeline' retrieved from /opt/airflow/dags/ehr_data_pipeline.py
[2026-06-04T15:14:09.120+0000] {logging_mixin.py:190} INFO - [2026-06-04T15:14:09.120+0000] {dag.py:3239} INFO - Sync 1 DAGs
[2026-06-04T15:14:09.150+0000] {logging_mixin.py:190} INFO - [2026-06-04T15:14:09.150+0000] {dag.py:4180} INFO - Setting next_dagrun for ehr_data_pipeline to 2026-06-04 00:00:00+00:00, run_after=2026-06-05 00:00:00+00:00
[2026-06-04T15:14:09.184+0000] {processor.py:208} INFO - Processing /opt/airflow/dags/ehr_data_pipeline.py took 0.135 seconds
[2026-06-04T15:14:39.351+0000] {processor.py:186} INFO - Started process (PID=875) to work on /opt/airflow/dags/ehr_data_pipeline.py
[2026-06-04T15:14:39.354+0000] {processor.py:914} INFO - Processing file /opt/airflow/dags/ehr_data_pipeline.py for tasks to queue
[2026-06-04T15:14:39.356+0000] {logging_mixin.py:190} INFO - [2026-06-04T15:14:39.356+0000] {dagbag.py:588} INFO - Filling up the DagBag from /opt/airflow/dags/ehr_data_pipeline.py
[2026-06-04T15:14:39.394+0000] {processor.py:925} INFO - DAG(s) 'ehr_data_pipeline' retrieved from /opt/airflow/dags/ehr_data_pipeline.py
[2026-06-04T15:14:39.422+0000] {logging_mixin.py:190} INFO - [2026-06-04T15:14:39.422+0000] {dag.py:3239} INFO - Sync 1 DAGs
[2026-06-04T15:14:39.444+0000] {logging_mixin.py:190} INFO - [2026-06-04T15:14:39.444+0000] {dag.py:4180} INFO - Setting next_dagrun for ehr_data_pipeline to 2026-06-04 00:00:00+00:00, run_after=2026-06-05 00:00:00+00:00
[2026-06-04T15:14:39.481+0000] {processor.py:208} INFO - Processing /opt/airflow/dags/ehr_data_pipeline.py took 0.136 seconds
[2026-06-04T15:15:09.651+0000] {processor.py:186} INFO - Started process (PID=988) to work on /opt/airflow/dags/ehr_data_pipeline.py
[2026-06-04T15:15:09.652+0000] {processor.py:914} INFO - Processing file /opt/airflow/dags/ehr_data_pipeline.py for tasks to queue
[2026-06-04T15:15:09.654+0000] {logging_mixin.py:190} INFO - [2026-06-04T15:15:09.654+0000] {dagbag.py:588} INFO - Filling up the DagBag from /opt/airflow/dags/ehr_data_pipeline.py
[2026-06-04T15:15:09.683+0000] {processor.py:925} INFO - DAG(s) 'ehr_data_pipeline' retrieved from /opt/airflow/dags/ehr_data_pipeline.py
[2026-06-04T15:15:09.702+0000] {logging_mixin.py:190} INFO - [2026-06-04T15:15:09.701+0000] {dag.py:3239} INFO - Sync 1 DAGs
[2026-06-04T15:15:09.724+0000] {logging_mixin.py:190} INFO - [2026-06-04T15:15:09.724+0000] {dag.py:4180} INFO - Setting next_dagrun for ehr_data_pipeline to 2026-06-04 00:00:00+00:00, run_after=2026-06-05 00:00:00+00:00
[2026-06-04T15:15:09.753+0000] {processor.py:208} INFO - Processing /opt/airflow/dags/ehr_data_pipeline.py took 0.107 seconds
[2026-06-04T15:15:39.898+0000] {processor.py:186} INFO - Started process (PID=1027) to work on /opt/airflow/dags/ehr_data_pipeline.py
[2026-06-04T15:15:39.899+0000] {processor.py:914} INFO - Processing file /opt/airflow/dags/ehr_data_pipeline.py for tasks to queue
[2026-06-04T15:15:39.901+0000] {logging_mixin.py:190} INFO - [2026-06-04T15:15:39.900+0000] {dagbag.py:588} INFO - Filling up the DagBag from /opt/airflow/dags/ehr_data_pipeline.py
[2026-06-04T15:15:39.915+0000] {processor.py:925} INFO - DAG(s) 'ehr_data_pipeline' retrieved from /opt/airflow/dags/ehr_data_pipeline.py
[2026-06-04T15:15:39.940+0000] {logging_mixin.py:190} INFO - [2026-06-04T15:15:39.939+0000] {dag.py:3239} INFO - Sync 1 DAGs
[2026-06-04T15:15:39.964+0000] {logging_mixin.py:190} INFO - [2026-06-04T15:15:39.964+0000] {dag.py:4180} INFO - Setting next_dagrun for ehr_data_pipeline to 2026-06-04 00:00:00+00:00, run_after=2026-06-05 00:00:00+00:00
[2026-06-04T15:15:39.983+0000] {processor.py:208} INFO - Processing /opt/airflow/dags/ehr_data_pipeline.py took 0.090 seconds
[2026-06-04T15:16:10.126+0000] {processor.py:186} INFO - Started process (PID=1095) to work on /opt/airflow/dags/ehr_data_pipeline.py
[2026-06-04T15:16:10.129+0000] {processor.py:914} INFO - Processing file /opt/airflow/dags/ehr_data_pipeline.py for tasks to queue
[2026-06-04T15:16:10.130+0000] {logging_mixin.py:190} INFO - [2026-06-04T15:16:10.130+0000] {dagbag.py:588} INFO - Filling up the DagBag from /opt/airflow/dags/ehr_data_pipeline.py
[2026-06-04T15:16:10.144+0000] {processor.py:925} INFO - DAG(s) 'ehr_data_pipeline' retrieved from /opt/airflow/dags/ehr_data_pipeline.py
[2026-06-04T15:16:10.169+0000] {logging_mixin.py:190} INFO - [2026-06-04T15:16:10.168+0000] {dag.py:3239} INFO - Sync 1 DAGs
[2026-06-04T15:16:10.195+0000] {logging_mixin.py:190} INFO - [2026-06-04T15:16:10.195+0000] {dag.py:4180} INFO - Setting next_dagrun for ehr_data_pipeline to 2026-06-04 00:00:00+00:00, run_after=2026-06-05 00:00:00+00:00
[2026-06-04T15:16:10.220+0000] {processor.py:208} INFO - Processing /opt/airflow/dags/ehr_data_pipeline.py took 0.099 seconds
[2026-06-04T15:16:40.425+0000] {processor.py:186} INFO - Started process (PID=1294) to work on /opt/airflow/dags/ehr_data_pipeline.py
[2026-06-04T15:16:40.427+0000] {processor.py:914} INFO - Processing file /opt/airflow/dags/ehr_data_pipeline.py for tasks to queue
[2026-06-04T15:16:40.430+0000] {logging_mixin.py:190} INFO - [2026-06-04T15:16:40.430+0000] {dagbag.py:588} INFO - Filling up the DagBag from /opt/airflow/dags/ehr_data_pipeline.py
[2026-06-04T15:16:40.620+0000] {processor.py:925} INFO - DAG(s) 'ehr_data_pipeline' retrieved from /opt/airflow/dags/ehr_data_pipeline.py
[2026-06-04T15:16:40.645+0000] {logging_mixin.py:190} INFO - [2026-06-04T15:16:40.645+0000] {dag.py:3239} INFO - Sync 1 DAGs
[2026-06-04T15:16:40.677+0000] {logging_mixin.py:190} INFO - [2026-06-04T15:16:40.677+0000] {dag.py:4180} INFO - Setting next_dagrun for ehr_data_pipeline to 2026-06-04 00:00:00+00:00, run_after=2026-06-05 00:00:00+00:00
[2026-06-04T15:16:40.701+0000] {processor.py:208} INFO - Processing /opt/airflow/dags/ehr_data_pipeline.py took 0.341 seconds
[2026-06-04T15:17:10.806+0000] {processor.py:186} INFO - Started process (PID=1648) to work on /opt/airflow/dags/ehr_data_pipeline.py
[2026-06-04T15:17:10.807+0000] {processor.py:914} INFO - Processing file /opt/airflow/dags/ehr_data_pipeline.py for tasks to queue
[2026-06-04T15:17:10.809+0000] {logging_mixin.py:190} INFO - [2026-06-04T15:17:10.809+0000] {dagbag.py:588} INFO - Filling up the DagBag from /opt/airflow/dags/ehr_data_pipeline.py
[2026-06-04T15:17:10.827+0000] {processor.py:925} INFO - DAG(s) 'ehr_data_pipeline' retrieved from /opt/airflow/dags/ehr_data_pipeline.py
[2026-06-04T15:17:10.865+0000] {logging_mixin.py:190} INFO - [2026-06-04T15:17:10.864+0000] {dag.py:3239} INFO - Sync 1 DAGs
[2026-06-04T15:17:10.898+0000] {logging_mixin.py:190} INFO - [2026-06-04T15:17:10.898+0000] {dag.py:4180} INFO - Setting next_dagrun for ehr_data_pipeline to 2026-06-04 00:00:00+00:00, run_after=2026-06-05 00:00:00+00:00
[2026-06-04T15:17:10.981+0000] {processor.py:208} INFO - Processing /opt/airflow/dags/ehr_data_pipeline.py took 0.181 seconds
[2026-06-04T15:17:41.144+0000] {processor.py:186} INFO - Started process (PID=1727) to work on /opt/airflow/dags/ehr_data_pipeline.py
[2026-06-04T15:17:41.146+0000] {processor.py:914} INFO - Processing file /opt/airflow/dags/ehr_data_pipeline.py for tasks to queue
[2026-06-04T15:17:41.148+0000] {logging_mixin.py:190} INFO - [2026-06-04T15:17:41.148+0000] {dagbag.py:588} INFO - Filling up the DagBag from /opt/airflow/dags/ehr_data_pipeline.py
[2026-06-04T15:17:41.164+0000] {processor.py:925} INFO - DAG(s) 'ehr_data_pipeline' retrieved from /opt/airflow/dags/ehr_data_pipeline.py
[2026-06-04T15:17:41.185+0000] {logging_mixin.py:190} INFO - [2026-06-04T15:17:41.185+0000] {dag.py:3239} INFO - Sync 1 DAGs
[2026-06-04T15:17:41.211+0000] {logging_mixin.py:190} INFO - [2026-06-04T15:17:41.211+0000] {dag.py:4180} INFO - Setting next_dagrun for ehr_data_pipeline to 2026-06-04 00:00:00+00:00, run_after=2026-06-05 00:00:00+00:00
[2026-06-04T15:17:41.236+0000] {processor.py:208} INFO - Processing /opt/airflow/dags/ehr_data_pipeline.py took 0.096 seconds
[2026-06-04T15:18:11.399+0000] {processor.py:186} INFO - Started process (PID=1747) to work on /opt/airflow/dags/ehr_data_pipeline.py
[2026-06-04T15:18:11.400+0000] {processor.py:914} INFO - Processing file /opt/airflow/dags/ehr_data_pipeline.py for tasks to queue
[2026-06-04T15:18:11.402+0000] {logging_mixin.py:190} INFO - [2026-06-04T15:18:11.402+0000] {dagbag.py:588} INFO - Filling up the DagBag from /opt/airflow/dags/ehr_data_pipeline.py
[2026-06-04T15:18:11.418+0000] {processor.py:925} INFO - DAG(s) 'ehr_data_pipeline' retrieved from /opt/airflow/dags/ehr_data_pipeline.py
[2026-06-04T15:18:11.437+0000] {logging_mixin.py:190} INFO - [2026-06-04T15:18:11.437+0000] {dag.py:3239} INFO - Sync 1 DAGs
[2026-06-04T15:18:11.462+0000] {logging_mixin.py:190} INFO - [2026-06-04T15:18:11.462+0000] {dag.py:4180} INFO - Setting next_dagrun for ehr_data_pipeline to 2026-06-04 00:00:00+00:00, run_after=2026-06-05 00:00:00+00:00
[2026-06-04T15:18:11.493+0000] {processor.py:208} INFO - Processing /opt/airflow/dags/ehr_data_pipeline.py took 0.100 seconds
[2026-06-04T15:18:41.706+0000] {processor.py:186} INFO - Started process (PID=1899) to work on /opt/airflow/dags/ehr_data_pipeline.py
[2026-06-04T15:18:41.709+0000] {processor.py:914} INFO - Processing file /opt/airflow/dags/ehr_data_pipeline.py for tasks to queue
[2026-06-04T15:18:41.712+0000] {logging_mixin.py:190} INFO - [2026-06-04T15:18:41.711+0000] {dagbag.py:588} INFO - Filling up the DagBag from /opt/airflow/dags/ehr_data_pipeline.py
[2026-06-04T15:18:41.754+0000] {processor.py:925} INFO - DAG(s) 'ehr_data_pipeline' retrieved from /opt/airflow/dags/ehr_data_pipeline.py
[2026-06-04T15:18:41.824+0000] {logging_mixin.py:190} INFO - [2026-06-04T15:18:41.824+0000] {dag.py:3239} INFO - Sync 1 DAGs
[2026-06-04T15:18:41.853+0000] {logging_mixin.py:190} INFO - [2026-06-04T15:18:41.853+0000] {dag.py:4180} INFO - Setting next_dagrun for ehr_data_pipeline to 2026-06-04 00:00:00+00:00, run_after=2026-06-05 00:00:00+00:00
[2026-06-04T15:18:41.884+0000] {processor.py:208} INFO - Processing /opt/airflow/dags/ehr_data_pipeline.py took 0.185 seconds
[2026-06-04T15:19:11.980+0000] {processor.py:186} INFO - Started process (PID=2313) to work on /opt/airflow/dags/ehr_data_pipeline.py
[2026-06-04T15:19:11.982+0000] {processor.py:914} INFO - Processing file /opt/airflow/dags/ehr_data_pipeline.py for tasks to queue
[2026-06-04T15:19:11.987+0000] {logging_mixin.py:190} INFO - [2026-06-04T15:19:11.986+0000] {dagbag.py:588} INFO - Filling up the DagBag from /opt/airflow/dags/ehr_data_pipeline.py
[2026-06-04T15:19:12.014+0000] {processor.py:925} INFO - DAG(s) 'ehr_data_pipeline' retrieved from /opt/airflow/dags/ehr_data_pipeline.py
[2026-06-04T15:19:12.041+0000] {logging_mixin.py:190} INFO - [2026-06-04T15:19:12.041+0000] {dag.py:3239} INFO - Sync 1 DAGs
[2026-06-04T15:19:12.073+0000] {logging_mixin.py:190} INFO - [2026-06-04T15:19:12.072+0000] {dag.py:4180} INFO - Setting next_dagrun for ehr_data_pipeline to 2026-06-04 00:00:00+00:00, run_after=2026-06-05 00:00:00+00:00
[2026-06-04T15:19:12.105+0000] {processor.py:208} INFO - Processing /opt/airflow/dags/ehr_data_pipeline.py took 0.133 seconds
[2026-06-04T15:19:42.312+0000] {processor.py:186} INFO - Started process (PID=2601) to work on /opt/airflow/dags/ehr_data_pipeline.py
[2026-06-04T15:19:42.314+0000] {processor.py:914} INFO - Processing file /opt/airflow/dags/ehr_data_pipeline.py for tasks to queue
[2026-06-04T15:19:42.316+0000] {logging_mixin.py:190} INFO - [2026-06-04T15:19:42.316+0000] {dagbag.py:588} INFO - Filling up the DagBag from /opt/airflow/dags/ehr_data_pipeline.py
[2026-06-04T15:19:42.354+0000] {processor.py:925} INFO - DAG(s) 'ehr_data_pipeline' retrieved from /opt/airflow/dags/ehr_data_pipeline.py
[2026-06-04T15:19:42.412+0000] {logging_mixin.py:190} INFO - [2026-06-04T15:19:42.411+0000] {dag.py:3239} INFO - Sync 1 DAGs
[2026-06-04T15:19:42.444+0000] {logging_mixin.py:190} INFO - [2026-06-04T15:19:42.444+0000] {dag.py:4180} INFO - Setting next_dagrun for ehr_data_pipeline to 2026-06-04 00:00:00+00:00, run_after=2026-06-05 00:00:00+00:00
[2026-06-04T15:19:42.474+0000] {processor.py:208} INFO - Processing /opt/airflow/dags/ehr_data_pipeline.py took 0.174 seconds
[2026-06-04T15:20:00.874+0000] {processor.py:186} INFO - Started process (PID=2658) to work on /opt/airflow/dags/ehr_data_pipeline.py
[2026-06-04T15:20:00.876+0000] {processor.py:914} INFO - Processing file /opt/airflow/dags/ehr_data_pipeline.py for tasks to queue
[2026-06-04T15:20:00.878+0000] {logging_mixin.py:190} INFO - [2026-06-04T15:20:00.878+0000] {dagbag.py:588} INFO - Filling up the DagBag from /opt/airflow/dags/ehr_data_pipeline.py
[2026-06-04T15:20:00.896+0000] {processor.py:925} INFO - DAG(s) 'ehr_data_pipeline' retrieved from /opt/airflow/dags/ehr_data_pipeline.py
[2026-06-04T15:20:00.934+0000] {logging_mixin.py:190} INFO - [2026-06-04T15:20:00.933+0000] {dag.py:1660} INFO - Executing dag callback function: <function log_pipeline_duration at 0x7fbea788be20>
[2026-06-04T15:20:00.934+0000] {logging_mixin.py:190} INFO - [log_pipeline_duration] DAG run manual__2026-06-04T15:13:39.889520+00:00 finished in 379.992654 seconds.
[2026-06-04T15:20:00.949+0000] {logging_mixin.py:190} INFO - [2026-06-04T15:20:00.949+0000] {dag.py:3239} INFO - Sync 1 DAGs
[2026-06-04T15:20:00.974+0000] {logging_mixin.py:190} INFO - [2026-06-04T15:20:00.974+0000] {dag.py:4180} INFO - Setting next_dagrun for ehr_data_pipeline to 2026-06-04 00:00:00+00:00, run_after=2026-06-05 00:00:00+00:00
[2026-06-04T15:20:00.996+0000] {processor.py:208} INFO - Processing /opt/airflow/dags/ehr_data_pipeline.py took 0.128 seconds
[2026-06-04T15:20:31.123+0000] {processor.py:186} INFO - Started process (PID=2668) to work on /opt/airflow/dags/ehr_data_pipeline.py
[2026-06-04T15:20:31.128+0000] {processor.py:914} INFO - Processing file /opt/airflow/dags/ehr_data_pipeline.py for tasks to queue
[2026-06-04T15:20:31.130+0000] {logging_mixin.py:190} INFO - [2026-06-04T15:20:31.130+0000] {dagbag.py:588} INFO - Filling up the DagBag from /opt/airflow/dags/ehr_data_pipeline.py
[2026-06-04T15:20:31.150+0000] {processor.py:925} INFO - DAG(s) 'ehr_data_pipeline' retrieved from /opt/airflow/dags/ehr_data_pipeline.py
[2026-06-04T15:20:31.177+0000] {logging_mixin.py:190} INFO - [2026-06-04T15:20:31.176+0000] {dag.py:3239} INFO - Sync 1 DAGs
[2026-06-04T15:20:31.207+0000] {logging_mixin.py:190} INFO - [2026-06-04T15:20:31.207+0000] {dag.py:4180} INFO - Setting next_dagrun for ehr_data_pipeline to 2026-06-04 00:00:00+00:00, run_after=2026-06-05 00:00:00+00:00
[2026-06-04T15:20:31.230+0000] {processor.py:208} INFO - Processing /opt/airflow/dags/ehr_data_pipeline.py took 0.114 seconds
[2026-06-04T15:21:01.468+0000] {processor.py:186} INFO - Started process (PID=2678) to work on /opt/airflow/dags/ehr_data_pipeline.py
[2026-06-04T15:21:01.470+0000] {processor.py:914} INFO - Processing file /opt/airflow/dags/ehr_data_pipeline.py for tasks to queue
[2026-06-04T15:21:01.472+0000] {logging_mixin.py:190} INFO - [2026-06-04T15:21:01.472+0000] {dagbag.py:588} INFO - Filling up the DagBag from /opt/airflow/dags/ehr_data_pipeline.py
[2026-06-04T15:21:01.488+0000] {processor.py:925} INFO - DAG(s) 'ehr_data_pipeline' retrieved from /opt/airflow/dags/ehr_data_pipeline.py
[2026-06-04T15:21:01.512+0000] {logging_mixin.py:190} INFO - [2026-06-04T15:21:01.512+0000] {dag.py:3239} INFO - Sync 1 DAGs
[2026-06-04T15:21:01.539+0000] {logging_mixin.py:190} INFO - [2026-06-04T15:21:01.539+0000] {dag.py:4180} INFO - Setting next_dagrun for ehr_data_pipeline to 2026-06-04 00:00:00+00:00, run_after=2026-06-05 00:00:00+00:00
[2026-06-04T15:21:01.716+0000] {processor.py:208} INFO - Processing /opt/airflow/dags/ehr_data_pipeline.py took 0.253 seconds
[2026-06-04T15:21:31.982+0000] {processor.py:186} INFO - Started process (PID=2688) to work on /opt/airflow/dags/ehr_data_pipeline.py
[2026-06-04T15:21:31.984+0000] {processor.py:914} INFO - Processing file /opt/airflow/dags/ehr_data_pipeline.py for tasks to queue
[2026-06-04T15:21:31.987+0000] {logging_mixin.py:190} INFO - [2026-06-04T15:21:31.986+0000] {dagbag.py:588} INFO - Filling up the DagBag from /opt/airflow/dags/ehr_data_pipeline.py
[2026-06-04T15:21:32.006+0000] {processor.py:925} INFO - DAG(s) 'ehr_data_pipeline' retrieved from /opt/airflow/dags/ehr_data_pipeline.py
[2026-06-04T15:21:32.031+0000] {logging_mixin.py:190} INFO - [2026-06-04T15:21:32.031+0000] {dag.py:3239} INFO - Sync 1 DAGs
[2026-06-04T15:21:32.061+0000] {logging_mixin.py:190} INFO - [2026-06-04T15:21:32.061+0000] {dag.py:4180} INFO - Setting next_dagrun for ehr_data_pipeline to 2026-06-04 00:00:00+00:00, run_after=2026-06-05 00:00:00+00:00
[2026-06-04T15:21:32.085+0000] {processor.py:208} INFO - Processing /opt/airflow/dags/ehr_data_pipeline.py took 0.110 seconds
[2026-06-04T15:22:02.355+0000] {processor.py:186} INFO - Started process (PID=2698) to work on /opt/airflow/dags/ehr_data_pipeline.py
[2026-06-04T15:22:02.357+0000] {processor.py:914} INFO - Processing file /opt/airflow/dags/ehr_data_pipeline.py for tasks to queue
[2026-06-04T15:22:02.359+0000] {logging_mixin.py:190} INFO - [2026-06-04T15:22:02.359+0000] {dagbag.py:588} INFO - Filling up the DagBag from /opt/airflow/dags/ehr_data_pipeline.py
[2026-06-04T15:22:02.378+0000] {processor.py:925} INFO - DAG(s) 'ehr_data_pipeline' retrieved from /opt/airflow/dags/ehr_data_pipeline.py
[2026-06-04T15:22:02.403+0000] {logging_mixin.py:190} INFO - [2026-06-04T15:22:02.402+0000] {dag.py:3239} INFO - Sync 1 DAGs
[2026-06-04T15:22:02.433+0000] {logging_mixin.py:190} INFO - [2026-06-04T15:22:02.433+0000] {dag.py:4180} INFO - Setting next_dagrun for ehr_data_pipeline to 2026-06-04 00:00:00+00:00, run_after=2026-06-05 00:00:00+00:00
[2026-06-04T15:22:02.464+0000] {processor.py:208} INFO - Processing /opt/airflow/dags/ehr_data_pipeline.py took 0.117 seconds
[2026-06-04T15:22:32.735+0000] {processor.py:186} INFO - Started process (PID=2708) to work on /opt/airflow/dags/ehr_data_pipeline.py
[2026-06-04T15:22:32.737+0000] {processor.py:914} INFO - Processing file /opt/airflow/dags/ehr_data_pipeline.py for tasks to queue
[2026-06-04T15:22:32.739+0000] {logging_mixin.py:190} INFO - [2026-06-04T15:22:32.739+0000] {dagbag.py:588} INFO - Filling up the DagBag from /opt/airflow/dags/ehr_data_pipeline.py
[2026-06-04T15:22:32.760+0000] {processor.py:925} INFO - DAG(s) 'ehr_data_pipeline' retrieved from /opt/airflow/dags/ehr_data_pipeline.py
[2026-06-04T15:22:32.786+0000] {logging_mixin.py:190} INFO - [2026-06-04T15:22:32.786+0000] {dag.py:3239} INFO - Sync 1 DAGs
[2026-06-04T15:22:32.818+0000] {logging_mixin.py:190} INFO - [2026-06-04T15:22:32.817+0000] {dag.py:4180} INFO - Setting next_dagrun for ehr_data_pipeline to 2026-06-04 00:00:00+00:00, run_after=2026-06-05 00:00:00+00:00
[2026-06-04T15:22:33.055+0000] {processor.py:208} INFO - Processing /opt/airflow/dags/ehr_data_pipeline.py took 0.327 seconds
[2026-06-04T15:23:03.311+0000] {processor.py:186} INFO - Started process (PID=2718) to work on /opt/airflow/dags/ehr_data_pipeline.py
[2026-06-04T15:23:03.313+0000] {processor.py:914} INFO - Processing file /opt/airflow/dags/ehr_data_pipeline.py for tasks to queue
[2026-06-04T15:23:03.315+0000] {logging_mixin.py:190} INFO - [2026-06-04T15:23:03.315+0000] {dagbag.py:588} INFO - Filling up the DagBag from /opt/airflow/dags/ehr_data_pipeline.py
[2026-06-04T15:23:03.332+0000] {processor.py:925} INFO - DAG(s) 'ehr_data_pipeline' retrieved from /opt/airflow/dags/ehr_data_pipeline.py
[2026-06-04T15:23:03.356+0000] {logging_mixin.py:190} INFO - [2026-06-04T15:23:03.356+0000] {dag.py:3239} INFO - Sync 1 DAGs
[2026-06-04T15:23:03.383+0000] {logging_mixin.py:190} INFO - [2026-06-04T15:23:03.383+0000] {dag.py:4180} INFO - Setting next_dagrun for ehr_data_pipeline to 2026-06-04 00:00:00+00:00, run_after=2026-06-05 00:00:00+00:00
[2026-06-04T15:23:03.405+0000] {processor.py:208} INFO - Processing /opt/airflow/dags/ehr_data_pipeline.py took 0.100 seconds
[2026-06-04T15:23:33.663+0000] {processor.py:186} INFO - Started process (PID=2728) to work on /opt/airflow/dags/ehr_data_pipeline.py
[2026-06-04T15:23:33.668+0000] {processor.py:914} INFO - Processing file /opt/airflow/dags/ehr_data_pipeline.py for tasks to queue
[2026-06-04T15:23:33.671+0000] {logging_mixin.py:190} INFO - [2026-06-04T15:23:33.670+0000] {dagbag.py:588} INFO - Filling up the DagBag from /opt/airflow/dags/ehr_data_pipeline.py
[2026-06-04T15:23:33.689+0000] {processor.py:925} INFO - DAG(s) 'ehr_data_pipeline' retrieved from /opt/airflow/dags/ehr_data_pipeline.py
[2026-06-04T15:23:33.713+0000] {logging_mixin.py:190} INFO - [2026-06-04T15:23:33.712+0000] {dag.py:3239} INFO - Sync 1 DAGs
[2026-06-04T15:23:33.740+0000] {logging_mixin.py:190} INFO - [2026-06-04T15:23:33.740+0000] {dag.py:4180} INFO - Setting next_dagrun for ehr_data_pipeline to 2026-06-04 00:00:00+00:00, run_after=2026-06-05 00:00:00+00:00
[2026-06-04T15:23:33.762+0000] {processor.py:208} INFO - Processing /opt/airflow/dags/ehr_data_pipeline.py took 0.107 seconds
[2026-06-04T15:24:04.019+0000] {processor.py:186} INFO - Started process (PID=2738) to work on /opt/airflow/dags/ehr_data_pipeline.py
[2026-06-04T15:24:04.021+0000] {processor.py:914} INFO - Processing file /opt/airflow/dags/ehr_data_pipeline.py for tasks to queue
[2026-06-04T15:24:04.023+0000] {logging_mixin.py:190} INFO - [2026-06-04T15:24:04.023+0000] {dagbag.py:588} INFO - Filling up the DagBag from /opt/airflow/dags/ehr_data_pipeline.py
[2026-06-04T15:24:04.041+0000] {processor.py:925} INFO - DAG(s) 'ehr_data_pipeline' retrieved from /opt/airflow/dags/ehr_data_pipeline.py
[2026-06-04T15:24:04.065+0000] {logging_mixin.py:190} INFO - [2026-06-04T15:24:04.065+0000] {dag.py:3239} INFO - Sync 1 DAGs
[2026-06-04T15:24:04.094+0000] {logging_mixin.py:190} INFO - [2026-06-04T15:24:04.094+0000] {dag.py:4180} INFO - Setting next_dagrun for ehr_data_pipeline to 2026-06-04 00:00:00+00:00, run_after=2026-06-05 00:00:00+00:00
[2026-06-04T15:24:04.270+0000] {processor.py:208} INFO - Processing /opt/airflow/dags/ehr_data_pipeline.py took 0.260 seconds
[2026-06-04T15:24:34.510+0000] {processor.py:186} INFO - Started process (PID=2748) to work on /opt/airflow/dags/ehr_data_pipeline.py
[2026-06-04T15:24:34.515+0000] {processor.py:914} INFO - Processing file /opt/airflow/dags/ehr_data_pipeline.py for tasks to queue
[2026-06-04T15:24:34.518+0000] {logging_mixin.py:190} INFO - [2026-06-04T15:24:34.517+0000] {dagbag.py:588} INFO - Filling up the DagBag from /opt/airflow/dags/ehr_data_pipeline.py
[2026-06-04T15:24:34.535+0000] {processor.py:925} INFO - DAG(s) 'ehr_data_pipeline' retrieved from /opt/airflow/dags/ehr_data_pipeline.py
[2026-06-04T15:24:34.561+0000] {logging_mixin.py:190} INFO - [2026-06-04T15:24:34.560+0000] {dag.py:3239} INFO - Sync 1 DAGs
[2026-06-04T15:24:34.598+0000] {logging_mixin.py:190} INFO - [2026-06-04T15:24:34.597+0000] {dag.py:4180} INFO - Setting next_dagrun for ehr_data_pipeline to 2026-06-04 00:00:00+00:00, run_after=2026-06-05 00:00:00+00:00
[2026-06-04T15:24:34.627+0000] {processor.py:208} INFO - Processing /opt/airflow/dags/ehr_data_pipeline.py took 0.122 seconds
[2026-06-04T15:25:04.741+0000] {processor.py:186} INFO - Started process (PID=2758) to work on /opt/airflow/dags/ehr_data_pipeline.py
[2026-06-04T15:25:04.742+0000] {processor.py:914} INFO - Processing file /opt/airflow/dags/ehr_data_pipeline.py for tasks to queue
[2026-06-04T15:25:04.744+0000] {logging_mixin.py:190} INFO - [2026-06-04T15:25:04.744+0000] {dagbag.py:588} INFO - Filling up the DagBag from /opt/airflow/dags/ehr_data_pipeline.py
[2026-06-04T15:25:04.763+0000] {processor.py:925} INFO - DAG(s) 'ehr_data_pipeline' retrieved from /opt/airflow/dags/ehr_data_pipeline.py
[2026-06-04T15:25:04.787+0000] {logging_mixin.py:190} INFO - [2026-06-04T15:25:04.787+0000] {dag.py:3239} INFO - Sync 1 DAGs
[2026-06-04T15:25:04.814+0000] {logging_mixin.py:190} INFO - [2026-06-04T15:25:04.814+0000] {dag.py:4180} INFO - Setting next_dagrun for ehr_data_pipeline to 2026-06-04 00:00:00+00:00, run_after=2026-06-05 00:00:00+00:00
[2026-06-04T15:25:04.840+0000] {processor.py:208} INFO - Processing /opt/airflow/dags/ehr_data_pipeline.py took 0.106 seconds
[2026-06-04T15:25:35.097+0000] {processor.py:186} INFO - Started process (PID=2768) to work on /opt/airflow/dags/ehr_data_pipeline.py
[2026-06-04T15:25:35.098+0000] {processor.py:914} INFO - Processing file /opt/airflow/dags/ehr_data_pipeline.py for tasks to queue
[2026-06-04T15:25:35.101+0000] {logging_mixin.py:190} INFO - [2026-06-04T15:25:35.100+0000] {dagbag.py:588} INFO - Filling up the DagBag from /opt/airflow/dags/ehr_data_pipeline.py
[2026-06-04T15:25:35.118+0000] {processor.py:925} INFO - DAG(s) 'ehr_data_pipeline' retrieved from /opt/airflow/dags/ehr_data_pipeline.py
[2026-06-04T15:25:35.143+0000] {logging_mixin.py:190} INFO - [2026-06-04T15:25:35.143+0000] {dag.py:3239} INFO - Sync 1 DAGs
[2026-06-04T15:25:35.172+0000] {logging_mixin.py:190} INFO - [2026-06-04T15:25:35.172+0000] {dag.py:4180} INFO - Setting next_dagrun for ehr_data_pipeline to 2026-06-04 00:00:00+00:00, run_after=2026-06-05 00:00:00+00:00
[2026-06-04T15:25:35.353+0000] {processor.py:208} INFO - Processing /opt/airflow/dags/ehr_data_pipeline.py took 0.263 seconds
[2026-06-04T15:26:05.609+0000] {processor.py:186} INFO - Started process (PID=2778) to work on /opt/airflow/dags/ehr_data_pipeline.py
[2026-06-04T15:26:05.610+0000] {processor.py:914} INFO - Processing file /opt/airflow/dags/ehr_data_pipeline.py for tasks to queue
[2026-06-04T15:26:05.613+0000] {logging_mixin.py:190} INFO - [2026-06-04T15:26:05.612+0000] {dagbag.py:588} INFO - Filling up the DagBag from /opt/airflow/dags/ehr_data_pipeline.py
[2026-06-04T15:26:05.630+0000] {processor.py:925} INFO - DAG(s) 'ehr_data_pipeline' retrieved from /opt/airflow/dags/ehr_data_pipeline.py
[2026-06-04T15:26:05.653+0000] {logging_mixin.py:190} INFO - [2026-06-04T15:26:05.653+0000] {dag.py:3239} INFO - Sync 1 DAGs
[2026-06-04T15:26:05.681+0000] {logging_mixin.py:190} INFO - [2026-06-04T15:26:05.681+0000] {dag.py:4180} INFO - Setting next_dagrun for ehr_data_pipeline to 2026-06-04 00:00:00+00:00, run_after=2026-06-05 00:00:00+00:00
[2026-06-04T15:26:05.711+0000] {processor.py:208} INFO - Processing /opt/airflow/dags/ehr_data_pipeline.py took 0.109 seconds
[2026-06-04T15:26:35.969+0000] {processor.py:186} INFO - Started process (PID=2788) to work on /opt/airflow/dags/ehr_data_pipeline.py
[2026-06-04T15:26:35.971+0000] {processor.py:914} INFO - Processing file /opt/airflow/dags/ehr_data_pipeline.py for tasks to queue
[2026-06-04T15:26:35.974+0000] {logging_mixin.py:190} INFO - [2026-06-04T15:26:35.973+0000] {dagbag.py:588} INFO - Filling up the DagBag from /opt/airflow/dags/ehr_data_pipeline.py
[2026-06-04T15:26:35.994+0000] {processor.py:925} INFO - DAG(s) 'ehr_data_pipeline' retrieved from /opt/airflow/dags/ehr_data_pipeline.py
[2026-06-04T15:26:36.021+0000] {logging_mixin.py:190} INFO - [2026-06-04T15:26:36.021+0000] {dag.py:3239} INFO - Sync 1 DAGs
[2026-06-04T15:26:36.055+0000] {logging_mixin.py:190} INFO - [2026-06-04T15:26:36.055+0000] {dag.py:4180} INFO - Setting next_dagrun for ehr_data_pipeline to 2026-06-04 00:00:00+00:00, run_after=2026-06-05 00:00:00+00:00
[2026-06-04T15:26:36.078+0000] {processor.py:208} INFO - Processing /opt/airflow/dags/ehr_data_pipeline.py took 0.117 seconds
[2026-06-04T15:27:06.332+0000] {processor.py:186} INFO - Started process (PID=2798) to work on /opt/airflow/dags/ehr_data_pipeline.py
[2026-06-04T15:27:06.333+0000] {processor.py:914} INFO - Processing file /opt/airflow/dags/ehr_data_pipeline.py for tasks to queue
[2026-06-04T15:27:06.335+0000] {logging_mixin.py:190} INFO - [2026-06-04T15:27:06.335+0000] {dagbag.py:588} INFO - Filling up the DagBag from /opt/airflow/dags/ehr_data_pipeline.py
[2026-06-04T15:27:06.354+0000] {processor.py:925} INFO - DAG(s) 'ehr_data_pipeline' retrieved from /opt/airflow/dags/ehr_data_pipeline.py
[2026-06-04T15:27:06.380+0000] {logging_mixin.py:190} INFO - [2026-06-04T15:27:06.380+0000] {dag.py:3239} INFO - Sync 1 DAGs
[2026-06-04T15:27:06.408+0000] {logging_mixin.py:190} INFO - [2026-06-04T15:27:06.408+0000] {dag.py:4180} INFO - Setting next_dagrun for ehr_data_pipeline to 2026-06-04 00:00:00+00:00, run_after=2026-06-05 00:00:00+00:00
[2026-06-04T15:27:06.594+0000] {processor.py:208} INFO - Processing /opt/airflow/dags/ehr_data_pipeline.py took 0.270 seconds
[2026-06-04T15:27:36.853+0000] {processor.py:186} INFO - Started process (PID=2808) to work on /opt/airflow/dags/ehr_data_pipeline.py
[2026-06-04T15:27:36.859+0000] {processor.py:914} INFO - Processing file /opt/airflow/dags/ehr_data_pipeline.py for tasks to queue
[2026-06-04T15:27:36.861+0000] {logging_mixin.py:190} INFO - [2026-06-04T15:27:36.860+0000] {dagbag.py:588} INFO - Filling up the DagBag from /opt/airflow/dags/ehr_data_pipeline.py
[2026-06-04T15:27:36.880+0000] {processor.py:925} INFO - DAG(s) 'ehr_data_pipeline' retrieved from /opt/airflow/dags/ehr_data_pipeline.py
[2026-06-04T15:27:36.908+0000] {logging_mixin.py:190} INFO - [2026-06-04T15:27:36.908+0000] {dag.py:3239} INFO - Sync 1 DAGs
[2026-06-04T15:27:36.945+0000] {logging_mixin.py:190} INFO - [2026-06-04T15:27:36.945+0000] {dag.py:4180} INFO - Setting next_dagrun for ehr_data_pipeline to 2026-06-04 00:00:00+00:00, run_after=2026-06-05 00:00:00+00:00
[2026-06-04T15:27:36.970+0000] {processor.py:208} INFO - Processing /opt/airflow/dags/ehr_data_pipeline.py took 0.124 seconds
[2026-06-04T15:28:07.247+0000] {processor.py:186} INFO - Started process (PID=2818) to work on /opt/airflow/dags/ehr_data_pipeline.py
[2026-06-04T15:28:07.248+0000] {processor.py:914} INFO - Processing file /opt/airflow/dags/ehr_data_pipeline.py for tasks to queue
[2026-06-04T15:28:07.250+0000] {logging_mixin.py:190} INFO - [2026-06-04T15:28:07.250+0000] {dagbag.py:588} INFO - Filling up the DagBag from /opt/airflow/dags/ehr_data_pipeline.py
[2026-06-04T15:28:07.268+0000] {processor.py:925} INFO - DAG(s) 'ehr_data_pipeline' retrieved from /opt/airflow/dags/ehr_data_pipeline.py
[2026-06-04T15:28:07.291+0000] {logging_mixin.py:190} INFO - [2026-06-04T15:28:07.291+0000] {dag.py:3239} INFO - Sync 1 DAGs
[2026-06-04T15:28:07.319+0000] {logging_mixin.py:190} INFO - [2026-06-04T15:28:07.319+0000] {dag.py:4180} INFO - Setting next_dagrun for ehr_data_pipeline to 2026-06-04 00:00:00+00:00, run_after=2026-06-05 00:00:00+00:00
[2026-06-04T15:28:07.352+0000] {processor.py:208} INFO - Processing /opt/airflow/dags/ehr_data_pipeline.py took 0.112 seconds
[2026-06-04T15:28:37.606+0000] {processor.py:186} INFO - Started process (PID=2828) to work on /opt/airflow/dags/ehr_data_pipeline.py
[2026-06-04T15:28:37.608+0000] {processor.py:914} INFO - Processing file /opt/airflow/dags/ehr_data_pipeline.py for tasks to queue
[2026-06-04T15:28:37.610+0000] {logging_mixin.py:190} INFO - [2026-06-04T15:28:37.609+0000] {dagbag.py:588} INFO - Filling up the DagBag from /opt/airflow/dags/ehr_data_pipeline.py
[2026-06-04T15:28:37.627+0000] {processor.py:925} INFO - DAG(s) 'ehr_data_pipeline' retrieved from /opt/airflow/dags/ehr_data_pipeline.py
[2026-06-04T15:28:37.653+0000] {logging_mixin.py:190} INFO - [2026-06-04T15:28:37.652+0000] {dag.py:3239} INFO - Sync 1 DAGs
[2026-06-04T15:28:37.687+0000] {logging_mixin.py:190} INFO - [2026-06-04T15:28:37.687+0000] {dag.py:4180} INFO - Setting next_dagrun for ehr_data_pipeline to 2026-06-04 00:00:00+00:00, run_after=2026-06-05 00:00:00+00:00
[2026-06-04T15:28:37.880+0000] {processor.py:208} INFO - Processing /opt/airflow/dags/ehr_data_pipeline.py took 0.281 seconds
[2026-06-04T15:29:08.116+0000] {processor.py:186} INFO - Started process (PID=2838) to work on /opt/airflow/dags/ehr_data_pipeline.py
[2026-06-04T15:29:08.117+0000] {processor.py:914} INFO - Processing file /opt/airflow/dags/ehr_data_pipeline.py for tasks to queue
[2026-06-04T15:29:08.119+0000] {logging_mixin.py:190} INFO - [2026-06-04T15:29:08.119+0000] {dagbag.py:588} INFO - Filling up the DagBag from /opt/airflow/dags/ehr_data_pipeline.py
[2026-06-04T15:29:08.136+0000] {processor.py:925} INFO - DAG(s) 'ehr_data_pipeline' retrieved from /opt/airflow/dags/ehr_data_pipeline.py
[2026-06-04T15:29:08.158+0000] {logging_mixin.py:190} INFO - [2026-06-04T15:29:08.158+0000] {dag.py:3239} INFO - Sync 1 DAGs
[2026-06-04T15:29:08.185+0000] {logging_mixin.py:190} INFO - [2026-06-04T15:29:08.185+0000] {dag.py:4180} INFO - Setting next_dagrun for ehr_data_pipeline to 2026-06-04 00:00:00+00:00, run_after=2026-06-05 00:00:00+00:00
[2026-06-04T15:29:08.209+0000] {processor.py:208} INFO - Processing /opt/airflow/dags/ehr_data_pipeline.py took 0.099 seconds
[2026-06-04T15:29:38.472+0000] {processor.py:186} INFO - Started process (PID=2848) to work on /opt/airflow/dags/ehr_data_pipeline.py
[2026-06-04T15:29:38.478+0000] {processor.py:914} INFO - Processing file /opt/airflow/dags/ehr_data_pipeline.py for tasks to queue
[2026-06-04T15:29:38.480+0000] {logging_mixin.py:190} INFO - [2026-06-04T15:29:38.480+0000] {dagbag.py:588} INFO - Filling up the DagBag from /opt/airflow/dags/ehr_data_pipeline.py
[2026-06-04T15:29:38.500+0000] {processor.py:925} INFO - DAG(s) 'ehr_data_pipeline' retrieved from /opt/airflow/dags/ehr_data_pipeline.py
[2026-06-04T15:29:38.526+0000] {logging_mixin.py:190} INFO - [2026-06-04T15:29:38.526+0000] {dag.py:3239} INFO - Sync 1 DAGs
[2026-06-04T15:29:38.556+0000] {logging_mixin.py:190} INFO - [2026-06-04T15:29:38.556+0000] {dag.py:4180} INFO - Setting next_dagrun for ehr_data_pipeline to 2026-06-04 00:00:00+00:00, run_after=2026-06-05 00:00:00+00:00
[2026-06-04T15:29:38.578+0000] {processor.py:208} INFO - Processing /opt/airflow/dags/ehr_data_pipeline.py took 0.114 seconds
[2026-06-04T15:30:08.844+0000] {processor.py:186} INFO - Started process (PID=2858) to work on /opt/airflow/dags/ehr_data_pipeline.py
[2026-06-04T15:30:08.845+0000] {processor.py:914} INFO - Processing file /opt/airflow/dags/ehr_data_pipeline.py for tasks to queue
[2026-06-04T15:30:08.848+0000] {logging_mixin.py:190} INFO - [2026-06-04T15:30:08.847+0000] {dagbag.py:588} INFO - Filling up the DagBag from /opt/airflow/dags/ehr_data_pipeline.py
[2026-06-04T15:30:08.866+0000] {processor.py:925} INFO - DAG(s) 'ehr_data_pipeline' retrieved from /opt/airflow/dags/ehr_data_pipeline.py
[2026-06-04T15:30:08.889+0000] {logging_mixin.py:190} INFO - [2026-06-04T15:30:08.889+0000] {dag.py:3239} INFO - Sync 1 DAGs
[2026-06-04T15:30:08.916+0000] {logging_mixin.py:190} INFO - [2026-06-04T15:30:08.916+0000] {dag.py:4180} INFO - Setting next_dagrun for ehr_data_pipeline to 2026-06-04 00:00:00+00:00, run_after=2026-06-05 00:00:00+00:00
[2026-06-04T15:30:09.108+0000] {processor.py:208} INFO - Processing /opt/airflow/dags/ehr_data_pipeline.py took 0.272 seconds
[2026-06-04T15:30:39.356+0000] {processor.py:186} INFO - Started process (PID=2868) to work on /opt/airflow/dags/ehr_data_pipeline.py
[2026-06-04T15:30:39.358+0000] {processor.py:914} INFO - Processing file /opt/airflow/dags/ehr_data_pipeline.py for tasks to queue
[2026-06-04T15:30:39.360+0000] {logging_mixin.py:190} INFO - [2026-06-04T15:30:39.360+0000] {dagbag.py:588} INFO - Filling up the DagBag from /opt/airflow/dags/ehr_data_pipeline.py
[2026-06-04T15:30:39.378+0000] {processor.py:925} INFO - DAG(s) 'ehr_data_pipeline' retrieved from /opt/airflow/dags/ehr_data_pipeline.py
[2026-06-04T15:30:39.402+0000] {logging_mixin.py:190} INFO - [2026-06-04T15:30:39.401+0000] {dag.py:3239} INFO - Sync 1 DAGs
[2026-06-04T15:30:39.431+0000] {logging_mixin.py:190} INFO - [2026-06-04T15:30:39.431+0000] {dag.py:4180} INFO - Setting next_dagrun for ehr_data_pipeline to 2026-06-04 00:00:00+00:00, run_after=2026-06-05 00:00:00+00:00
[2026-06-04T15:30:39.453+0000] {processor.py:208} INFO - Processing /opt/airflow/dags/ehr_data_pipeline.py took 0.104 seconds
[2026-06-04T15:31:09.711+0000] {processor.py:186} INFO - Started process (PID=2878) to work on /opt/airflow/dags/ehr_data_pipeline.py
[2026-06-04T15:31:09.712+0000] {processor.py:914} INFO - Processing file /opt/airflow/dags/ehr_data_pipeline.py for tasks to queue
[2026-06-04T15:31:09.715+0000] {logging_mixin.py:190} INFO - [2026-06-04T15:31:09.714+0000] {dagbag.py:588} INFO - Filling up the DagBag from /opt/airflow/dags/ehr_data_pipeline.py
[2026-06-04T15:31:09.733+0000] {processor.py:925} INFO - DAG(s) 'ehr_data_pipeline' retrieved from /opt/airflow/dags/ehr_data_pipeline.py
[2026-06-04T15:31:09.758+0000] {logging_mixin.py:190} INFO - [2026-06-04T15:31:09.757+0000] {dag.py:3239} INFO - Sync 1 DAGs
[2026-06-04T15:31:09.788+0000] {logging_mixin.py:190} INFO - [2026-06-04T15:31:09.788+0000] {dag.py:4180} INFO - Setting next_dagrun for ehr_data_pipeline to 2026-06-04 00:00:00+00:00, run_after=2026-06-05 00:00:00+00:00
[2026-06-04T15:31:09.822+0000] {processor.py:208} INFO - Processing /opt/airflow/dags/ehr_data_pipeline.py took 0.119 seconds
[2026-06-04T15:31:40.079+0000] {processor.py:186} INFO - Started process (PID=2888) to work on /opt/airflow/dags/ehr_data_pipeline.py
[2026-06-04T15:31:40.084+0000] {processor.py:914} INFO - Processing file /opt/airflow/dags/ehr_data_pipeline.py for tasks to queue
[2026-06-04T15:31:40.087+0000] {logging_mixin.py:190} INFO - [2026-06-04T15:31:40.086+0000] {dagbag.py:588} INFO - Filling up the DagBag from /opt/airflow/dags/ehr_data_pipeline.py
[2026-06-04T15:31:40.106+0000] {processor.py:925} INFO - DAG(s) 'ehr_data_pipeline' retrieved from /opt/airflow/dags/ehr_data_pipeline.py
[2026-06-04T15:31:40.131+0000] {logging_mixin.py:190} INFO - [2026-06-04T15:31:40.130+0000] {dag.py:3239} INFO - Sync 1 DAGs
[2026-06-04T15:31:40.159+0000] {logging_mixin.py:190} INFO - [2026-06-04T15:31:40.159+0000] {dag.py:4180} INFO - Setting next_dagrun for ehr_data_pipeline to 2026-06-04 00:00:00+00:00, run_after=2026-06-05 00:00:00+00:00
[2026-06-04T15:31:40.338+0000] {processor.py:208} INFO - Processing /opt/airflow/dags/ehr_data_pipeline.py took 0.266 seconds
[2026-06-04T15:32:10.599+0000] {processor.py:186} INFO - Started process (PID=2898) to work on /opt/airflow/dags/ehr_data_pipeline.py
[2026-06-04T15:32:10.601+0000] {processor.py:914} INFO - Processing file /opt/airflow/dags/ehr_data_pipeline.py for tasks to queue
[2026-06-04T15:32:10.603+0000] {logging_mixin.py:190} INFO - [2026-06-04T15:32:10.603+0000] {dagbag.py:588} INFO - Filling up the DagBag from /opt/airflow/dags/ehr_data_pipeline.py
[2026-06-04T15:32:10.622+0000] {processor.py:925} INFO - DAG(s) 'ehr_data_pipeline' retrieved from /opt/airflow/dags/ehr_data_pipeline.py
[2026-06-04T15:32:10.647+0000] {logging_mixin.py:190} INFO - [2026-06-04T15:32:10.646+0000] {dag.py:3239} INFO - Sync 1 DAGs
[2026-06-04T15:32:10.676+0000] {logging_mixin.py:190} INFO - [2026-06-04T15:32:10.675+0000] {dag.py:4180} INFO - Setting next_dagrun for ehr_data_pipeline to 2026-06-04 00:00:00+00:00, run_after=2026-06-05 00:00:00+00:00
[2026-06-04T15:32:10.702+0000] {processor.py:208} INFO - Processing /opt/airflow/dags/ehr_data_pipeline.py took 0.110 seconds
[2026-06-04T15:32:40.964+0000] {processor.py:186} INFO - Started process (PID=2908) to work on /opt/airflow/dags/ehr_data_pipeline.py
[2026-06-04T15:32:40.965+0000] {processor.py:914} INFO - Processing file /opt/airflow/dags/ehr_data_pipeline.py for tasks to queue
[2026-06-04T15:32:40.967+0000] {logging_mixin.py:190} INFO - [2026-06-04T15:32:40.967+0000] {dagbag.py:588} INFO - Filling up the DagBag from /opt/airflow/dags/ehr_data_pipeline.py
[2026-06-04T15:32:40.985+0000] {processor.py:925} INFO - DAG(s) 'ehr_data_pipeline' retrieved from /opt/airflow/dags/ehr_data_pipeline.py
[2026-06-04T15:32:41.007+0000] {logging_mixin.py:190} INFO - [2026-06-04T15:32:41.007+0000] {dag.py:3239} INFO - Sync 1 DAGs
[2026-06-04T15:32:41.034+0000] {logging_mixin.py:190} INFO - [2026-06-04T15:32:41.033+0000] {dag.py:4180} INFO - Setting next_dagrun for ehr_data_pipeline to 2026-06-04 00:00:00+00:00, run_after=2026-06-05 00:00:00+00:00
[2026-06-04T15:32:41.054+0000] {processor.py:208} INFO - Processing /opt/airflow/dags/ehr_data_pipeline.py took 0.098 seconds
[2026-06-04T15:33:11.320+0000] {processor.py:186} INFO - Started process (PID=2918) to work on /opt/airflow/dags/ehr_data_pipeline.py
[2026-06-04T15:33:11.321+0000] {processor.py:914} INFO - Processing file /opt/airflow/dags/ehr_data_pipeline.py for tasks to queue
[2026-06-04T15:33:11.323+0000] {logging_mixin.py:190} INFO - [2026-06-04T15:33:11.323+0000] {dagbag.py:588} INFO - Filling up the DagBag from /opt/airflow/dags/ehr_data_pipeline.py
[2026-06-04T15:33:11.339+0000] {processor.py:925} INFO - DAG(s) 'ehr_data_pipeline' retrieved from /opt/airflow/dags/ehr_data_pipeline.py
[2026-06-04T15:33:11.361+0000] {logging_mixin.py:190} INFO - [2026-06-04T15:33:11.361+0000] {dag.py:3239} INFO - Sync 1 DAGs
[2026-06-04T15:33:11.387+0000] {logging_mixin.py:190} INFO - [2026-06-04T15:33:11.386+0000] {dag.py:4180} INFO - Setting next_dagrun for ehr_data_pipeline to 2026-06-04 00:00:00+00:00, run_after=2026-06-05 00:00:00+00:00
[2026-06-04T15:33:11.570+0000] {processor.py:208} INFO - Processing /opt/airflow/dags/ehr_data_pipeline.py took 0.257 seconds
[2026-06-04T15:33:41.835+0000] {processor.py:186} INFO - Started process (PID=2928) to work on /opt/airflow/dags/ehr_data_pipeline.py
[2026-06-04T15:33:41.837+0000] {processor.py:914} INFO - Processing file /opt/airflow/dags/ehr_data_pipeline.py for tasks to queue
[2026-06-04T15:33:41.839+0000] {logging_mixin.py:190} INFO - [2026-06-04T15:33:41.839+0000] {dagbag.py:588} INFO - Filling up the DagBag from /opt/airflow/dags/ehr_data_pipeline.py
[2026-06-04T15:33:41.858+0000] {processor.py:925} INFO - DAG(s) 'ehr_data_pipeline' retrieved from /opt/airflow/dags/ehr_data_pipeline.py
[2026-06-04T15:33:41.882+0000] {logging_mixin.py:190} INFO - [2026-06-04T15:33:41.882+0000] {dag.py:3239} INFO - Sync 1 DAGs
[2026-06-04T15:33:41.909+0000] {logging_mixin.py:190} INFO - [2026-06-04T15:33:41.909+0000] {dag.py:4180} INFO - Setting next_dagrun for ehr_data_pipeline to 2026-06-04 00:00:00+00:00, run_after=2026-06-05 00:00:00+00:00
[2026-06-04T15:33:41.930+0000] {processor.py:208} INFO - Processing /opt/airflow/dags/ehr_data_pipeline.py took 0.102 seconds
[2026-06-04T15:34:12.182+0000] {processor.py:186} INFO - Started process (PID=2938) to work on /opt/airflow/dags/ehr_data_pipeline.py
[2026-06-04T15:34:12.188+0000] {processor.py:914} INFO - Processing file /opt/airflow/dags/ehr_data_pipeline.py for tasks to queue
[2026-06-04T15:34:12.191+0000] {logging_mixin.py:190} INFO - [2026-06-04T15:34:12.190+0000] {dagbag.py:588} INFO - Filling up the DagBag from /opt/airflow/dags/ehr_data_pipeline.py
[2026-06-04T15:34:12.209+0000] {processor.py:925} INFO - DAG(s) 'ehr_data_pipeline' retrieved from /opt/airflow/dags/ehr_data_pipeline.py
[2026-06-04T15:34:12.234+0000] {logging_mixin.py:190} INFO - [2026-06-04T15:34:12.233+0000] {dag.py:3239} INFO - Sync 1 DAGs
[2026-06-04T15:34:12.265+0000] {logging_mixin.py:190} INFO - [2026-06-04T15:34:12.264+0000] {dag.py:4180} INFO - Setting next_dagrun for ehr_data_pipeline to 2026-06-04 00:00:00+00:00, run_after=2026-06-05 00:00:00+00:00
[2026-06-04T15:34:12.290+0000] {processor.py:208} INFO - Processing /opt/airflow/dags/ehr_data_pipeline.py took 0.115 seconds
[2026-06-04T15:34:42.422+0000] {processor.py:186} INFO - Started process (PID=2948) to work on /opt/airflow/dags/ehr_data_pipeline.py
[2026-06-04T15:34:42.423+0000] {processor.py:914} INFO - Processing file /opt/airflow/dags/ehr_data_pipeline.py for tasks to queue
[2026-06-04T15:34:42.425+0000] {logging_mixin.py:190} INFO - [2026-06-04T15:34:42.425+0000] {dagbag.py:588} INFO - Filling up the DagBag from /opt/airflow/dags/ehr_data_pipeline.py
[2026-06-04T15:34:42.441+0000] {processor.py:925} INFO - DAG(s) 'ehr_data_pipeline' retrieved from /opt/airflow/dags/ehr_data_pipeline.py
[2026-06-04T15:34:42.461+0000] {logging_mixin.py:190} INFO - [2026-06-04T15:34:42.461+0000] {dag.py:3239} INFO - Sync 1 DAGs
[2026-06-04T15:34:42.487+0000] {logging_mixin.py:190} INFO - [2026-06-04T15:34:42.487+0000] {dag.py:4180} INFO - Setting next_dagrun for ehr_data_pipeline to 2026-06-04 00:00:00+00:00, run_after=2026-06-05 00:00:00+00:00
[2026-06-04T15:34:42.663+0000] {processor.py:208} INFO - Processing /opt/airflow/dags/ehr_data_pipeline.py took 0.247 seconds
[2026-06-04T15:35:12.918+0000] {processor.py:186} INFO - Started process (PID=2958) to work on /opt/airflow/dags/ehr_data_pipeline.py
[2026-06-04T15:35:12.920+0000] {processor.py:914} INFO - Processing file /opt/airflow/dags/ehr_data_pipeline.py for tasks to queue
[2026-06-04T15:35:12.922+0000] {logging_mixin.py:190} INFO - [2026-06-04T15:35:12.922+0000] {dagbag.py:588} INFO - Filling up the DagBag from /opt/airflow/dags/ehr_data_pipeline.py
[2026-06-04T15:35:12.939+0000] {processor.py:925} INFO - DAG(s) 'ehr_data_pipeline' retrieved from /opt/airflow/dags/ehr_data_pipeline.py
[2026-06-04T15:35:12.960+0000] {logging_mixin.py:190} INFO - [2026-06-04T15:35:12.959+0000] {dag.py:3239} INFO - Sync 1 DAGs
[2026-06-04T15:35:12.984+0000] {logging_mixin.py:190} INFO - [2026-06-04T15:35:12.983+0000] {dag.py:4180} INFO - Setting next_dagrun for ehr_data_pipeline to 2026-06-04 00:00:00+00:00, run_after=2026-06-05 00:00:00+00:00
[2026-06-04T15:35:13.004+0000] {processor.py:208} INFO - Processing /opt/airflow/dags/ehr_data_pipeline.py took 0.091 seconds
[2026-06-04T15:35:43.243+0000] {processor.py:186} INFO - Started process (PID=2968) to work on /opt/airflow/dags/ehr_data_pipeline.py
[2026-06-04T15:35:43.244+0000] {processor.py:914} INFO - Processing file /opt/airflow/dags/ehr_data_pipeline.py for tasks to queue
[2026-06-04T15:35:43.247+0000] {logging_mixin.py:190} INFO - [2026-06-04T15:35:43.247+0000] {dagbag.py:588} INFO - Filling up the DagBag from /opt/airflow/dags/ehr_data_pipeline.py
[2026-06-04T15:35:43.267+0000] {processor.py:925} INFO - DAG(s) 'ehr_data_pipeline' retrieved from /opt/airflow/dags/ehr_data_pipeline.py
[2026-06-04T15:35:43.293+0000] {logging_mixin.py:190} INFO - [2026-06-04T15:35:43.293+0000] {dag.py:3239} INFO - Sync 1 DAGs
[2026-06-04T15:35:43.325+0000] {logging_mixin.py:190} INFO - [2026-06-04T15:35:43.324+0000] {dag.py:4180} INFO - Setting next_dagrun for ehr_data_pipeline to 2026-06-04 00:00:00+00:00, run_after=2026-06-05 00:00:00+00:00
[2026-06-04T15:35:43.350+0000] {processor.py:208} INFO - Processing /opt/airflow/dags/ehr_data_pipeline.py took 0.115 seconds
[2026-06-04T15:36:13.603+0000] {processor.py:186} INFO - Started process (PID=2978) to work on /opt/airflow/dags/ehr_data_pipeline.py
[2026-06-04T15:36:13.605+0000] {processor.py:914} INFO - Processing file /opt/airflow/dags/ehr_data_pipeline.py for tasks to queue
[2026-06-04T15:36:13.607+0000] {logging_mixin.py:190} INFO - [2026-06-04T15:36:13.606+0000] {dagbag.py:588} INFO - Filling up the DagBag from /opt/airflow/dags/ehr_data_pipeline.py
[2026-06-04T15:36:13.624+0000] {processor.py:925} INFO - DAG(s) 'ehr_data_pipeline' retrieved from /opt/airflow/dags/ehr_data_pipeline.py
[2026-06-04T15:36:13.648+0000] {logging_mixin.py:190} INFO - [2026-06-04T15:36:13.648+0000] {dag.py:3239} INFO - Sync 1 DAGs
[2026-06-04T15:36:13.676+0000] {logging_mixin.py:190} INFO - [2026-06-04T15:36:13.676+0000] {dag.py:4180} INFO - Setting next_dagrun for ehr_data_pipeline to 2026-06-04 00:00:00+00:00, run_after=2026-06-05 00:00:00+00:00
[2026-06-04T15:36:13.868+0000] {processor.py:208} INFO - Processing /opt/airflow/dags/ehr_data_pipeline.py took 0.273 seconds
[2026-06-04T15:36:44.134+0000] {processor.py:186} INFO - Started process (PID=2988) to work on /opt/airflow/dags/ehr_data_pipeline.py
[2026-06-04T15:36:44.135+0000] {processor.py:914} INFO - Processing file /opt/airflow/dags/ehr_data_pipeline.py for tasks to queue
[2026-06-04T15:36:44.138+0000] {logging_mixin.py:190} INFO - [2026-06-04T15:36:44.137+0000] {dagbag.py:588} INFO - Filling up the DagBag from /opt/airflow/dags/ehr_data_pipeline.py
[2026-06-04T15:36:44.156+0000] {processor.py:925} INFO - DAG(s) 'ehr_data_pipeline' retrieved from /opt/airflow/dags/ehr_data_pipeline.py
[2026-06-04T15:36:44.181+0000] {logging_mixin.py:190} INFO - [2026-06-04T15:36:44.181+0000] {dag.py:3239} INFO - Sync 1 DAGs
[2026-06-04T15:36:44.211+0000] {logging_mixin.py:190} INFO - [2026-06-04T15:36:44.211+0000] {dag.py:4180} INFO - Setting next_dagrun for ehr_data_pipeline to 2026-06-04 00:00:00+00:00, run_after=2026-06-05 00:00:00+00:00
[2026-06-04T15:36:44.234+0000] {processor.py:208} INFO - Processing /opt/airflow/dags/ehr_data_pipeline.py took 0.106 seconds
[2026-06-04T15:37:14.489+0000] {processor.py:186} INFO - Started process (PID=2998) to work on /opt/airflow/dags/ehr_data_pipeline.py
[2026-06-04T15:37:14.494+0000] {processor.py:914} INFO - Processing file /opt/airflow/dags/ehr_data_pipeline.py for tasks to queue
[2026-06-04T15:37:14.496+0000] {logging_mixin.py:190} INFO - [2026-06-04T15:37:14.496+0000] {dagbag.py:588} INFO - Filling up the DagBag from /opt/airflow/dags/ehr_data_pipeline.py
[2026-06-04T15:37:14.514+0000] {processor.py:925} INFO - DAG(s) 'ehr_data_pipeline' retrieved from /opt/airflow/dags/ehr_data_pipeline.py
[2026-06-04T15:37:14.538+0000] {logging_mixin.py:190} INFO - [2026-06-04T15:37:14.538+0000] {dag.py:3239} INFO - Sync 1 DAGs
[2026-06-04T15:37:14.567+0000] {logging_mixin.py:190} INFO - [2026-06-04T15:37:14.566+0000] {dag.py:4180} INFO - Setting next_dagrun for ehr_data_pipeline to 2026-06-04 00:00:00+00:00, run_after=2026-06-05 00:00:00+00:00
[2026-06-04T15:37:14.602+0000] {processor.py:208} INFO - Processing /opt/airflow/dags/ehr_data_pipeline.py took 0.122 seconds
[2026-06-04T15:37:44.859+0000] {processor.py:186} INFO - Started process (PID=3008) to work on /opt/airflow/dags/ehr_data_pipeline.py
[2026-06-04T15:37:44.860+0000] {processor.py:914} INFO - Processing file /opt/airflow/dags/ehr_data_pipeline.py for tasks to queue
[2026-06-04T15:37:44.863+0000] {logging_mixin.py:190} INFO - [2026-06-04T15:37:44.862+0000] {dagbag.py:588} INFO - Filling up the DagBag from /opt/airflow/dags/ehr_data_pipeline.py
[2026-06-04T15:37:44.882+0000] {processor.py:925} INFO - DAG(s) 'ehr_data_pipeline' retrieved from /opt/airflow/dags/ehr_data_pipeline.py
[2026-06-04T15:37:44.905+0000] {logging_mixin.py:190} INFO - [2026-06-04T15:37:44.905+0000] {dag.py:3239} INFO - Sync 1 DAGs
[2026-06-04T15:37:44.931+0000] {logging_mixin.py:190} INFO - [2026-06-04T15:37:44.931+0000] {dag.py:4180} INFO - Setting next_dagrun for ehr_data_pipeline to 2026-06-04 00:00:00+00:00, run_after=2026-06-05 00:00:00+00:00
[2026-06-04T15:37:45.106+0000] {processor.py:208} INFO - Processing /opt/airflow/dags/ehr_data_pipeline.py took 0.254 seconds
[2026-06-04T15:38:15.388+0000] {processor.py:186} INFO - Started process (PID=3018) to work on /opt/airflow/dags/ehr_data_pipeline.py
[2026-06-04T15:38:15.390+0000] {processor.py:914} INFO - Processing file /opt/airflow/dags/ehr_data_pipeline.py for tasks to queue
[2026-06-04T15:38:15.392+0000] {logging_mixin.py:190} INFO - [2026-06-04T15:38:15.392+0000] {dagbag.py:588} INFO - Filling up the DagBag from /opt/airflow/dags/ehr_data_pipeline.py
[2026-06-04T15:38:15.411+0000] {processor.py:925} INFO - DAG(s) 'ehr_data_pipeline' retrieved from /opt/airflow/dags/ehr_data_pipeline.py
[2026-06-04T15:38:15.438+0000] {logging_mixin.py:190} INFO - [2026-06-04T15:38:15.437+0000] {dag.py:3239} INFO - Sync 1 DAGs
[2026-06-04T15:38:15.467+0000] {logging_mixin.py:190} INFO - [2026-06-04T15:38:15.467+0000] {dag.py:4180} INFO - Setting next_dagrun for ehr_data_pipeline to 2026-06-04 00:00:00+00:00, run_after=2026-06-05 00:00:00+00:00
[2026-06-04T15:38:15.489+0000] {processor.py:208} INFO - Processing /opt/airflow/dags/ehr_data_pipeline.py took 0.109 seconds
[2026-06-04T15:38:45.747+0000] {processor.py:186} INFO - Started process (PID=3028) to work on /opt/airflow/dags/ehr_data_pipeline.py
[2026-06-04T15:38:45.749+0000] {processor.py:914} INFO - Processing file /opt/airflow/dags/ehr_data_pipeline.py for tasks to queue
[2026-06-04T15:38:45.751+0000] {logging_mixin.py:190} INFO - [2026-06-04T15:38:45.751+0000] {dagbag.py:588} INFO - Filling up the DagBag from /opt/airflow/dags/ehr_data_pipeline.py
[2026-06-04T15:38:45.770+0000] {processor.py:925} INFO - DAG(s) 'ehr_data_pipeline' retrieved from /opt/airflow/dags/ehr_data_pipeline.py
[2026-06-04T15:38:45.795+0000] {logging_mixin.py:190} INFO - [2026-06-04T15:38:45.795+0000] {dag.py:3239} INFO - Sync 1 DAGs
[2026-06-04T15:38:45.823+0000] {logging_mixin.py:190} INFO - [2026-06-04T15:38:45.823+0000] {dag.py:4180} INFO - Setting next_dagrun for ehr_data_pipeline to 2026-06-04 00:00:00+00:00, run_after=2026-06-05 00:00:00+00:00
[2026-06-04T15:38:45.845+0000] {processor.py:208} INFO - Processing /opt/airflow/dags/ehr_data_pipeline.py took 0.105 seconds
[2026-06-04T15:39:16.107+0000] {processor.py:186} INFO - Started process (PID=3038) to work on /opt/airflow/dags/ehr_data_pipeline.py
[2026-06-04T15:39:16.115+0000] {processor.py:914} INFO - Processing file /opt/airflow/dags/ehr_data_pipeline.py for tasks to queue
[2026-06-04T15:39:16.117+0000] {logging_mixin.py:190} INFO - [2026-06-04T15:39:16.117+0000] {dagbag.py:588} INFO - Filling up the DagBag from /opt/airflow/dags/ehr_data_pipeline.py
[2026-06-04T15:39:16.131+0000] {processor.py:925} INFO - DAG(s) 'ehr_data_pipeline' retrieved from /opt/airflow/dags/ehr_data_pipeline.py
[2026-06-04T15:39:16.153+0000] {logging_mixin.py:190} INFO - [2026-06-04T15:39:16.153+0000] {dag.py:3239} INFO - Sync 1 DAGs
[2026-06-04T15:39:16.176+0000] {logging_mixin.py:190} INFO - [2026-06-04T15:39:16.176+0000] {dag.py:4180} INFO - Setting next_dagrun for ehr_data_pipeline to 2026-06-04 00:00:00+00:00, run_after=2026-06-05 00:00:00+00:00
[2026-06-04T15:39:16.354+0000] {processor.py:208} INFO - Processing /opt/airflow/dags/ehr_data_pipeline.py took 0.254 seconds
[2026-06-04T15:39:46.618+0000] {processor.py:186} INFO - Started process (PID=3048) to work on /opt/airflow/dags/ehr_data_pipeline.py
[2026-06-04T15:39:46.627+0000] {processor.py:914} INFO - Processing file /opt/airflow/dags/ehr_data_pipeline.py for tasks to queue
[2026-06-04T15:39:46.629+0000] {logging_mixin.py:190} INFO - [2026-06-04T15:39:46.629+0000] {dagbag.py:588} INFO - Filling up the DagBag from /opt/airflow/dags/ehr_data_pipeline.py
[2026-06-04T15:39:46.649+0000] {processor.py:925} INFO - DAG(s) 'ehr_data_pipeline' retrieved from /opt/airflow/dags/ehr_data_pipeline.py
[2026-06-04T15:39:46.676+0000] {logging_mixin.py:190} INFO - [2026-06-04T15:39:46.676+0000] {dag.py:3239} INFO - Sync 1 DAGs
[2026-06-04T15:39:46.708+0000] {logging_mixin.py:190} INFO - [2026-06-04T15:39:46.708+0000] {dag.py:4180} INFO - Setting next_dagrun for ehr_data_pipeline to 2026-06-04 00:00:00+00:00, run_after=2026-06-05 00:00:00+00:00
[2026-06-04T15:39:46.732+0000] {processor.py:208} INFO - Processing /opt/airflow/dags/ehr_data_pipeline.py took 0.121 seconds
[2026-06-04T15:40:16.979+0000] {processor.py:186} INFO - Started process (PID=3058) to work on /opt/airflow/dags/ehr_data_pipeline.py
[2026-06-04T15:40:16.980+0000] {processor.py:914} INFO - Processing file /opt/airflow/dags/ehr_data_pipeline.py for tasks to queue
[2026-06-04T15:40:16.982+0000] {logging_mixin.py:190} INFO - [2026-06-04T15:40:16.982+0000] {dagbag.py:588} INFO - Filling up the DagBag from /opt/airflow/dags/ehr_data_pipeline.py
[2026-06-04T15:40:17.001+0000] {processor.py:925} INFO - DAG(s) 'ehr_data_pipeline' retrieved from /opt/airflow/dags/ehr_data_pipeline.py
[2026-06-04T15:40:17.027+0000] {logging_mixin.py:190} INFO - [2026-06-04T15:40:17.026+0000] {dag.py:3239} INFO - Sync 1 DAGs
[2026-06-04T15:40:17.055+0000] {logging_mixin.py:190} INFO - [2026-06-04T15:40:17.055+0000] {dag.py:4180} INFO - Setting next_dagrun for ehr_data_pipeline to 2026-06-04 00:00:00+00:00, run_after=2026-06-05 00:00:00+00:00
[2026-06-04T15:40:17.082+0000] {processor.py:208} INFO - Processing /opt/airflow/dags/ehr_data_pipeline.py took 0.110 seconds
[2026-06-04T15:40:47.318+0000] {processor.py:186} INFO - Started process (PID=3068) to work on /opt/airflow/dags/ehr_data_pipeline.py
[2026-06-04T15:40:47.326+0000] {processor.py:914} INFO - Processing file /opt/airflow/dags/ehr_data_pipeline.py for tasks to queue
[2026-06-04T15:40:47.328+0000] {logging_mixin.py:190} INFO - [2026-06-04T15:40:47.328+0000] {dagbag.py:588} INFO - Filling up the DagBag from /opt/airflow/dags/ehr_data_pipeline.py
[2026-06-04T15:40:47.344+0000] {processor.py:925} INFO - DAG(s) 'ehr_data_pipeline' retrieved from /opt/airflow/dags/ehr_data_pipeline.py
[2026-06-04T15:40:47.365+0000] {logging_mixin.py:190} INFO - [2026-06-04T15:40:47.365+0000] {dag.py:3239} INFO - Sync 1 DAGs
[2026-06-04T15:40:47.392+0000] {logging_mixin.py:190} INFO - [2026-06-04T15:40:47.391+0000] {dag.py:4180} INFO - Setting next_dagrun for ehr_data_pipeline to 2026-06-04 00:00:00+00:00, run_after=2026-06-05 00:00:00+00:00
[2026-06-04T15:40:47.572+0000] {processor.py:208} INFO - Processing /opt/airflow/dags/ehr_data_pipeline.py took 0.261 seconds
[2026-06-04T15:41:17.827+0000] {processor.py:186} INFO - Started process (PID=3078) to work on /opt/airflow/dags/ehr_data_pipeline.py
[2026-06-04T15:41:17.828+0000] {processor.py:914} INFO - Processing file /opt/airflow/dags/ehr_data_pipeline.py for tasks to queue
[2026-06-04T15:41:17.831+0000] {logging_mixin.py:190} INFO - [2026-06-04T15:41:17.830+0000] {dagbag.py:588} INFO - Filling up the DagBag from /opt/airflow/dags/ehr_data_pipeline.py
[2026-06-04T15:41:17.848+0000] {processor.py:925} INFO - DAG(s) 'ehr_data_pipeline' retrieved from /opt/airflow/dags/ehr_data_pipeline.py
[2026-06-04T15:41:17.871+0000] {logging_mixin.py:190} INFO - [2026-06-04T15:41:17.871+0000] {dag.py:3239} INFO - Sync 1 DAGs
[2026-06-04T15:41:17.898+0000] {logging_mixin.py:190} INFO - [2026-06-04T15:41:17.898+0000] {dag.py:4180} INFO - Setting next_dagrun for ehr_data_pipeline to 2026-06-04 00:00:00+00:00, run_after=2026-06-05 00:00:00+00:00
[2026-06-04T15:41:17.918+0000] {processor.py:208} INFO - Processing /opt/airflow/dags/ehr_data_pipeline.py took 0.098 seconds
[2026-06-04T15:41:48.174+0000] {processor.py:186} INFO - Started process (PID=3088) to work on /opt/airflow/dags/ehr_data_pipeline.py
[2026-06-04T15:41:48.183+0000] {processor.py:914} INFO - Processing file /opt/airflow/dags/ehr_data_pipeline.py for tasks to queue
[2026-06-04T15:41:48.185+0000] {logging_mixin.py:190} INFO - [2026-06-04T15:41:48.185+0000] {dagbag.py:588} INFO - Filling up the DagBag from /opt/airflow/dags/ehr_data_pipeline.py
[2026-06-04T15:41:48.205+0000] {processor.py:925} INFO - DAG(s) 'ehr_data_pipeline' retrieved from /opt/airflow/dags/ehr_data_pipeline.py
[2026-06-04T15:41:48.229+0000] {logging_mixin.py:190} INFO - [2026-06-04T15:41:48.229+0000] {dag.py:3239} INFO - Sync 1 DAGs
[2026-06-04T15:41:48.258+0000] {logging_mixin.py:190} INFO - [2026-06-04T15:41:48.258+0000] {dag.py:4180} INFO - Setting next_dagrun for ehr_data_pipeline to 2026-06-04 00:00:00+00:00, run_after=2026-06-05 00:00:00+00:00
[2026-06-04T15:41:48.278+0000] {processor.py:208} INFO - Processing /opt/airflow/dags/ehr_data_pipeline.py took 0.111 seconds
[2026-06-04T15:42:18.535+0000] {processor.py:186} INFO - Started process (PID=3098) to work on /opt/airflow/dags/ehr_data_pipeline.py
[2026-06-04T15:42:18.543+0000] {processor.py:914} INFO - Processing file /opt/airflow/dags/ehr_data_pipeline.py for tasks to queue
[2026-06-04T15:42:18.546+0000] {logging_mixin.py:190} INFO - [2026-06-04T15:42:18.546+0000] {dagbag.py:588} INFO - Filling up the DagBag from /opt/airflow/dags/ehr_data_pipeline.py
[2026-06-04T15:42:18.566+0000] {processor.py:925} INFO - DAG(s) 'ehr_data_pipeline' retrieved from /opt/airflow/dags/ehr_data_pipeline.py
[2026-06-04T15:42:18.593+0000] {logging_mixin.py:190} INFO - [2026-06-04T15:42:18.593+0000] {dag.py:3239} INFO - Sync 1 DAGs
[2026-06-04T15:42:18.628+0000] {logging_mixin.py:190} INFO - [2026-06-04T15:42:18.628+0000] {dag.py:4180} INFO - Setting next_dagrun for ehr_data_pipeline to 2026-06-04 00:00:00+00:00, run_after=2026-06-05 00:00:00+00:00
[2026-06-04T15:42:18.814+0000] {processor.py:208} INFO - Processing /opt/airflow/dags/ehr_data_pipeline.py took 0.287 seconds
[2026-06-04T15:42:49.053+0000] {processor.py:186} INFO - Started process (PID=3108) to work on /opt/airflow/dags/ehr_data_pipeline.py
[2026-06-04T15:42:49.061+0000] {processor.py:914} INFO - Processing file /opt/airflow/dags/ehr_data_pipeline.py for tasks to queue
[2026-06-04T15:42:49.064+0000] {logging_mixin.py:190} INFO - [2026-06-04T15:42:49.063+0000] {dagbag.py:588} INFO - Filling up the DagBag from /opt/airflow/dags/ehr_data_pipeline.py
[2026-06-04T15:42:49.083+0000] {processor.py:925} INFO - DAG(s) 'ehr_data_pipeline' retrieved from /opt/airflow/dags/ehr_data_pipeline.py
[2026-06-04T15:42:49.113+0000] {logging_mixin.py:190} INFO - [2026-06-04T15:42:49.112+0000] {dag.py:3239} INFO - Sync 1 DAGs
[2026-06-04T15:42:49.150+0000] {logging_mixin.py:190} INFO - [2026-06-04T15:42:49.150+0000] {dag.py:4180} INFO - Setting next_dagrun for ehr_data_pipeline to 2026-06-04 00:00:00+00:00, run_after=2026-06-05 00:00:00+00:00
[2026-06-04T15:42:49.177+0000] {processor.py:208} INFO - Processing /opt/airflow/dags/ehr_data_pipeline.py took 0.130 seconds
[2026-06-04T15:43:19.327+0000] {processor.py:186} INFO - Started process (PID=3118) to work on /opt/airflow/dags/ehr_data_pipeline.py
[2026-06-04T15:43:19.329+0000] {processor.py:914} INFO - Processing file /opt/airflow/dags/ehr_data_pipeline.py for tasks to queue
[2026-06-04T15:43:19.331+0000] {logging_mixin.py:190} INFO - [2026-06-04T15:43:19.331+0000] {dagbag.py:588} INFO - Filling up the DagBag from /opt/airflow/dags/ehr_data_pipeline.py
[2026-06-04T15:43:19.352+0000] {processor.py:925} INFO - DAG(s) 'ehr_data_pipeline' retrieved from /opt/airflow/dags/ehr_data_pipeline.py
[2026-06-04T15:43:19.382+0000] {logging_mixin.py:190} INFO - [2026-06-04T15:43:19.381+0000] {dag.py:3239} INFO - Sync 1 DAGs
[2026-06-04T15:43:19.414+0000] {logging_mixin.py:190} INFO - [2026-06-04T15:43:19.414+0000] {dag.py:4180} INFO - Setting next_dagrun for ehr_data_pipeline to 2026-06-04 00:00:00+00:00, run_after=2026-06-05 00:00:00+00:00
[2026-06-04T15:43:19.440+0000] {processor.py:208} INFO - Processing /opt/airflow/dags/ehr_data_pipeline.py took 0.120 seconds
[2026-06-04T15:43:49.698+0000] {processor.py:186} INFO - Started process (PID=3128) to work on /opt/airflow/dags/ehr_data_pipeline.py
[2026-06-04T15:43:49.706+0000] {processor.py:914} INFO - Processing file /opt/airflow/dags/ehr_data_pipeline.py for tasks to queue
[2026-06-04T15:43:49.708+0000] {logging_mixin.py:190} INFO - [2026-06-04T15:43:49.708+0000] {dagbag.py:588} INFO - Filling up the DagBag from /opt/airflow/dags/ehr_data_pipeline.py
[2026-06-04T15:43:49.729+0000] {processor.py:925} INFO - DAG(s) 'ehr_data_pipeline' retrieved from /opt/airflow/dags/ehr_data_pipeline.py
[2026-06-04T15:43:49.755+0000] {logging_mixin.py:190} INFO - [2026-06-04T15:43:49.754+0000] {dag.py:3239} INFO - Sync 1 DAGs
[2026-06-04T15:43:49.786+0000] {logging_mixin.py:190} INFO - [2026-06-04T15:43:49.786+0000] {dag.py:4180} INFO - Setting next_dagrun for ehr_data_pipeline to 2026-06-04 00:00:00+00:00, run_after=2026-06-05 00:00:00+00:00
[2026-06-04T15:43:49.977+0000] {processor.py:208} INFO - Processing /opt/airflow/dags/ehr_data_pipeline.py took 0.287 seconds
[2026-06-04T15:44:20.232+0000] {processor.py:186} INFO - Started process (PID=3138) to work on /opt/airflow/dags/ehr_data_pipeline.py
[2026-06-04T15:44:20.243+0000] {processor.py:914} INFO - Processing file /opt/airflow/dags/ehr_data_pipeline.py for tasks to queue
[2026-06-04T15:44:20.249+0000] {logging_mixin.py:190} INFO - [2026-06-04T15:44:20.248+0000] {dagbag.py:588} INFO - Filling up the DagBag from /opt/airflow/dags/ehr_data_pipeline.py
[2026-06-04T15:44:20.271+0000] {processor.py:925} INFO - DAG(s) 'ehr_data_pipeline' retrieved from /opt/airflow/dags/ehr_data_pipeline.py
[2026-06-04T15:44:20.463+0000] {logging_mixin.py:190} INFO - [2026-06-04T15:44:20.463+0000] {dag.py:3239} INFO - Sync 1 DAGs
[2026-06-04T15:44:20.495+0000] {logging_mixin.py:190} INFO - [2026-06-04T15:44:20.495+0000] {dag.py:4180} INFO - Setting next_dagrun for ehr_data_pipeline to 2026-06-04 00:00:00+00:00, run_after=2026-06-05 00:00:00+00:00
[2026-06-04T15:44:20.528+0000] {processor.py:208} INFO - Processing /opt/airflow/dags/ehr_data_pipeline.py took 0.303 seconds
[2026-06-04T15:44:50.616+0000] {processor.py:186} INFO - Started process (PID=3148) to work on /opt/airflow/dags/ehr_data_pipeline.py
[2026-06-04T15:44:50.621+0000] {processor.py:914} INFO - Processing file /opt/airflow/dags/ehr_data_pipeline.py for tasks to queue
[2026-06-04T15:44:50.629+0000] {logging_mixin.py:190} INFO - [2026-06-04T15:44:50.629+0000] {dagbag.py:588} INFO - Filling up the DagBag from /opt/airflow/dags/ehr_data_pipeline.py
[2026-06-04T15:44:50.654+0000] {processor.py:925} INFO - DAG(s) 'ehr_data_pipeline' retrieved from /opt/airflow/dags/ehr_data_pipeline.py
[2026-06-04T15:44:50.685+0000] {logging_mixin.py:190} INFO - [2026-06-04T15:44:50.684+0000] {dag.py:3239} INFO - Sync 1 DAGs
[2026-06-04T15:44:50.720+0000] {logging_mixin.py:190} INFO - [2026-06-04T15:44:50.720+0000] {dag.py:4180} INFO - Setting next_dagrun for ehr_data_pipeline to 2026-06-04 00:00:00+00:00, run_after=2026-06-05 00:00:00+00:00
[2026-06-04T15:44:50.750+0000] {processor.py:208} INFO - Processing /opt/airflow/dags/ehr_data_pipeline.py took 0.141 seconds
[2026-06-04T15:45:21.064+0000] {processor.py:186} INFO - Started process (PID=3158) to work on /opt/airflow/dags/ehr_data_pipeline.py
[2026-06-04T15:45:21.069+0000] {processor.py:914} INFO - Processing file /opt/airflow/dags/ehr_data_pipeline.py for tasks to queue
[2026-06-04T15:45:21.074+0000] {logging_mixin.py:190} INFO - [2026-06-04T15:45:21.074+0000] {dagbag.py:588} INFO - Filling up the DagBag from /opt/airflow/dags/ehr_data_pipeline.py
[2026-06-04T15:45:21.094+0000] {processor.py:925} INFO - DAG(s) 'ehr_data_pipeline' retrieved from /opt/airflow/dags/ehr_data_pipeline.py
[2026-06-04T15:45:21.125+0000] {logging_mixin.py:190} INFO - [2026-06-04T15:45:21.124+0000] {dag.py:3239} INFO - Sync 1 DAGs
[2026-06-04T15:45:21.162+0000] {logging_mixin.py:190} INFO - [2026-06-04T15:45:21.161+0000] {dag.py:4180} INFO - Setting next_dagrun for ehr_data_pipeline to 2026-06-04 00:00:00+00:00, run_after=2026-06-05 00:00:00+00:00
[2026-06-04T15:45:21.402+0000] {processor.py:208} INFO - Processing /opt/airflow/dags/ehr_data_pipeline.py took 0.344 seconds
[2026-06-04T15:45:51.711+0000] {processor.py:186} INFO - Started process (PID=3168) to work on /opt/airflow/dags/ehr_data_pipeline.py
[2026-06-04T15:45:51.715+0000] {processor.py:914} INFO - Processing file /opt/airflow/dags/ehr_data_pipeline.py for tasks to queue
[2026-06-04T15:45:51.721+0000] {logging_mixin.py:190} INFO - [2026-06-04T15:45:51.721+0000] {dagbag.py:588} INFO - Filling up the DagBag from /opt/airflow/dags/ehr_data_pipeline.py
[2026-06-04T15:45:51.746+0000] {processor.py:925} INFO - DAG(s) 'ehr_data_pipeline' retrieved from /opt/airflow/dags/ehr_data_pipeline.py
[2026-06-04T15:45:51.990+0000] {logging_mixin.py:190} INFO - [2026-06-04T15:45:51.990+0000] {dag.py:3239} INFO - Sync 1 DAGs
[2026-06-04T15:45:52.019+0000] {logging_mixin.py:190} INFO - [2026-06-04T15:45:52.018+0000] {dag.py:4180} INFO - Setting next_dagrun for ehr_data_pipeline to 2026-06-04 00:00:00+00:00, run_after=2026-06-05 00:00:00+00:00
[2026-06-04T15:45:52.044+0000] {processor.py:208} INFO - Processing /opt/airflow/dags/ehr_data_pipeline.py took 0.341 seconds
[2026-06-04T15:46:22.155+0000] {processor.py:186} INFO - Started process (PID=3178) to work on /opt/airflow/dags/ehr_data_pipeline.py
[2026-06-04T15:46:35.331+0000] {processor.py:914} INFO - Processing file /opt/airflow/dags/ehr_data_pipeline.py for tasks to queue
[2026-06-04T15:46:46.604+0000] {logging_mixin.py:190} INFO - [2026-06-04T15:46:46.603+0000] {dagbag.py:588} INFO - Filling up the DagBag from /opt/airflow/dags/ehr_data_pipeline.py
[2026-06-04T15:46:46.639+0000] {processor.py:925} INFO - DAG(s) 'ehr_data_pipeline' retrieved from /opt/airflow/dags/ehr_data_pipeline.py
[2026-06-04T15:46:46.684+0000] {logging_mixin.py:190} INFO - [2026-06-04T15:46:46.684+0000] {dag.py:3239} INFO - Sync 1 DAGs
[2026-06-04T15:46:46.723+0000] {logging_mixin.py:190} INFO - [2026-06-04T15:46:46.723+0000] {dag.py:4180} INFO - Setting next_dagrun for ehr_data_pipeline to 2026-06-04 00:00:00+00:00, run_after=2026-06-05 00:00:00+00:00
[2026-06-04T15:46:46.754+0000] {processor.py:208} INFO - Processing /opt/airflow/dags/ehr_data_pipeline.py took 24.606 seconds
[2026-06-04T15:47:16.973+0000] {processor.py:186} INFO - Started process (PID=3193) to work on /opt/airflow/dags/ehr_data_pipeline.py
[2026-06-04T15:47:18.279+0000] {processor.py:914} INFO - Processing file /opt/airflow/dags/ehr_data_pipeline.py for tasks to queue
[2026-06-04T15:47:18.290+0000] {logging_mixin.py:190} INFO - [2026-06-04T15:47:18.289+0000] {dagbag.py:588} INFO - Filling up the DagBag from /opt/airflow/dags/ehr_data_pipeline.py
[2026-06-04T15:47:18.326+0000] {processor.py:925} INFO - DAG(s) 'ehr_data_pipeline' retrieved from /opt/airflow/dags/ehr_data_pipeline.py
[2026-06-04T15:47:18.374+0000] {logging_mixin.py:190} INFO - [2026-06-04T15:47:18.373+0000] {dag.py:3239} INFO - Sync 1 DAGs
[2026-06-04T15:47:18.638+0000] {logging_mixin.py:190} INFO - [2026-06-04T15:47:18.638+0000] {dag.py:4180} INFO - Setting next_dagrun for ehr_data_pipeline to 2026-06-04 00:00:00+00:00, run_after=2026-06-05 00:00:00+00:00
[2026-06-04T15:47:18.662+0000] {processor.py:208} INFO - Processing /opt/airflow/dags/ehr_data_pipeline.py took 1.697 seconds
[2026-06-04T15:47:48.912+0000] {processor.py:186} INFO - Started process (PID=3203) to work on /opt/airflow/dags/ehr_data_pipeline.py
[2026-06-04T15:47:48.918+0000] {processor.py:914} INFO - Processing file /opt/airflow/dags/ehr_data_pipeline.py for tasks to queue
[2026-06-04T15:47:48.923+0000] {logging_mixin.py:190} INFO - [2026-06-04T15:47:48.923+0000] {dagbag.py:588} INFO - Filling up the DagBag from /opt/airflow/dags/ehr_data_pipeline.py
[2026-06-04T15:47:48.945+0000] {processor.py:925} INFO - DAG(s) 'ehr_data_pipeline' retrieved from /opt/airflow/dags/ehr_data_pipeline.py
[2026-06-04T15:47:48.969+0000] {logging_mixin.py:190} INFO - [2026-06-04T15:47:48.968+0000] {dag.py:3239} INFO - Sync 1 DAGs
[2026-06-04T15:47:48.997+0000] {logging_mixin.py:190} INFO - [2026-06-04T15:47:48.997+0000] {dag.py:4180} INFO - Setting next_dagrun for ehr_data_pipeline to 2026-06-04 00:00:00+00:00, run_after=2026-06-05 00:00:00+00:00
[2026-06-04T15:47:49.018+0000] {processor.py:208} INFO - Processing /opt/airflow/dags/ehr_data_pipeline.py took 0.115 seconds
[2026-06-04T15:48:19.286+0000] {processor.py:186} INFO - Started process (PID=3213) to work on /opt/airflow/dags/ehr_data_pipeline.py
[2026-06-04T15:48:19.291+0000] {processor.py:914} INFO - Processing file /opt/airflow/dags/ehr_data_pipeline.py for tasks to queue
[2026-06-04T15:48:19.296+0000] {logging_mixin.py:190} INFO - [2026-06-04T15:48:19.296+0000] {dagbag.py:588} INFO - Filling up the DagBag from /opt/airflow/dags/ehr_data_pipeline.py
[2026-06-04T15:48:19.320+0000] {processor.py:925} INFO - DAG(s) 'ehr_data_pipeline' retrieved from /opt/airflow/dags/ehr_data_pipeline.py
[2026-06-04T15:48:19.347+0000] {logging_mixin.py:190} INFO - [2026-06-04T15:48:19.347+0000] {dag.py:3239} INFO - Sync 1 DAGs
[2026-06-04T15:48:19.380+0000] {logging_mixin.py:190} INFO - [2026-06-04T15:48:19.379+0000] {dag.py:4180} INFO - Setting next_dagrun for ehr_data_pipeline to 2026-06-04 00:00:00+00:00, run_after=2026-06-05 00:00:00+00:00
[2026-06-04T15:48:19.408+0000] {processor.py:208} INFO - Processing /opt/airflow/dags/ehr_data_pipeline.py took 0.129 seconds
[2026-06-04T15:48:49.665+0000] {processor.py:186} INFO - Started process (PID=3223) to work on /opt/airflow/dags/ehr_data_pipeline.py
[2026-06-04T15:48:49.671+0000] {processor.py:914} INFO - Processing file /opt/airflow/dags/ehr_data_pipeline.py for tasks to queue
[2026-06-04T15:48:49.677+0000] {logging_mixin.py:190} INFO - [2026-06-04T15:48:49.676+0000] {dagbag.py:588} INFO - Filling up the DagBag from /opt/airflow/dags/ehr_data_pipeline.py
[2026-06-04T15:48:49.702+0000] {processor.py:925} INFO - DAG(s) 'ehr_data_pipeline' retrieved from /opt/airflow/dags/ehr_data_pipeline.py
[2026-06-04T15:48:49.733+0000] {logging_mixin.py:190} INFO - [2026-06-04T15:48:49.733+0000] {dag.py:3239} INFO - Sync 1 DAGs
[2026-06-04T15:48:49.766+0000] {logging_mixin.py:190} INFO - [2026-06-04T15:48:49.766+0000] {dag.py:4180} INFO - Setting next_dagrun for ehr_data_pipeline to 2026-06-04 00:00:00+00:00, run_after=2026-06-05 00:00:00+00:00
[2026-06-04T15:48:49.793+0000] {processor.py:208} INFO - Processing /opt/airflow/dags/ehr_data_pipeline.py took 0.136 seconds
[2026-06-04T15:49:20.072+0000] {processor.py:186} INFO - Started process (PID=3233) to work on /opt/airflow/dags/ehr_data_pipeline.py
[2026-06-04T15:49:20.077+0000] {processor.py:914} INFO - Processing file /opt/airflow/dags/ehr_data_pipeline.py for tasks to queue
[2026-06-04T15:49:20.083+0000] {logging_mixin.py:190} INFO - [2026-06-04T15:49:20.083+0000] {dagbag.py:588} INFO - Filling up the DagBag from /opt/airflow/dags/ehr_data_pipeline.py
[2026-06-04T15:49:20.107+0000] {processor.py:925} INFO - DAG(s) 'ehr_data_pipeline' retrieved from /opt/airflow/dags/ehr_data_pipeline.py
[2026-06-04T15:49:20.137+0000] {logging_mixin.py:190} INFO - [2026-06-04T15:49:20.137+0000] {dag.py:3239} INFO - Sync 1 DAGs
[2026-06-04T15:49:20.382+0000] {logging_mixin.py:190} INFO - [2026-06-04T15:49:20.381+0000] {dag.py:4180} INFO - Setting next_dagrun for ehr_data_pipeline to 2026-06-04 00:00:00+00:00, run_after=2026-06-05 00:00:00+00:00
[2026-06-04T15:49:20.408+0000] {processor.py:208} INFO - Processing /opt/airflow/dags/ehr_data_pipeline.py took 0.344 seconds
[2026-06-04T15:49:50.699+0000] {processor.py:186} INFO - Started process (PID=3243) to work on /opt/airflow/dags/ehr_data_pipeline.py
[2026-06-04T15:49:50.857+0000] {processor.py:914} INFO - Processing file /opt/airflow/dags/ehr_data_pipeline.py for tasks to queue
[2026-06-04T15:49:50.865+0000] {logging_mixin.py:190} INFO - [2026-06-04T15:49:50.864+0000] {dagbag.py:588} INFO - Filling up the DagBag from /opt/airflow/dags/ehr_data_pipeline.py
[2026-06-04T15:49:50.902+0000] {processor.py:925} INFO - DAG(s) 'ehr_data_pipeline' retrieved from /opt/airflow/dags/ehr_data_pipeline.py
[2026-06-04T15:49:51.165+0000] {logging_mixin.py:190} INFO - [2026-06-04T15:49:51.164+0000] {dag.py:3239} INFO - Sync 1 DAGs
[2026-06-04T15:49:51.194+0000] {logging_mixin.py:190} INFO - [2026-06-04T15:49:51.194+0000] {dag.py:4180} INFO - Setting next_dagrun for ehr_data_pipeline to 2026-06-04 00:00:00+00:00, run_after=2026-06-05 00:00:00+00:00
[2026-06-04T15:49:51.220+0000] {processor.py:208} INFO - Processing /opt/airflow/dags/ehr_data_pipeline.py took 0.529 seconds
[2026-06-04T15:50:21.510+0000] {processor.py:186} INFO - Started process (PID=3253) to work on /opt/airflow/dags/ehr_data_pipeline.py
[2026-06-04T15:50:37.154+0000] {processor.py:914} INFO - Processing file /opt/airflow/dags/ehr_data_pipeline.py for tasks to queue
[2026-06-04T15:50:37.165+0000] {logging_mixin.py:190} INFO - [2026-06-04T15:50:37.164+0000] {dagbag.py:588} INFO - Filling up the DagBag from /opt/airflow/dags/ehr_data_pipeline.py
[2026-06-04T15:50:37.191+0000] {processor.py:925} INFO - DAG(s) 'ehr_data_pipeline' retrieved from /opt/airflow/dags/ehr_data_pipeline.py
[2026-06-04T15:50:37.233+0000] {logging_mixin.py:190} INFO - [2026-06-04T15:50:37.233+0000] {dag.py:3239} INFO - Sync 1 DAGs
[2026-06-04T15:50:37.283+0000] {logging_mixin.py:190} INFO - [2026-06-04T15:50:37.282+0000] {dag.py:4180} INFO - Setting next_dagrun for ehr_data_pipeline to 2026-06-04 00:00:00+00:00, run_after=2026-06-05 00:00:00+00:00
[2026-06-04T15:50:37.314+0000] {processor.py:208} INFO - Processing /opt/airflow/dags/ehr_data_pipeline.py took 15.812 seconds
[2026-06-04T15:51:07.604+0000] {processor.py:186} INFO - Started process (PID=3263) to work on /opt/airflow/dags/ehr_data_pipeline.py
[2026-06-04T15:51:07.610+0000] {processor.py:914} INFO - Processing file /opt/airflow/dags/ehr_data_pipeline.py for tasks to queue
[2026-06-04T15:51:07.619+0000] {logging_mixin.py:190} INFO - [2026-06-04T15:51:07.618+0000] {dagbag.py:588} INFO - Filling up the DagBag from /opt/airflow/dags/ehr_data_pipeline.py
[2026-06-04T15:51:07.642+0000] {processor.py:925} INFO - DAG(s) 'ehr_data_pipeline' retrieved from /opt/airflow/dags/ehr_data_pipeline.py
[2026-06-04T15:51:07.671+0000] {logging_mixin.py:190} INFO - [2026-06-04T15:51:07.671+0000] {dag.py:3239} INFO - Sync 1 DAGs
[2026-06-04T15:51:07.708+0000] {logging_mixin.py:190} INFO - [2026-06-04T15:51:07.708+0000] {dag.py:4180} INFO - Setting next_dagrun for ehr_data_pipeline to 2026-06-04 00:00:00+00:00, run_after=2026-06-05 00:00:00+00:00
[2026-06-04T15:51:07.743+0000] {processor.py:208} INFO - Processing /opt/airflow/dags/ehr_data_pipeline.py took 0.148 seconds
[2026-06-04T15:51:37.911+0000] {processor.py:186} INFO - Started process (PID=3273) to work on /opt/airflow/dags/ehr_data_pipeline.py
[2026-06-04T15:51:37.916+0000] {processor.py:914} INFO - Processing file /opt/airflow/dags/ehr_data_pipeline.py for tasks to queue
[2026-06-04T15:51:37.923+0000] {logging_mixin.py:190} INFO - [2026-06-04T15:51:37.922+0000] {dagbag.py:588} INFO - Filling up the DagBag from /opt/airflow/dags/ehr_data_pipeline.py
[2026-06-04T15:51:37.949+0000] {processor.py:925} INFO - DAG(s) 'ehr_data_pipeline' retrieved from /opt/airflow/dags/ehr_data_pipeline.py
[2026-06-04T15:51:37.985+0000] {logging_mixin.py:190} INFO - [2026-06-04T15:51:37.985+0000] {dag.py:3239} INFO - Sync 1 DAGs
[2026-06-04T15:51:38.023+0000] {logging_mixin.py:190} INFO - [2026-06-04T15:51:38.022+0000] {dag.py:4180} INFO - Setting next_dagrun for ehr_data_pipeline to 2026-06-04 00:00:00+00:00, run_after=2026-06-05 00:00:00+00:00
[2026-06-04T15:51:38.050+0000] {processor.py:208} INFO - Processing /opt/airflow/dags/ehr_data_pipeline.py took 0.147 seconds
[2026-06-04T15:52:08.268+0000] {processor.py:186} INFO - Started process (PID=3283) to work on /opt/airflow/dags/ehr_data_pipeline.py
[2026-06-04T15:52:08.274+0000] {processor.py:914} INFO - Processing file /opt/airflow/dags/ehr_data_pipeline.py for tasks to queue
[2026-06-04T15:52:08.280+0000] {logging_mixin.py:190} INFO - [2026-06-04T15:52:08.280+0000] {dagbag.py:588} INFO - Filling up the DagBag from /opt/airflow/dags/ehr_data_pipeline.py
[2026-06-04T15:52:08.304+0000] {processor.py:925} INFO - DAG(s) 'ehr_data_pipeline' retrieved from /opt/airflow/dags/ehr_data_pipeline.py
[2026-06-04T15:52:08.337+0000] {logging_mixin.py:190} INFO - [2026-06-04T15:52:08.336+0000] {dag.py:3239} INFO - Sync 1 DAGs
[2026-06-04T15:52:08.372+0000] {logging_mixin.py:190} INFO - [2026-06-04T15:52:08.372+0000] {dag.py:4180} INFO - Setting next_dagrun for ehr_data_pipeline to 2026-06-04 00:00:00+00:00, run_after=2026-06-05 00:00:00+00:00
[2026-06-04T15:52:08.405+0000] {processor.py:208} INFO - Processing /opt/airflow/dags/ehr_data_pipeline.py took 0.147 seconds
[2026-06-04T15:52:38.565+0000] {processor.py:186} INFO - Started process (PID=3293) to work on /opt/airflow/dags/ehr_data_pipeline.py
[2026-06-04T15:52:38.571+0000] {processor.py:914} INFO - Processing file /opt/airflow/dags/ehr_data_pipeline.py for tasks to queue
[2026-06-04T15:52:38.577+0000] {logging_mixin.py:190} INFO - [2026-06-04T15:52:38.576+0000] {dagbag.py:588} INFO - Filling up the DagBag from /opt/airflow/dags/ehr_data_pipeline.py
[2026-06-04T15:52:38.601+0000] {processor.py:925} INFO - DAG(s) 'ehr_data_pipeline' retrieved from /opt/airflow/dags/ehr_data_pipeline.py
[2026-06-04T15:52:38.632+0000] {logging_mixin.py:190} INFO - [2026-06-04T15:52:38.631+0000] {dag.py:3239} INFO - Sync 1 DAGs
[2026-06-04T15:52:38.668+0000] {logging_mixin.py:190} INFO - [2026-06-04T15:52:38.668+0000] {dag.py:4180} INFO - Setting next_dagrun for ehr_data_pipeline to 2026-06-04 00:00:00+00:00, run_after=2026-06-05 00:00:00+00:00
[2026-06-04T15:52:38.695+0000] {processor.py:208} INFO - Processing /opt/airflow/dags/ehr_data_pipeline.py took 0.139 seconds
[2026-06-04T15:53:08.982+0000] {processor.py:186} INFO - Started process (PID=3303) to work on /opt/airflow/dags/ehr_data_pipeline.py
[2026-06-04T15:53:08.987+0000] {processor.py:914} INFO - Processing file /opt/airflow/dags/ehr_data_pipeline.py for tasks to queue
[2026-06-04T15:53:08.994+0000] {logging_mixin.py:190} INFO - [2026-06-04T15:53:08.994+0000] {dagbag.py:588} INFO - Filling up the DagBag from /opt/airflow/dags/ehr_data_pipeline.py
[2026-06-04T15:53:09.022+0000] {processor.py:925} INFO - DAG(s) 'ehr_data_pipeline' retrieved from /opt/airflow/dags/ehr_data_pipeline.py
[2026-06-04T15:53:09.049+0000] {logging_mixin.py:190} INFO - [2026-06-04T15:53:09.049+0000] {dag.py:3239} INFO - Sync 1 DAGs
[2026-06-04T15:53:09.077+0000] {logging_mixin.py:190} INFO - [2026-06-04T15:53:09.077+0000] {dag.py:4180} INFO - Setting next_dagrun for ehr_data_pipeline to 2026-06-04 00:00:00+00:00, run_after=2026-06-05 00:00:00+00:00
[2026-06-04T15:53:09.100+0000] {processor.py:208} INFO - Processing /opt/airflow/dags/ehr_data_pipeline.py took 0.129 seconds
[2026-06-04T15:53:39.915+0000] {processor.py:186} INFO - Started process (PID=3313) to work on /opt/airflow/dags/ehr_data_pipeline.py
[2026-06-04T15:53:39.922+0000] {processor.py:914} INFO - Processing file /opt/airflow/dags/ehr_data_pipeline.py for tasks to queue
[2026-06-04T15:53:39.929+0000] {logging_mixin.py:190} INFO - [2026-06-04T15:53:39.928+0000] {dagbag.py:588} INFO - Filling up the DagBag from /opt/airflow/dags/ehr_data_pipeline.py
[2026-06-04T15:53:39.954+0000] {processor.py:925} INFO - DAG(s) 'ehr_data_pipeline' retrieved from /opt/airflow/dags/ehr_data_pipeline.py
[2026-06-04T15:53:39.984+0000] {logging_mixin.py:190} INFO - [2026-06-04T15:53:39.984+0000] {dag.py:3239} INFO - Sync 1 DAGs
[2026-06-04T15:53:40.016+0000] {logging_mixin.py:190} INFO - [2026-06-04T15:53:40.016+0000] {dag.py:4180} INFO - Setting next_dagrun for ehr_data_pipeline to 2026-06-04 00:00:00+00:00, run_after=2026-06-05 00:00:00+00:00
[2026-06-04T15:53:40.043+0000] {processor.py:208} INFO - Processing /opt/airflow/dags/ehr_data_pipeline.py took 0.138 seconds
[2026-06-04T15:54:13.877+0000] {processor.py:186} INFO - Started process (PID=3323) to work on /opt/airflow/dags/ehr_data_pipeline.py
[2026-06-04T15:54:13.883+0000] {processor.py:914} INFO - Processing file /opt/airflow/dags/ehr_data_pipeline.py for tasks to queue
[2026-06-04T15:54:13.890+0000] {logging_mixin.py:190} INFO - [2026-06-04T15:54:13.890+0000] {dagbag.py:588} INFO - Filling up the DagBag from /opt/airflow/dags/ehr_data_pipeline.py
[2026-06-04T15:54:13.912+0000] {processor.py:925} INFO - DAG(s) 'ehr_data_pipeline' retrieved from /opt/airflow/dags/ehr_data_pipeline.py
[2026-06-04T15:54:13.940+0000] {logging_mixin.py:190} INFO - [2026-06-04T15:54:13.939+0000] {dag.py:3239} INFO - Sync 1 DAGs
[2026-06-04T15:54:13.974+0000] {logging_mixin.py:190} INFO - [2026-06-04T15:54:13.974+0000] {dag.py:4180} INFO - Setting next_dagrun for ehr_data_pipeline to 2026-06-04 00:00:00+00:00, run_after=2026-06-05 00:00:00+00:00
[2026-06-04T15:54:14.000+0000] {processor.py:208} INFO - Processing /opt/airflow/dags/ehr_data_pipeline.py took 0.138 seconds
[2026-06-04T15:54:44.143+0000] {processor.py:186} INFO - Started process (PID=3333) to work on /opt/airflow/dags/ehr_data_pipeline.py
[2026-06-04T15:54:44.148+0000] {processor.py:914} INFO - Processing file /opt/airflow/dags/ehr_data_pipeline.py for tasks to queue
[2026-06-04T15:54:44.153+0000] {logging_mixin.py:190} INFO - [2026-06-04T15:54:44.153+0000] {dagbag.py:588} INFO - Filling up the DagBag from /opt/airflow/dags/ehr_data_pipeline.py
[2026-06-04T15:54:44.177+0000] {processor.py:925} INFO - DAG(s) 'ehr_data_pipeline' retrieved from /opt/airflow/dags/ehr_data_pipeline.py
[2026-06-04T15:54:44.209+0000] {logging_mixin.py:190} INFO - [2026-06-04T15:54:44.209+0000] {dag.py:3239} INFO - Sync 1 DAGs
[2026-06-04T15:54:44.242+0000] {logging_mixin.py:190} INFO - [2026-06-04T15:54:44.241+0000] {dag.py:4180} INFO - Setting next_dagrun for ehr_data_pipeline to 2026-06-04 00:00:00+00:00, run_after=2026-06-05 00:00:00+00:00
[2026-06-04T15:54:44.269+0000] {processor.py:208} INFO - Processing /opt/airflow/dags/ehr_data_pipeline.py took 0.137 seconds
[2026-06-04T15:55:14.494+0000] {processor.py:186} INFO - Started process (PID=3343) to work on /opt/airflow/dags/ehr_data_pipeline.py
[2026-06-04T15:55:14.506+0000] {processor.py:914} INFO - Processing file /opt/airflow/dags/ehr_data_pipeline.py for tasks to queue
[2026-06-04T15:55:14.512+0000] {logging_mixin.py:190} INFO - [2026-06-04T15:55:14.512+0000] {dagbag.py:588} INFO - Filling up the DagBag from /opt/airflow/dags/ehr_data_pipeline.py
[2026-06-04T15:55:14.536+0000] {processor.py:925} INFO - DAG(s) 'ehr_data_pipeline' retrieved from /opt/airflow/dags/ehr_data_pipeline.py
[2026-06-04T15:55:14.574+0000] {logging_mixin.py:190} INFO - [2026-06-04T15:55:14.573+0000] {dag.py:3239} INFO - Sync 1 DAGs
[2026-06-04T15:55:14.617+0000] {logging_mixin.py:190} INFO - [2026-06-04T15:55:14.616+0000] {dag.py:4180} INFO - Setting next_dagrun for ehr_data_pipeline to 2026-06-04 00:00:00+00:00, run_after=2026-06-05 00:00:00+00:00
[2026-06-04T15:55:14.653+0000] {processor.py:208} INFO - Processing /opt/airflow/dags/ehr_data_pipeline.py took 0.166 seconds
[2026-06-04T15:55:47.744+0000] {processor.py:186} INFO - Started process (PID=3353) to work on /opt/airflow/dags/ehr_data_pipeline.py
[2026-06-04T15:55:47.749+0000] {processor.py:914} INFO - Processing file /opt/airflow/dags/ehr_data_pipeline.py for tasks to queue
[2026-06-04T15:55:47.755+0000] {logging_mixin.py:190} INFO - [2026-06-04T15:55:47.754+0000] {dagbag.py:588} INFO - Filling up the DagBag from /opt/airflow/dags/ehr_data_pipeline.py
[2026-06-04T15:55:47.778+0000] {processor.py:925} INFO - DAG(s) 'ehr_data_pipeline' retrieved from /opt/airflow/dags/ehr_data_pipeline.py
[2026-06-04T15:55:47.812+0000] {logging_mixin.py:190} INFO - [2026-06-04T15:55:47.811+0000] {dag.py:3239} INFO - Sync 1 DAGs
[2026-06-04T15:55:47.848+0000] {logging_mixin.py:190} INFO - [2026-06-04T15:55:47.848+0000] {dag.py:4180} INFO - Setting next_dagrun for ehr_data_pipeline to 2026-06-04 00:00:00+00:00, run_after=2026-06-05 00:00:00+00:00
[2026-06-04T15:55:47.939+0000] {processor.py:208} INFO - Processing /opt/airflow/dags/ehr_data_pipeline.py took 0.203 seconds
[2026-06-04T15:56:18.180+0000] {processor.py:186} INFO - Started process (PID=3363) to work on /opt/airflow/dags/ehr_data_pipeline.py
[2026-06-04T15:56:18.192+0000] {processor.py:914} INFO - Processing file /opt/airflow/dags/ehr_data_pipeline.py for tasks to queue
[2026-06-04T15:56:18.199+0000] {logging_mixin.py:190} INFO - [2026-06-04T15:56:18.198+0000] {dagbag.py:588} INFO - Filling up the DagBag from /opt/airflow/dags/ehr_data_pipeline.py
[2026-06-04T15:56:18.223+0000] {processor.py:925} INFO - DAG(s) 'ehr_data_pipeline' retrieved from /opt/airflow/dags/ehr_data_pipeline.py
[2026-06-04T15:56:18.256+0000] {logging_mixin.py:190} INFO - [2026-06-04T15:56:18.256+0000] {dag.py:3239} INFO - Sync 1 DAGs
[2026-06-04T15:56:18.293+0000] {logging_mixin.py:190} INFO - [2026-06-04T15:56:18.293+0000] {dag.py:4180} INFO - Setting next_dagrun for ehr_data_pipeline to 2026-06-04 00:00:00+00:00, run_after=2026-06-05 00:00:00+00:00
[2026-06-04T15:56:18.327+0000] {processor.py:208} INFO - Processing /opt/airflow/dags/ehr_data_pipeline.py took 0.159 seconds
[2026-06-04T15:56:48.609+0000] {processor.py:186} INFO - Started process (PID=3373) to work on /opt/airflow/dags/ehr_data_pipeline.py
[2026-06-04T15:56:48.616+0000] {processor.py:914} INFO - Processing file /opt/airflow/dags/ehr_data_pipeline.py for tasks to queue
[2026-06-04T15:56:48.623+0000] {logging_mixin.py:190} INFO - [2026-06-04T15:56:48.623+0000] {dagbag.py:588} INFO - Filling up the DagBag from /opt/airflow/dags/ehr_data_pipeline.py
[2026-06-04T15:56:48.649+0000] {processor.py:925} INFO - DAG(s) 'ehr_data_pipeline' retrieved from /opt/airflow/dags/ehr_data_pipeline.py
[2026-06-04T15:56:48.684+0000] {logging_mixin.py:190} INFO - [2026-06-04T15:56:48.683+0000] {dag.py:3239} INFO - Sync 1 DAGs
[2026-06-04T15:56:48.721+0000] {logging_mixin.py:190} INFO - [2026-06-04T15:56:48.721+0000] {dag.py:4180} INFO - Setting next_dagrun for ehr_data_pipeline to 2026-06-04 00:00:00+00:00, run_after=2026-06-05 00:00:00+00:00
[2026-06-04T15:56:48.755+0000] {processor.py:208} INFO - Processing /opt/airflow/dags/ehr_data_pipeline.py took 0.154 seconds
[2026-06-04T15:57:19.038+0000] {processor.py:186} INFO - Started process (PID=3383) to work on /opt/airflow/dags/ehr_data_pipeline.py
[2026-06-04T15:57:19.051+0000] {processor.py:914} INFO - Processing file /opt/airflow/dags/ehr_data_pipeline.py for tasks to queue
[2026-06-04T15:57:19.056+0000] {logging_mixin.py:190} INFO - [2026-06-04T15:57:19.056+0000] {dagbag.py:588} INFO - Filling up the DagBag from /opt/airflow/dags/ehr_data_pipeline.py
[2026-06-04T15:57:19.077+0000] {processor.py:925} INFO - DAG(s) 'ehr_data_pipeline' retrieved from /opt/airflow/dags/ehr_data_pipeline.py
[2026-06-04T15:57:19.106+0000] {logging_mixin.py:190} INFO - [2026-06-04T15:57:19.106+0000] {dag.py:3239} INFO - Sync 1 DAGs
[2026-06-04T15:57:19.142+0000] {logging_mixin.py:190} INFO - [2026-06-04T15:57:19.141+0000] {dag.py:4180} INFO - Setting next_dagrun for ehr_data_pipeline to 2026-06-04 00:00:00+00:00, run_after=2026-06-05 00:00:00+00:00
[2026-06-04T15:57:19.183+0000] {processor.py:208} INFO - Processing /opt/airflow/dags/ehr_data_pipeline.py took 0.153 seconds
[2026-06-04T15:57:49.322+0000] {processor.py:186} INFO - Started process (PID=3393) to work on /opt/airflow/dags/ehr_data_pipeline.py
[2026-06-04T15:57:49.330+0000] {processor.py:914} INFO - Processing file /opt/airflow/dags/ehr_data_pipeline.py for tasks to queue
[2026-06-04T15:57:49.336+0000] {logging_mixin.py:190} INFO - [2026-06-04T15:57:49.335+0000] {dagbag.py:588} INFO - Filling up the DagBag from /opt/airflow/dags/ehr_data_pipeline.py
[2026-06-04T15:57:49.359+0000] {processor.py:925} INFO - DAG(s) 'ehr_data_pipeline' retrieved from /opt/airflow/dags/ehr_data_pipeline.py
[2026-06-04T15:57:49.391+0000] {logging_mixin.py:190} INFO - [2026-06-04T15:57:49.391+0000] {dag.py:3239} INFO - Sync 1 DAGs
[2026-06-04T15:57:49.425+0000] {logging_mixin.py:190} INFO - [2026-06-04T15:57:49.425+0000] {dag.py:4180} INFO - Setting next_dagrun for ehr_data_pipeline to 2026-06-04 00:00:00+00:00, run_after=2026-06-05 00:00:00+00:00
[2026-06-04T15:57:49.454+0000] {processor.py:208} INFO - Processing /opt/airflow/dags/ehr_data_pipeline.py took 0.139 seconds
[2026-06-04T15:58:19.701+0000] {processor.py:186} INFO - Started process (PID=3403) to work on /opt/airflow/dags/ehr_data_pipeline.py
[2026-06-04T15:58:19.705+0000] {processor.py:914} INFO - Processing file /opt/airflow/dags/ehr_data_pipeline.py for tasks to queue
[2026-06-04T15:58:19.711+0000] {logging_mixin.py:190} INFO - [2026-06-04T15:58:19.710+0000] {dagbag.py:588} INFO - Filling up the DagBag from /opt/airflow/dags/ehr_data_pipeline.py
[2026-06-04T15:58:19.731+0000] {processor.py:925} INFO - DAG(s) 'ehr_data_pipeline' retrieved from /opt/airflow/dags/ehr_data_pipeline.py
[2026-06-04T15:58:19.760+0000] {logging_mixin.py:190} INFO - [2026-06-04T15:58:19.759+0000] {dag.py:3239} INFO - Sync 1 DAGs
[2026-06-04T15:58:19.792+0000] {logging_mixin.py:190} INFO - [2026-06-04T15:58:19.792+0000] {dag.py:4180} INFO - Setting next_dagrun for ehr_data_pipeline to 2026-06-04 00:00:00+00:00, run_after=2026-06-05 00:00:00+00:00
[2026-06-04T15:58:19.823+0000] {processor.py:208} INFO - Processing /opt/airflow/dags/ehr_data_pipeline.py took 0.129 seconds
[2026-06-04T15:58:50.055+0000] {processor.py:186} INFO - Started process (PID=3413) to work on /opt/airflow/dags/ehr_data_pipeline.py
[2026-06-04T15:58:50.060+0000] {processor.py:914} INFO - Processing file /opt/airflow/dags/ehr_data_pipeline.py for tasks to queue
[2026-06-04T15:58:50.067+0000] {logging_mixin.py:190} INFO - [2026-06-04T15:58:50.066+0000] {dagbag.py:588} INFO - Filling up the DagBag from /opt/airflow/dags/ehr_data_pipeline.py
[2026-06-04T15:58:50.092+0000] {processor.py:925} INFO - DAG(s) 'ehr_data_pipeline' retrieved from /opt/airflow/dags/ehr_data_pipeline.py
[2026-06-04T15:58:50.120+0000] {logging_mixin.py:190} INFO - [2026-06-04T15:58:50.120+0000] {dag.py:3239} INFO - Sync 1 DAGs
[2026-06-04T15:58:50.152+0000] {logging_mixin.py:190} INFO - [2026-06-04T15:58:50.151+0000] {dag.py:4180} INFO - Setting next_dagrun for ehr_data_pipeline to 2026-06-04 00:00:00+00:00, run_after=2026-06-05 00:00:00+00:00
[2026-06-04T15:58:50.185+0000] {processor.py:208} INFO - Processing /opt/airflow/dags/ehr_data_pipeline.py took 0.139 seconds
[2026-06-04T15:59:20.434+0000] {processor.py:186} INFO - Started process (PID=3423) to work on /opt/airflow/dags/ehr_data_pipeline.py
[2026-06-04T15:59:20.439+0000] {processor.py:914} INFO - Processing file /opt/airflow/dags/ehr_data_pipeline.py for tasks to queue
[2026-06-04T15:59:20.445+0000] {logging_mixin.py:190} INFO - [2026-06-04T15:59:20.445+0000] {dagbag.py:588} INFO - Filling up the DagBag from /opt/airflow/dags/ehr_data_pipeline.py
[2026-06-04T15:59:20.467+0000] {processor.py:925} INFO - DAG(s) 'ehr_data_pipeline' retrieved from /opt/airflow/dags/ehr_data_pipeline.py
[2026-06-04T15:59:20.498+0000] {logging_mixin.py:190} INFO - [2026-06-04T15:59:20.498+0000] {dag.py:3239} INFO - Sync 1 DAGs
[2026-06-04T15:59:20.535+0000] {logging_mixin.py:190} INFO - [2026-06-04T15:59:20.535+0000] {dag.py:4180} INFO - Setting next_dagrun for ehr_data_pipeline to 2026-06-04 00:00:00+00:00, run_after=2026-06-05 00:00:00+00:00
[2026-06-04T15:59:20.568+0000] {processor.py:208} INFO - Processing /opt/airflow/dags/ehr_data_pipeline.py took 0.140 seconds
[2026-06-04T15:59:50.810+0000] {processor.py:186} INFO - Started process (PID=3433) to work on /opt/airflow/dags/ehr_data_pipeline.py
[2026-06-04T15:59:50.815+0000] {processor.py:914} INFO - Processing file /opt/airflow/dags/ehr_data_pipeline.py for tasks to queue
[2026-06-04T15:59:50.822+0000] {logging_mixin.py:190} INFO - [2026-06-04T15:59:50.822+0000] {dagbag.py:588} INFO - Filling up the DagBag from /opt/airflow/dags/ehr_data_pipeline.py
[2026-06-04T15:59:50.847+0000] {processor.py:925} INFO - DAG(s) 'ehr_data_pipeline' retrieved from /opt/airflow/dags/ehr_data_pipeline.py
[2026-06-04T15:59:50.879+0000] {logging_mixin.py:190} INFO - [2026-06-04T15:59:50.879+0000] {dag.py:3239} INFO - Sync 1 DAGs
[2026-06-04T15:59:50.919+0000] {logging_mixin.py:190} INFO - [2026-06-04T15:59:50.919+0000] {dag.py:4180} INFO - Setting next_dagrun for ehr_data_pipeline to 2026-06-04 00:00:00+00:00, run_after=2026-06-05 00:00:00+00:00
[2026-06-04T15:59:50.964+0000] {processor.py:208} INFO - Processing /opt/airflow/dags/ehr_data_pipeline.py took 0.161 seconds
[2026-06-04T16:00:21.213+0000] {processor.py:186} INFO - Started process (PID=3443) to work on /opt/airflow/dags/ehr_data_pipeline.py
[2026-06-04T16:00:21.218+0000] {processor.py:914} INFO - Processing file /opt/airflow/dags/ehr_data_pipeline.py for tasks to queue
[2026-06-04T16:00:21.224+0000] {logging_mixin.py:190} INFO - [2026-06-04T16:00:21.223+0000] {dagbag.py:588} INFO - Filling up the DagBag from /opt/airflow/dags/ehr_data_pipeline.py
[2026-06-04T16:00:21.245+0000] {processor.py:925} INFO - DAG(s) 'ehr_data_pipeline' retrieved from /opt/airflow/dags/ehr_data_pipeline.py
[2026-06-04T16:00:21.270+0000] {logging_mixin.py:190} INFO - [2026-06-04T16:00:21.270+0000] {dag.py:3239} INFO - Sync 1 DAGs
[2026-06-04T16:00:21.300+0000] {logging_mixin.py:190} INFO - [2026-06-04T16:00:21.300+0000] {dag.py:4180} INFO - Setting next_dagrun for ehr_data_pipeline to 2026-06-04 00:00:00+00:00, run_after=2026-06-05 00:00:00+00:00
[2026-06-04T16:00:21.333+0000] {processor.py:208} INFO - Processing /opt/airflow/dags/ehr_data_pipeline.py took 0.130 seconds
[2026-06-04T16:00:51.573+0000] {processor.py:186} INFO - Started process (PID=3453) to work on /opt/airflow/dags/ehr_data_pipeline.py
[2026-06-04T16:00:51.578+0000] {processor.py:914} INFO - Processing file /opt/airflow/dags/ehr_data_pipeline.py for tasks to queue
[2026-06-04T16:00:51.583+0000] {logging_mixin.py:190} INFO - [2026-06-04T16:00:51.582+0000] {dagbag.py:588} INFO - Filling up the DagBag from /opt/airflow/dags/ehr_data_pipeline.py
[2026-06-04T16:00:51.600+0000] {processor.py:925} INFO - DAG(s) 'ehr_data_pipeline' retrieved from /opt/airflow/dags/ehr_data_pipeline.py
[2026-06-04T16:00:51.627+0000] {logging_mixin.py:190} INFO - [2026-06-04T16:00:51.627+0000] {dag.py:3239} INFO - Sync 1 DAGs
[2026-06-04T16:00:51.660+0000] {logging_mixin.py:190} INFO - [2026-06-04T16:00:51.659+0000] {dag.py:4180} INFO - Setting next_dagrun for ehr_data_pipeline to 2026-06-04 00:00:00+00:00, run_after=2026-06-05 00:00:00+00:00
[2026-06-04T16:00:51.685+0000] {processor.py:208} INFO - Processing /opt/airflow/dags/ehr_data_pipeline.py took 0.119 seconds
[2026-06-04T16:01:21.934+0000] {processor.py:186} INFO - Started process (PID=3463) to work on /opt/airflow/dags/ehr_data_pipeline.py
[2026-06-04T16:01:21.940+0000] {processor.py:914} INFO - Processing file /opt/airflow/dags/ehr_data_pipeline.py for tasks to queue
[2026-06-04T16:01:21.946+0000] {logging_mixin.py:190} INFO - [2026-06-04T16:01:21.945+0000] {dagbag.py:588} INFO - Filling up the DagBag from /opt/airflow/dags/ehr_data_pipeline.py
[2026-06-04T16:01:21.968+0000] {processor.py:925} INFO - DAG(s) 'ehr_data_pipeline' retrieved from /opt/airflow/dags/ehr_data_pipeline.py
[2026-06-04T16:01:21.998+0000] {logging_mixin.py:190} INFO - [2026-06-04T16:01:21.998+0000] {dag.py:3239} INFO - Sync 1 DAGs
[2026-06-04T16:01:22.034+0000] {logging_mixin.py:190} INFO - [2026-06-04T16:01:22.033+0000] {dag.py:4180} INFO - Setting next_dagrun for ehr_data_pipeline to 2026-06-04 00:00:00+00:00, run_after=2026-06-05 00:00:00+00:00
[2026-06-04T16:01:22.065+0000] {processor.py:208} INFO - Processing /opt/airflow/dags/ehr_data_pipeline.py took 0.138 seconds
[2026-06-04T16:01:52.315+0000] {processor.py:186} INFO - Started process (PID=3473) to work on /opt/airflow/dags/ehr_data_pipeline.py
[2026-06-04T16:01:52.321+0000] {processor.py:914} INFO - Processing file /opt/airflow/dags/ehr_data_pipeline.py for tasks to queue
[2026-06-04T16:01:52.326+0000] {logging_mixin.py:190} INFO - [2026-06-04T16:01:52.326+0000] {dagbag.py:588} INFO - Filling up the DagBag from /opt/airflow/dags/ehr_data_pipeline.py
[2026-06-04T16:01:52.349+0000] {processor.py:925} INFO - DAG(s) 'ehr_data_pipeline' retrieved from /opt/airflow/dags/ehr_data_pipeline.py
[2026-06-04T16:01:52.385+0000] {logging_mixin.py:190} INFO - [2026-06-04T16:01:52.385+0000] {dag.py:3239} INFO - Sync 1 DAGs
[2026-06-04T16:01:52.423+0000] {logging_mixin.py:190} INFO - [2026-06-04T16:01:52.422+0000] {dag.py:4180} INFO - Setting next_dagrun for ehr_data_pipeline to 2026-06-04 00:00:00+00:00, run_after=2026-06-05 00:00:00+00:00
[2026-06-04T16:01:52.452+0000] {processor.py:208} INFO - Processing /opt/airflow/dags/ehr_data_pipeline.py took 0.145 seconds
[2026-06-04T16:02:22.740+0000] {processor.py:186} INFO - Started process (PID=3483) to work on /opt/airflow/dags/ehr_data_pipeline.py
[2026-06-04T16:02:22.746+0000] {processor.py:914} INFO - Processing file /opt/airflow/dags/ehr_data_pipeline.py for tasks to queue
[2026-06-04T16:02:22.752+0000] {logging_mixin.py:190} INFO - [2026-06-04T16:02:22.751+0000] {dagbag.py:588} INFO - Filling up the DagBag from /opt/airflow/dags/ehr_data_pipeline.py
[2026-06-04T16:02:22.775+0000] {processor.py:925} INFO - DAG(s) 'ehr_data_pipeline' retrieved from /opt/airflow/dags/ehr_data_pipeline.py
[2026-06-04T16:02:22.809+0000] {logging_mixin.py:190} INFO - [2026-06-04T16:02:22.809+0000] {dag.py:3239} INFO - Sync 1 DAGs
[2026-06-04T16:02:22.844+0000] {logging_mixin.py:190} INFO - [2026-06-04T16:02:22.843+0000] {dag.py:4180} INFO - Setting next_dagrun for ehr_data_pipeline to 2026-06-04 00:00:00+00:00, run_after=2026-06-05 00:00:00+00:00
[2026-06-04T16:02:22.875+0000] {processor.py:208} INFO - Processing /opt/airflow/dags/ehr_data_pipeline.py took 0.143 seconds
[2026-06-04T16:02:53.157+0000] {processor.py:186} INFO - Started process (PID=3493) to work on /opt/airflow/dags/ehr_data_pipeline.py
[2026-06-04T16:02:53.162+0000] {processor.py:914} INFO - Processing file /opt/airflow/dags/ehr_data_pipeline.py for tasks to queue
[2026-06-04T16:02:53.168+0000] {logging_mixin.py:190} INFO - [2026-06-04T16:02:53.168+0000] {dagbag.py:588} INFO - Filling up the DagBag from /opt/airflow/dags/ehr_data_pipeline.py
[2026-06-04T16:02:53.193+0000] {processor.py:925} INFO - DAG(s) 'ehr_data_pipeline' retrieved from /opt/airflow/dags/ehr_data_pipeline.py
[2026-06-04T16:02:53.227+0000] {logging_mixin.py:190} INFO - [2026-06-04T16:02:53.226+0000] {dag.py:3239} INFO - Sync 1 DAGs
[2026-06-04T16:02:53.266+0000] {logging_mixin.py:190} INFO - [2026-06-04T16:02:53.266+0000] {dag.py:4180} INFO - Setting next_dagrun for ehr_data_pipeline to 2026-06-04 00:00:00+00:00, run_after=2026-06-05 00:00:00+00:00
[2026-06-04T16:02:53.300+0000] {processor.py:208} INFO - Processing /opt/airflow/dags/ehr_data_pipeline.py took 0.152 seconds
[2026-06-04T16:03:23.609+0000] {processor.py:186} INFO - Started process (PID=3503) to work on /opt/airflow/dags/ehr_data_pipeline.py
[2026-06-04T16:03:23.615+0000] {processor.py:914} INFO - Processing file /opt/airflow/dags/ehr_data_pipeline.py for tasks to queue
[2026-06-04T16:03:23.622+0000] {logging_mixin.py:190} INFO - [2026-06-04T16:03:23.622+0000] {dagbag.py:588} INFO - Filling up the DagBag from /opt/airflow/dags/ehr_data_pipeline.py
[2026-06-04T16:03:23.646+0000] {processor.py:925} INFO - DAG(s) 'ehr_data_pipeline' retrieved from /opt/airflow/dags/ehr_data_pipeline.py
[2026-06-04T16:03:23.681+0000] {logging_mixin.py:190} INFO - [2026-06-04T16:03:23.680+0000] {dag.py:3239} INFO - Sync 1 DAGs
[2026-06-04T16:03:23.721+0000] {logging_mixin.py:190} INFO - [2026-06-04T16:03:23.721+0000] {dag.py:4180} INFO - Setting next_dagrun for ehr_data_pipeline to 2026-06-04 00:00:00+00:00, run_after=2026-06-05 00:00:00+00:00
[2026-06-04T16:03:23.749+0000] {processor.py:208} INFO - Processing /opt/airflow/dags/ehr_data_pipeline.py took 0.148 seconds
[2026-06-04T16:03:54.019+0000] {processor.py:186} INFO - Started process (PID=3513) to work on /opt/airflow/dags/ehr_data_pipeline.py
[2026-06-04T16:03:54.024+0000] {processor.py:914} INFO - Processing file /opt/airflow/dags/ehr_data_pipeline.py for tasks to queue
[2026-06-04T16:03:54.029+0000] {logging_mixin.py:190} INFO - [2026-06-04T16:03:54.029+0000] {dagbag.py:588} INFO - Filling up the DagBag from /opt/airflow/dags/ehr_data_pipeline.py
[2026-06-04T16:03:54.049+0000] {processor.py:925} INFO - DAG(s) 'ehr_data_pipeline' retrieved from /opt/airflow/dags/ehr_data_pipeline.py
[2026-06-04T16:03:54.079+0000] {logging_mixin.py:190} INFO - [2026-06-04T16:03:54.078+0000] {dag.py:3239} INFO - Sync 1 DAGs
[2026-06-04T16:03:54.110+0000] {logging_mixin.py:190} INFO - [2026-06-04T16:03:54.110+0000] {dag.py:4180} INFO - Setting next_dagrun for ehr_data_pipeline to 2026-06-04 00:00:00+00:00, run_after=2026-06-05 00:00:00+00:00
[2026-06-04T16:03:54.137+0000] {processor.py:208} INFO - Processing /opt/airflow/dags/ehr_data_pipeline.py took 0.125 seconds
[2026-06-04T16:04:24.395+0000] {processor.py:186} INFO - Started process (PID=3523) to work on /opt/airflow/dags/ehr_data_pipeline.py
[2026-06-04T16:04:24.400+0000] {processor.py:914} INFO - Processing file /opt/airflow/dags/ehr_data_pipeline.py for tasks to queue
[2026-06-04T16:04:24.405+0000] {logging_mixin.py:190} INFO - [2026-06-04T16:04:24.405+0000] {dagbag.py:588} INFO - Filling up the DagBag from /opt/airflow/dags/ehr_data_pipeline.py
[2026-06-04T16:04:24.428+0000] {processor.py:925} INFO - DAG(s) 'ehr_data_pipeline' retrieved from /opt/airflow/dags/ehr_data_pipeline.py
[2026-06-04T16:04:24.457+0000] {logging_mixin.py:190} INFO - [2026-06-04T16:04:24.457+0000] {dag.py:3239} INFO - Sync 1 DAGs
[2026-06-04T16:04:24.494+0000] {logging_mixin.py:190} INFO - [2026-06-04T16:04:24.494+0000] {dag.py:4180} INFO - Setting next_dagrun for ehr_data_pipeline to 2026-06-04 00:00:00+00:00, run_after=2026-06-05 00:00:00+00:00
[2026-06-04T16:04:24.527+0000] {processor.py:208} INFO - Processing /opt/airflow/dags/ehr_data_pipeline.py took 0.139 seconds
[2026-06-04T16:04:54.771+0000] {processor.py:186} INFO - Started process (PID=3533) to work on /opt/airflow/dags/ehr_data_pipeline.py
[2026-06-04T16:04:54.775+0000] {processor.py:914} INFO - Processing file /opt/airflow/dags/ehr_data_pipeline.py for tasks to queue
[2026-06-04T16:04:54.781+0000] {logging_mixin.py:190} INFO - [2026-06-04T16:04:54.781+0000] {dagbag.py:588} INFO - Filling up the DagBag from /opt/airflow/dags/ehr_data_pipeline.py
[2026-06-04T16:04:54.803+0000] {processor.py:925} INFO - DAG(s) 'ehr_data_pipeline' retrieved from /opt/airflow/dags/ehr_data_pipeline.py
[2026-06-04T16:04:54.833+0000] {logging_mixin.py:190} INFO - [2026-06-04T16:04:54.832+0000] {dag.py:3239} INFO - Sync 1 DAGs
[2026-06-04T16:04:54.869+0000] {logging_mixin.py:190} INFO - [2026-06-04T16:04:54.868+0000] {dag.py:4180} INFO - Setting next_dagrun for ehr_data_pipeline to 2026-06-04 00:00:00+00:00, run_after=2026-06-05 00:00:00+00:00
[2026-06-04T16:04:54.902+0000] {processor.py:208} INFO - Processing /opt/airflow/dags/ehr_data_pipeline.py took 0.138 seconds
[2026-06-04T16:05:25.144+0000] {processor.py:186} INFO - Started process (PID=3543) to work on /opt/airflow/dags/ehr_data_pipeline.py
[2026-06-04T16:05:25.149+0000] {processor.py:914} INFO - Processing file /opt/airflow/dags/ehr_data_pipeline.py for tasks to queue
[2026-06-04T16:05:25.155+0000] {logging_mixin.py:190} INFO - [2026-06-04T16:05:25.154+0000] {dagbag.py:588} INFO - Filling up the DagBag from /opt/airflow/dags/ehr_data_pipeline.py
[2026-06-04T16:05:25.177+0000] {processor.py:925} INFO - DAG(s) 'ehr_data_pipeline' retrieved from /opt/airflow/dags/ehr_data_pipeline.py
[2026-06-04T16:05:25.209+0000] {logging_mixin.py:190} INFO - [2026-06-04T16:05:25.209+0000] {dag.py:3239} INFO - Sync 1 DAGs
[2026-06-04T16:05:25.247+0000] {logging_mixin.py:190} INFO - [2026-06-04T16:05:25.247+0000] {dag.py:4180} INFO - Setting next_dagrun for ehr_data_pipeline to 2026-06-04 00:00:00+00:00, run_after=2026-06-05 00:00:00+00:00
[2026-06-04T16:05:25.276+0000] {processor.py:208} INFO - Processing /opt/airflow/dags/ehr_data_pipeline.py took 0.139 seconds
[2026-06-04T16:05:55.540+0000] {processor.py:186} INFO - Started process (PID=3553) to work on /opt/airflow/dags/ehr_data_pipeline.py
[2026-06-04T16:05:55.552+0000] {processor.py:914} INFO - Processing file /opt/airflow/dags/ehr_data_pipeline.py for tasks to queue
[2026-06-04T16:05:55.558+0000] {logging_mixin.py:190} INFO - [2026-06-04T16:05:55.558+0000] {dagbag.py:588} INFO - Filling up the DagBag from /opt/airflow/dags/ehr_data_pipeline.py
[2026-06-04T16:05:55.586+0000] {processor.py:925} INFO - DAG(s) 'ehr_data_pipeline' retrieved from /opt/airflow/dags/ehr_data_pipeline.py
[2026-06-04T16:05:55.623+0000] {logging_mixin.py:190} INFO - [2026-06-04T16:05:55.622+0000] {dag.py:3239} INFO - Sync 1 DAGs
[2026-06-04T16:05:55.664+0000] {logging_mixin.py:190} INFO - [2026-06-04T16:05:55.664+0000] {dag.py:4180} INFO - Setting next_dagrun for ehr_data_pipeline to 2026-06-04 00:00:00+00:00, run_after=2026-06-05 00:00:00+00:00
[2026-06-04T16:05:55.695+0000] {processor.py:208} INFO - Processing /opt/airflow/dags/ehr_data_pipeline.py took 0.163 seconds
[2026-06-04T16:06:25.969+0000] {processor.py:186} INFO - Started process (PID=3563) to work on /opt/airflow/dags/ehr_data_pipeline.py
[2026-06-04T16:06:25.973+0000] {processor.py:914} INFO - Processing file /opt/airflow/dags/ehr_data_pipeline.py for tasks to queue
[2026-06-04T16:06:25.981+0000] {logging_mixin.py:190} INFO - [2026-06-04T16:06:25.980+0000] {dagbag.py:588} INFO - Filling up the DagBag from /opt/airflow/dags/ehr_data_pipeline.py
[2026-06-04T16:06:26.006+0000] {processor.py:925} INFO - DAG(s) 'ehr_data_pipeline' retrieved from /opt/airflow/dags/ehr_data_pipeline.py
[2026-06-04T16:06:26.041+0000] {logging_mixin.py:190} INFO - [2026-06-04T16:06:26.040+0000] {dag.py:3239} INFO - Sync 1 DAGs
[2026-06-04T16:06:26.082+0000] {logging_mixin.py:190} INFO - [2026-06-04T16:06:26.082+0000] {dag.py:4180} INFO - Setting next_dagrun for ehr_data_pipeline to 2026-06-04 00:00:00+00:00, run_after=2026-06-05 00:00:00+00:00
[2026-06-04T16:06:26.117+0000] {processor.py:208} INFO - Processing /opt/airflow/dags/ehr_data_pipeline.py took 0.156 seconds
[2026-06-04T16:06:56.399+0000] {processor.py:186} INFO - Started process (PID=3573) to work on /opt/airflow/dags/ehr_data_pipeline.py
[2026-06-04T16:06:56.404+0000] {processor.py:914} INFO - Processing file /opt/airflow/dags/ehr_data_pipeline.py for tasks to queue
[2026-06-04T16:06:56.410+0000] {logging_mixin.py:190} INFO - [2026-06-04T16:06:56.409+0000] {dagbag.py:588} INFO - Filling up the DagBag from /opt/airflow/dags/ehr_data_pipeline.py
[2026-06-04T16:06:56.435+0000] {processor.py:925} INFO - DAG(s) 'ehr_data_pipeline' retrieved from /opt/airflow/dags/ehr_data_pipeline.py
[2026-06-04T16:06:56.469+0000] {logging_mixin.py:190} INFO - [2026-06-04T16:06:56.469+0000] {dag.py:3239} INFO - Sync 1 DAGs
[2026-06-04T16:06:56.505+0000] {logging_mixin.py:190} INFO - [2026-06-04T16:06:56.505+0000] {dag.py:4180} INFO - Setting next_dagrun for ehr_data_pipeline to 2026-06-04 00:00:00+00:00, run_after=2026-06-05 00:00:00+00:00
[2026-06-04T16:06:56.534+0000] {processor.py:208} INFO - Processing /opt/airflow/dags/ehr_data_pipeline.py took 0.143 seconds
[2026-06-04T16:07:26.833+0000] {processor.py:186} INFO - Started process (PID=3583) to work on /opt/airflow/dags/ehr_data_pipeline.py
[2026-06-04T16:07:26.838+0000] {processor.py:914} INFO - Processing file /opt/airflow/dags/ehr_data_pipeline.py for tasks to queue
[2026-06-04T16:07:26.843+0000] {logging_mixin.py:190} INFO - [2026-06-04T16:07:26.843+0000] {dagbag.py:588} INFO - Filling up the DagBag from /opt/airflow/dags/ehr_data_pipeline.py
[2026-06-04T16:07:26.870+0000] {processor.py:925} INFO - DAG(s) 'ehr_data_pipeline' retrieved from /opt/airflow/dags/ehr_data_pipeline.py
[2026-06-04T16:07:26.897+0000] {logging_mixin.py:190} INFO - [2026-06-04T16:07:26.897+0000] {dag.py:3239} INFO - Sync 1 DAGs
[2026-06-04T16:07:26.928+0000] {logging_mixin.py:190} INFO - [2026-06-04T16:07:26.928+0000] {dag.py:4180} INFO - Setting next_dagrun for ehr_data_pipeline to 2026-06-04 00:00:00+00:00, run_after=2026-06-05 00:00:00+00:00
[2026-06-04T16:07:26.957+0000] {processor.py:208} INFO - Processing /opt/airflow/dags/ehr_data_pipeline.py took 0.132 seconds
[2026-06-04T16:07:57.219+0000] {processor.py:186} INFO - Started process (PID=3593) to work on /opt/airflow/dags/ehr_data_pipeline.py
[2026-06-04T16:07:57.224+0000] {processor.py:914} INFO - Processing file /opt/airflow/dags/ehr_data_pipeline.py for tasks to queue
[2026-06-04T16:07:57.229+0000] {logging_mixin.py:190} INFO - [2026-06-04T16:07:57.228+0000] {dagbag.py:588} INFO - Filling up the DagBag from /opt/airflow/dags/ehr_data_pipeline.py
[2026-06-04T16:07:57.252+0000] {processor.py:925} INFO - DAG(s) 'ehr_data_pipeline' retrieved from /opt/airflow/dags/ehr_data_pipeline.py
[2026-06-04T16:07:57.278+0000] {logging_mixin.py:190} INFO - [2026-06-04T16:07:57.278+0000] {dag.py:3239} INFO - Sync 1 DAGs
[2026-06-04T16:07:57.310+0000] {logging_mixin.py:190} INFO - [2026-06-04T16:07:57.310+0000] {dag.py:4180} INFO - Setting next_dagrun for ehr_data_pipeline to 2026-06-04 00:00:00+00:00, run_after=2026-06-05 00:00:00+00:00
[2026-06-04T16:07:57.337+0000] {processor.py:208} INFO - Processing /opt/airflow/dags/ehr_data_pipeline.py took 0.125 seconds
[2026-06-04T16:08:27.624+0000] {processor.py:186} INFO - Started process (PID=3603) to work on /opt/airflow/dags/ehr_data_pipeline.py
[2026-06-04T16:08:27.631+0000] {processor.py:914} INFO - Processing file /opt/airflow/dags/ehr_data_pipeline.py for tasks to queue
[2026-06-04T16:08:27.636+0000] {logging_mixin.py:190} INFO - [2026-06-04T16:08:27.636+0000] {dagbag.py:588} INFO - Filling up the DagBag from /opt/airflow/dags/ehr_data_pipeline.py
[2026-06-04T16:08:27.659+0000] {processor.py:925} INFO - DAG(s) 'ehr_data_pipeline' retrieved from /opt/airflow/dags/ehr_data_pipeline.py
[2026-06-04T16:08:27.687+0000] {logging_mixin.py:190} INFO - [2026-06-04T16:08:27.687+0000] {dag.py:3239} INFO - Sync 1 DAGs
[2026-06-04T16:08:27.722+0000] {logging_mixin.py:190} INFO - [2026-06-04T16:08:27.722+0000] {dag.py:4180} INFO - Setting next_dagrun for ehr_data_pipeline to 2026-06-04 00:00:00+00:00, run_after=2026-06-05 00:00:00+00:00
[2026-06-04T16:08:27.754+0000] {processor.py:208} INFO - Processing /opt/airflow/dags/ehr_data_pipeline.py took 0.138 seconds
[2026-06-04T16:08:58.016+0000] {processor.py:186} INFO - Started process (PID=3613) to work on /opt/airflow/dags/ehr_data_pipeline.py
[2026-06-04T16:08:58.022+0000] {processor.py:914} INFO - Processing file /opt/airflow/dags/ehr_data_pipeline.py for tasks to queue
[2026-06-04T16:08:58.028+0000] {logging_mixin.py:190} INFO - [2026-06-04T16:08:58.027+0000] {dagbag.py:588} INFO - Filling up the DagBag from /opt/airflow/dags/ehr_data_pipeline.py
[2026-06-04T16:08:58.052+0000] {processor.py:925} INFO - DAG(s) 'ehr_data_pipeline' retrieved from /opt/airflow/dags/ehr_data_pipeline.py
[2026-06-04T16:08:58.084+0000] {logging_mixin.py:190} INFO - [2026-06-04T16:08:58.083+0000] {dag.py:3239} INFO - Sync 1 DAGs
[2026-06-04T16:08:58.121+0000] {logging_mixin.py:190} INFO - [2026-06-04T16:08:58.121+0000] {dag.py:4180} INFO - Setting next_dagrun for ehr_data_pipeline to 2026-06-04 00:00:00+00:00, run_after=2026-06-05 00:00:00+00:00
[2026-06-04T16:08:58.150+0000] {processor.py:208} INFO - Processing /opt/airflow/dags/ehr_data_pipeline.py took 0.142 seconds
[2026-06-04T16:09:28.445+0000] {processor.py:186} INFO - Started process (PID=3623) to work on /opt/airflow/dags/ehr_data_pipeline.py
[2026-06-04T16:09:28.450+0000] {processor.py:914} INFO - Processing file /opt/airflow/dags/ehr_data_pipeline.py for tasks to queue
[2026-06-04T16:09:28.458+0000] {logging_mixin.py:190} INFO - [2026-06-04T16:09:28.458+0000] {dagbag.py:588} INFO - Filling up the DagBag from /opt/airflow/dags/ehr_data_pipeline.py
[2026-06-04T16:09:28.483+0000] {processor.py:925} INFO - DAG(s) 'ehr_data_pipeline' retrieved from /opt/airflow/dags/ehr_data_pipeline.py
[2026-06-04T16:09:28.515+0000] {logging_mixin.py:190} INFO - [2026-06-04T16:09:28.515+0000] {dag.py:3239} INFO - Sync 1 DAGs
[2026-06-04T16:09:28.557+0000] {logging_mixin.py:190} INFO - [2026-06-04T16:09:28.557+0000] {dag.py:4180} INFO - Setting next_dagrun for ehr_data_pipeline to 2026-06-04 00:00:00+00:00, run_after=2026-06-05 00:00:00+00:00
[2026-06-04T16:09:28.584+0000] {processor.py:208} INFO - Processing /opt/airflow/dags/ehr_data_pipeline.py took 0.148 seconds
[2026-06-04T16:09:58.873+0000] {processor.py:186} INFO - Started process (PID=3633) to work on /opt/airflow/dags/ehr_data_pipeline.py
[2026-06-04T16:09:58.878+0000] {processor.py:914} INFO - Processing file /opt/airflow/dags/ehr_data_pipeline.py for tasks to queue
[2026-06-04T16:09:58.884+0000] {logging_mixin.py:190} INFO - [2026-06-04T16:09:58.883+0000] {dagbag.py:588} INFO - Filling up the DagBag from /opt/airflow/dags/ehr_data_pipeline.py
[2026-06-04T16:09:58.908+0000] {processor.py:925} INFO - DAG(s) 'ehr_data_pipeline' retrieved from /opt/airflow/dags/ehr_data_pipeline.py
[2026-06-04T16:09:58.939+0000] {logging_mixin.py:190} INFO - [2026-06-04T16:09:58.939+0000] {dag.py:3239} INFO - Sync 1 DAGs
[2026-06-04T16:09:58.974+0000] {logging_mixin.py:190} INFO - [2026-06-04T16:09:58.973+0000] {dag.py:4180} INFO - Setting next_dagrun for ehr_data_pipeline to 2026-06-04 00:00:00+00:00, run_after=2026-06-05 00:00:00+00:00
[2026-06-04T16:09:59.000+0000] {processor.py:208} INFO - Processing /opt/airflow/dags/ehr_data_pipeline.py took 0.135 seconds
[2026-06-04T16:10:29.296+0000] {processor.py:186} INFO - Started process (PID=3643) to work on /opt/airflow/dags/ehr_data_pipeline.py
[2026-06-04T16:10:29.301+0000] {processor.py:914} INFO - Processing file /opt/airflow/dags/ehr_data_pipeline.py for tasks to queue
[2026-06-04T16:10:29.307+0000] {logging_mixin.py:190} INFO - [2026-06-04T16:10:29.306+0000] {dagbag.py:588} INFO - Filling up the DagBag from /opt/airflow/dags/ehr_data_pipeline.py
[2026-06-04T16:10:29.331+0000] {processor.py:925} INFO - DAG(s) 'ehr_data_pipeline' retrieved from /opt/airflow/dags/ehr_data_pipeline.py
[2026-06-04T16:10:29.366+0000] {logging_mixin.py:190} INFO - [2026-06-04T16:10:29.365+0000] {dag.py:3239} INFO - Sync 1 DAGs
[2026-06-04T16:10:29.408+0000] {logging_mixin.py:190} INFO - [2026-06-04T16:10:29.407+0000] {dag.py:4180} INFO - Setting next_dagrun for ehr_data_pipeline to 2026-06-04 00:00:00+00:00, run_after=2026-06-05 00:00:00+00:00
[2026-06-04T16:10:29.439+0000] {processor.py:208} INFO - Processing /opt/airflow/dags/ehr_data_pipeline.py took 0.151 seconds
[2026-06-04T16:10:59.713+0000] {processor.py:186} INFO - Started process (PID=3653) to work on /opt/airflow/dags/ehr_data_pipeline.py
[2026-06-04T16:10:59.718+0000] {processor.py:914} INFO - Processing file /opt/airflow/dags/ehr_data_pipeline.py for tasks to queue
[2026-06-04T16:10:59.732+0000] {logging_mixin.py:190} INFO - [2026-06-04T16:10:59.732+0000] {dagbag.py:588} INFO - Filling up the DagBag from /opt/airflow/dags/ehr_data_pipeline.py
[2026-06-04T16:10:59.757+0000] {processor.py:925} INFO - DAG(s) 'ehr_data_pipeline' retrieved from /opt/airflow/dags/ehr_data_pipeline.py
[2026-06-04T16:10:59.787+0000] {logging_mixin.py:190} INFO - [2026-06-04T16:10:59.787+0000] {dag.py:3239} INFO - Sync 1 DAGs
[2026-06-04T16:10:59.827+0000] {logging_mixin.py:190} INFO - [2026-06-04T16:10:59.827+0000] {dag.py:4180} INFO - Setting next_dagrun for ehr_data_pipeline to 2026-06-04 00:00:00+00:00, run_after=2026-06-05 00:00:00+00:00
[2026-06-04T16:10:59.873+0000] {processor.py:208} INFO - Processing /opt/airflow/dags/ehr_data_pipeline.py took 0.168 seconds
[2026-06-04T16:11:29.976+0000] {processor.py:186} INFO - Started process (PID=3663) to work on /opt/airflow/dags/ehr_data_pipeline.py
[2026-06-04T16:11:29.985+0000] {processor.py:914} INFO - Processing file /opt/airflow/dags/ehr_data_pipeline.py for tasks to queue
[2026-06-04T16:11:29.996+0000] {logging_mixin.py:190} INFO - [2026-06-04T16:11:29.996+0000] {dagbag.py:588} INFO - Filling up the DagBag from /opt/airflow/dags/ehr_data_pipeline.py
[2026-06-04T16:11:30.030+0000] {processor.py:925} INFO - DAG(s) 'ehr_data_pipeline' retrieved from /opt/airflow/dags/ehr_data_pipeline.py
[2026-06-04T16:11:30.066+0000] {logging_mixin.py:190} INFO - [2026-06-04T16:11:30.066+0000] {dag.py:3239} INFO - Sync 1 DAGs
[2026-06-04T16:11:30.111+0000] {logging_mixin.py:190} INFO - [2026-06-04T16:11:30.111+0000] {dag.py:4180} INFO - Setting next_dagrun for ehr_data_pipeline to 2026-06-04 00:00:00+00:00, run_after=2026-06-05 00:00:00+00:00
[2026-06-04T16:11:30.143+0000] {processor.py:208} INFO - Processing /opt/airflow/dags/ehr_data_pipeline.py took 0.175 seconds
[2026-06-04T16:12:00.379+0000] {processor.py:186} INFO - Started process (PID=3673) to work on /opt/airflow/dags/ehr_data_pipeline.py
[2026-06-04T16:12:00.388+0000] {processor.py:914} INFO - Processing file /opt/airflow/dags/ehr_data_pipeline.py for tasks to queue
[2026-06-04T16:12:00.395+0000] {logging_mixin.py:190} INFO - [2026-06-04T16:12:00.395+0000] {dagbag.py:588} INFO - Filling up the DagBag from /opt/airflow/dags/ehr_data_pipeline.py
[2026-06-04T16:12:00.419+0000] {processor.py:925} INFO - DAG(s) 'ehr_data_pipeline' retrieved from /opt/airflow/dags/ehr_data_pipeline.py
[2026-06-04T16:12:00.453+0000] {logging_mixin.py:190} INFO - [2026-06-04T16:12:00.452+0000] {dag.py:3239} INFO - Sync 1 DAGs
[2026-06-04T16:12:00.494+0000] {logging_mixin.py:190} INFO - [2026-06-04T16:12:00.494+0000] {dag.py:4180} INFO - Setting next_dagrun for ehr_data_pipeline to 2026-06-04 00:00:00+00:00, run_after=2026-06-05 00:00:00+00:00
[2026-06-04T16:12:00.523+0000] {processor.py:208} INFO - Processing /opt/airflow/dags/ehr_data_pipeline.py took 0.152 seconds
[2026-06-04T16:12:30.774+0000] {processor.py:186} INFO - Started process (PID=3683) to work on /opt/airflow/dags/ehr_data_pipeline.py
[2026-06-04T16:12:30.779+0000] {processor.py:914} INFO - Processing file /opt/airflow/dags/ehr_data_pipeline.py for tasks to queue
[2026-06-04T16:12:30.786+0000] {logging_mixin.py:190} INFO - [2026-06-04T16:12:30.785+0000] {dagbag.py:588} INFO - Filling up the DagBag from /opt/airflow/dags/ehr_data_pipeline.py
[2026-06-04T16:12:30.812+0000] {processor.py:925} INFO - DAG(s) 'ehr_data_pipeline' retrieved from /opt/airflow/dags/ehr_data_pipeline.py
[2026-06-04T16:12:30.842+0000] {logging_mixin.py:190} INFO - [2026-06-04T16:12:30.842+0000] {dag.py:3239} INFO - Sync 1 DAGs
[2026-06-04T16:12:30.881+0000] {logging_mixin.py:190} INFO - [2026-06-04T16:12:30.881+0000] {dag.py:4180} INFO - Setting next_dagrun for ehr_data_pipeline to 2026-06-04 00:00:00+00:00, run_after=2026-06-05 00:00:00+00:00
[2026-06-04T16:12:30.914+0000] {processor.py:208} INFO - Processing /opt/airflow/dags/ehr_data_pipeline.py took 0.147 seconds
[2026-06-04T16:13:01.171+0000] {processor.py:186} INFO - Started process (PID=3693) to work on /opt/airflow/dags/ehr_data_pipeline.py
[2026-06-04T16:13:01.179+0000] {processor.py:914} INFO - Processing file /opt/airflow/dags/ehr_data_pipeline.py for tasks to queue
[2026-06-04T16:13:01.187+0000] {logging_mixin.py:190} INFO - [2026-06-04T16:13:01.187+0000] {dagbag.py:588} INFO - Filling up the DagBag from /opt/airflow/dags/ehr_data_pipeline.py
[2026-06-04T16:13:01.207+0000] {processor.py:925} INFO - DAG(s) 'ehr_data_pipeline' retrieved from /opt/airflow/dags/ehr_data_pipeline.py
[2026-06-04T16:13:01.237+0000] {logging_mixin.py:190} INFO - [2026-06-04T16:13:01.236+0000] {dag.py:3239} INFO - Sync 1 DAGs
[2026-06-04T16:13:01.277+0000] {logging_mixin.py:190} INFO - [2026-06-04T16:13:01.277+0000] {dag.py:4180} INFO - Setting next_dagrun for ehr_data_pipeline to 2026-06-04 00:00:00+00:00, run_after=2026-06-05 00:00:00+00:00
[2026-06-04T16:13:01.312+0000] {processor.py:208} INFO - Processing /opt/airflow/dags/ehr_data_pipeline.py took 0.148 seconds
[2026-06-04T16:13:31.562+0000] {processor.py:186} INFO - Started process (PID=3703) to work on /opt/airflow/dags/ehr_data_pipeline.py
[2026-06-04T16:13:31.574+0000] {processor.py:914} INFO - Processing file /opt/airflow/dags/ehr_data_pipeline.py for tasks to queue
[2026-06-04T16:13:31.582+0000] {logging_mixin.py:190} INFO - [2026-06-04T16:13:31.581+0000] {dagbag.py:588} INFO - Filling up the DagBag from /opt/airflow/dags/ehr_data_pipeline.py
[2026-06-04T16:13:31.609+0000] {processor.py:925} INFO - DAG(s) 'ehr_data_pipeline' retrieved from /opt/airflow/dags/ehr_data_pipeline.py
[2026-06-04T16:13:31.641+0000] {logging_mixin.py:190} INFO - [2026-06-04T16:13:31.641+0000] {dag.py:3239} INFO - Sync 1 DAGs
[2026-06-04T16:13:31.681+0000] {logging_mixin.py:190} INFO - [2026-06-04T16:13:31.681+0000] {dag.py:4180} INFO - Setting next_dagrun for ehr_data_pipeline to 2026-06-04 00:00:00+00:00, run_after=2026-06-05 00:00:00+00:00
[2026-06-04T16:13:31.711+0000] {processor.py:208} INFO - Processing /opt/airflow/dags/ehr_data_pipeline.py took 0.156 seconds
[2026-06-04T16:14:01.979+0000] {processor.py:186} INFO - Started process (PID=3713) to work on /opt/airflow/dags/ehr_data_pipeline.py
[2026-06-04T16:14:01.984+0000] {processor.py:914} INFO - Processing file /opt/airflow/dags/ehr_data_pipeline.py for tasks to queue
[2026-06-04T16:14:01.994+0000] {logging_mixin.py:190} INFO - [2026-06-04T16:14:01.993+0000] {dagbag.py:588} INFO - Filling up the DagBag from /opt/airflow/dags/ehr_data_pipeline.py
[2026-06-04T16:14:02.017+0000] {processor.py:925} INFO - DAG(s) 'ehr_data_pipeline' retrieved from /opt/airflow/dags/ehr_data_pipeline.py
[2026-06-04T16:14:02.049+0000] {logging_mixin.py:190} INFO - [2026-06-04T16:14:02.049+0000] {dag.py:3239} INFO - Sync 1 DAGs
[2026-06-04T16:14:02.086+0000] {logging_mixin.py:190} INFO - [2026-06-04T16:14:02.086+0000] {dag.py:4180} INFO - Setting next_dagrun for ehr_data_pipeline to 2026-06-04 00:00:00+00:00, run_after=2026-06-05 00:00:00+00:00
[2026-06-04T16:14:02.113+0000] {processor.py:208} INFO - Processing /opt/airflow/dags/ehr_data_pipeline.py took 0.142 seconds
[2026-06-04T16:14:32.342+0000] {processor.py:186} INFO - Started process (PID=3723) to work on /opt/airflow/dags/ehr_data_pipeline.py
[2026-06-04T16:14:32.352+0000] {processor.py:914} INFO - Processing file /opt/airflow/dags/ehr_data_pipeline.py for tasks to queue
[2026-06-04T16:14:32.359+0000] {logging_mixin.py:190} INFO - [2026-06-04T16:14:32.359+0000] {dagbag.py:588} INFO - Filling up the DagBag from /opt/airflow/dags/ehr_data_pipeline.py
[2026-06-04T16:14:32.383+0000] {processor.py:925} INFO - DAG(s) 'ehr_data_pipeline' retrieved from /opt/airflow/dags/ehr_data_pipeline.py
[2026-06-04T16:14:32.416+0000] {logging_mixin.py:190} INFO - [2026-06-04T16:14:32.416+0000] {dag.py:3239} INFO - Sync 1 DAGs
[2026-06-04T16:14:32.454+0000] {logging_mixin.py:190} INFO - [2026-06-04T16:14:32.454+0000] {dag.py:4180} INFO - Setting next_dagrun for ehr_data_pipeline to 2026-06-04 00:00:00+00:00, run_after=2026-06-05 00:00:00+00:00
[2026-06-04T16:14:32.487+0000] {processor.py:208} INFO - Processing /opt/airflow/dags/ehr_data_pipeline.py took 0.151 seconds
[2026-06-04T16:15:02.743+0000] {processor.py:186} INFO - Started process (PID=3733) to work on /opt/airflow/dags/ehr_data_pipeline.py
[2026-06-04T16:15:02.761+0000] {processor.py:914} INFO - Processing file /opt/airflow/dags/ehr_data_pipeline.py for tasks to queue
[2026-06-04T16:15:02.772+0000] {logging_mixin.py:190} INFO - [2026-06-04T16:15:02.772+0000] {dagbag.py:588} INFO - Filling up the DagBag from /opt/airflow/dags/ehr_data_pipeline.py
[2026-06-04T16:15:02.800+0000] {processor.py:925} INFO - DAG(s) 'ehr_data_pipeline' retrieved from /opt/airflow/dags/ehr_data_pipeline.py
[2026-06-04T16:15:02.844+0000] {logging_mixin.py:190} INFO - [2026-06-04T16:15:02.843+0000] {dag.py:3239} INFO - Sync 1 DAGs
[2026-06-04T16:15:02.887+0000] {logging_mixin.py:190} INFO - [2026-06-04T16:15:02.887+0000] {dag.py:4180} INFO - Setting next_dagrun for ehr_data_pipeline to 2026-06-04 00:00:00+00:00, run_after=2026-06-05 00:00:00+00:00
[2026-06-04T16:15:02.933+0000] {processor.py:208} INFO - Processing /opt/airflow/dags/ehr_data_pipeline.py took 0.198 seconds
[2026-06-04T16:15:33.011+0000] {processor.py:186} INFO - Started process (PID=3743) to work on /opt/airflow/dags/ehr_data_pipeline.py
[2026-06-04T16:15:33.026+0000] {processor.py:914} INFO - Processing file /opt/airflow/dags/ehr_data_pipeline.py for tasks to queue
[2026-06-04T16:15:33.038+0000] {logging_mixin.py:190} INFO - [2026-06-04T16:15:33.038+0000] {dagbag.py:588} INFO - Filling up the DagBag from /opt/airflow/dags/ehr_data_pipeline.py
[2026-06-04T16:15:33.067+0000] {processor.py:925} INFO - DAG(s) 'ehr_data_pipeline' retrieved from /opt/airflow/dags/ehr_data_pipeline.py
[2026-06-04T16:15:33.105+0000] {logging_mixin.py:190} INFO - [2026-06-04T16:15:33.104+0000] {dag.py:3239} INFO - Sync 1 DAGs
[2026-06-04T16:15:33.150+0000] {logging_mixin.py:190} INFO - [2026-06-04T16:15:33.150+0000] {dag.py:4180} INFO - Setting next_dagrun for ehr_data_pipeline to 2026-06-04 00:00:00+00:00, run_after=2026-06-05 00:00:00+00:00
[2026-06-04T16:15:33.185+0000] {processor.py:208} INFO - Processing /opt/airflow/dags/ehr_data_pipeline.py took 0.182 seconds
[2026-06-04T16:16:03.439+0000] {processor.py:186} INFO - Started process (PID=3753) to work on /opt/airflow/dags/ehr_data_pipeline.py
[2026-06-04T16:16:03.448+0000] {processor.py:914} INFO - Processing file /opt/airflow/dags/ehr_data_pipeline.py for tasks to queue
[2026-06-04T16:16:03.458+0000] {logging_mixin.py:190} INFO - [2026-06-04T16:16:03.458+0000] {dagbag.py:588} INFO - Filling up the DagBag from /opt/airflow/dags/ehr_data_pipeline.py
[2026-06-04T16:16:03.486+0000] {processor.py:925} INFO - DAG(s) 'ehr_data_pipeline' retrieved from /opt/airflow/dags/ehr_data_pipeline.py
[2026-06-04T16:16:03.521+0000] {logging_mixin.py:190} INFO - [2026-06-04T16:16:03.521+0000] {dag.py:3239} INFO - Sync 1 DAGs
[2026-06-04T16:16:03.561+0000] {logging_mixin.py:190} INFO - [2026-06-04T16:16:03.561+0000] {dag.py:4180} INFO - Setting next_dagrun for ehr_data_pipeline to 2026-06-04 00:00:00+00:00, run_after=2026-06-05 00:00:00+00:00
[2026-06-04T16:16:03.591+0000] {processor.py:208} INFO - Processing /opt/airflow/dags/ehr_data_pipeline.py took 0.159 seconds
[2026-06-04T16:16:33.860+0000] {processor.py:186} INFO - Started process (PID=3763) to work on /opt/airflow/dags/ehr_data_pipeline.py
[2026-06-04T16:16:33.867+0000] {processor.py:914} INFO - Processing file /opt/airflow/dags/ehr_data_pipeline.py for tasks to queue
[2026-06-04T16:16:33.880+0000] {logging_mixin.py:190} INFO - [2026-06-04T16:16:33.879+0000] {dagbag.py:588} INFO - Filling up the DagBag from /opt/airflow/dags/ehr_data_pipeline.py
[2026-06-04T16:16:33.907+0000] {processor.py:925} INFO - DAG(s) 'ehr_data_pipeline' retrieved from /opt/airflow/dags/ehr_data_pipeline.py
[2026-06-04T16:16:33.941+0000] {logging_mixin.py:190} INFO - [2026-06-04T16:16:33.941+0000] {dag.py:3239} INFO - Sync 1 DAGs
[2026-06-04T16:16:33.980+0000] {logging_mixin.py:190} INFO - [2026-06-04T16:16:33.980+0000] {dag.py:4180} INFO - Setting next_dagrun for ehr_data_pipeline to 2026-06-04 00:00:00+00:00, run_after=2026-06-05 00:00:00+00:00
[2026-06-04T16:16:34.014+0000] {processor.py:208} INFO - Processing /opt/airflow/dags/ehr_data_pipeline.py took 0.162 seconds
[2026-06-04T16:17:04.299+0000] {processor.py:186} INFO - Started process (PID=3773) to work on /opt/airflow/dags/ehr_data_pipeline.py
[2026-06-04T16:17:04.307+0000] {processor.py:914} INFO - Processing file /opt/airflow/dags/ehr_data_pipeline.py for tasks to queue
[2026-06-04T16:17:04.315+0000] {logging_mixin.py:190} INFO - [2026-06-04T16:17:04.315+0000] {dagbag.py:588} INFO - Filling up the DagBag from /opt/airflow/dags/ehr_data_pipeline.py
[2026-06-04T16:17:04.346+0000] {processor.py:925} INFO - DAG(s) 'ehr_data_pipeline' retrieved from /opt/airflow/dags/ehr_data_pipeline.py
[2026-06-04T16:17:04.383+0000] {logging_mixin.py:190} INFO - [2026-06-04T16:17:04.382+0000] {dag.py:3239} INFO - Sync 1 DAGs
[2026-06-04T16:17:04.433+0000] {logging_mixin.py:190} INFO - [2026-06-04T16:17:04.433+0000] {dag.py:4180} INFO - Setting next_dagrun for ehr_data_pipeline to 2026-06-04 00:00:00+00:00, run_after=2026-06-05 00:00:00+00:00
[2026-06-04T16:17:04.472+0000] {processor.py:208} INFO - Processing /opt/airflow/dags/ehr_data_pipeline.py took 0.184 seconds
[2026-06-04T16:17:34.606+0000] {processor.py:186} INFO - Started process (PID=3783) to work on /opt/airflow/dags/ehr_data_pipeline.py
[2026-06-04T16:17:34.619+0000] {processor.py:914} INFO - Processing file /opt/airflow/dags/ehr_data_pipeline.py for tasks to queue
[2026-06-04T16:17:34.628+0000] {logging_mixin.py:190} INFO - [2026-06-04T16:17:34.628+0000] {dagbag.py:588} INFO - Filling up the DagBag from /opt/airflow/dags/ehr_data_pipeline.py
[2026-06-04T16:17:34.659+0000] {processor.py:925} INFO - DAG(s) 'ehr_data_pipeline' retrieved from /opt/airflow/dags/ehr_data_pipeline.py
[2026-06-04T16:17:34.706+0000] {logging_mixin.py:190} INFO - [2026-06-04T16:17:34.706+0000] {dag.py:3239} INFO - Sync 1 DAGs
[2026-06-04T16:17:34.745+0000] {logging_mixin.py:190} INFO - [2026-06-04T16:17:34.745+0000] {dag.py:4180} INFO - Setting next_dagrun for ehr_data_pipeline to 2026-06-04 00:00:00+00:00, run_after=2026-06-05 00:00:00+00:00
[2026-06-04T16:17:34.782+0000] {processor.py:208} INFO - Processing /opt/airflow/dags/ehr_data_pipeline.py took 0.183 seconds
[2026-06-04T16:18:05.103+0000] {processor.py:186} INFO - Started process (PID=3793) to work on /opt/airflow/dags/ehr_data_pipeline.py
[2026-06-04T16:18:05.111+0000] {processor.py:914} INFO - Processing file /opt/airflow/dags/ehr_data_pipeline.py for tasks to queue
[2026-06-04T16:18:05.121+0000] {logging_mixin.py:190} INFO - [2026-06-04T16:18:05.120+0000] {dagbag.py:588} INFO - Filling up the DagBag from /opt/airflow/dags/ehr_data_pipeline.py
[2026-06-04T16:18:05.147+0000] {processor.py:925} INFO - DAG(s) 'ehr_data_pipeline' retrieved from /opt/airflow/dags/ehr_data_pipeline.py
[2026-06-04T16:18:05.184+0000] {logging_mixin.py:190} INFO - [2026-06-04T16:18:05.184+0000] {dag.py:3239} INFO - Sync 1 DAGs
[2026-06-04T16:18:05.225+0000] {logging_mixin.py:190} INFO - [2026-06-04T16:18:05.225+0000] {dag.py:4180} INFO - Setting next_dagrun for ehr_data_pipeline to 2026-06-04 00:00:00+00:00, run_after=2026-06-05 00:00:00+00:00
[2026-06-04T16:18:05.261+0000] {processor.py:208} INFO - Processing /opt/airflow/dags/ehr_data_pipeline.py took 0.166 seconds
[2026-06-04T16:18:35.539+0000] {processor.py:186} INFO - Started process (PID=3803) to work on /opt/airflow/dags/ehr_data_pipeline.py
[2026-06-04T16:18:35.545+0000] {processor.py:914} INFO - Processing file /opt/airflow/dags/ehr_data_pipeline.py for tasks to queue
[2026-06-04T16:18:35.552+0000] {logging_mixin.py:190} INFO - [2026-06-04T16:18:35.552+0000] {dagbag.py:588} INFO - Filling up the DagBag from /opt/airflow/dags/ehr_data_pipeline.py
[2026-06-04T16:18:35.576+0000] {processor.py:925} INFO - DAG(s) 'ehr_data_pipeline' retrieved from /opt/airflow/dags/ehr_data_pipeline.py
[2026-06-04T16:18:35.607+0000] {logging_mixin.py:190} INFO - [2026-06-04T16:18:35.606+0000] {dag.py:3239} INFO - Sync 1 DAGs
[2026-06-04T16:18:35.649+0000] {logging_mixin.py:190} INFO - [2026-06-04T16:18:35.649+0000] {dag.py:4180} INFO - Setting next_dagrun for ehr_data_pipeline to 2026-06-04 00:00:00+00:00, run_after=2026-06-05 00:00:00+00:00
[2026-06-04T16:18:35.686+0000] {processor.py:208} INFO - Processing /opt/airflow/dags/ehr_data_pipeline.py took 0.154 seconds
[2026-06-04T16:19:05.931+0000] {processor.py:186} INFO - Started process (PID=3813) to work on /opt/airflow/dags/ehr_data_pipeline.py
[2026-06-04T16:19:05.939+0000] {processor.py:914} INFO - Processing file /opt/airflow/dags/ehr_data_pipeline.py for tasks to queue
[2026-06-04T16:19:05.953+0000] {logging_mixin.py:190} INFO - [2026-06-04T16:19:05.953+0000] {dagbag.py:588} INFO - Filling up the DagBag from /opt/airflow/dags/ehr_data_pipeline.py
[2026-06-04T16:19:05.979+0000] {processor.py:925} INFO - DAG(s) 'ehr_data_pipeline' retrieved from /opt/airflow/dags/ehr_data_pipeline.py
[2026-06-04T16:19:06.014+0000] {logging_mixin.py:190} INFO - [2026-06-04T16:19:06.013+0000] {dag.py:3239} INFO - Sync 1 DAGs
[2026-06-04T16:19:06.056+0000] {logging_mixin.py:190} INFO - [2026-06-04T16:19:06.056+0000] {dag.py:4180} INFO - Setting next_dagrun for ehr_data_pipeline to 2026-06-04 00:00:00+00:00, run_after=2026-06-05 00:00:00+00:00
[2026-06-04T16:19:06.095+0000] {processor.py:208} INFO - Processing /opt/airflow/dags/ehr_data_pipeline.py took 0.171 seconds
[2026-06-04T16:19:36.283+0000] {processor.py:186} INFO - Started process (PID=3823) to work on /opt/airflow/dags/ehr_data_pipeline.py
[2026-06-04T16:19:36.289+0000] {processor.py:914} INFO - Processing file /opt/airflow/dags/ehr_data_pipeline.py for tasks to queue
[2026-06-04T16:19:36.297+0000] {logging_mixin.py:190} INFO - [2026-06-04T16:19:36.297+0000] {dagbag.py:588} INFO - Filling up the DagBag from /opt/airflow/dags/ehr_data_pipeline.py
[2026-06-04T16:19:36.330+0000] {processor.py:925} INFO - DAG(s) 'ehr_data_pipeline' retrieved from /opt/airflow/dags/ehr_data_pipeline.py
[2026-06-04T16:19:36.395+0000] {logging_mixin.py:190} INFO - [2026-06-04T16:19:36.394+0000] {dag.py:3239} INFO - Sync 1 DAGs
[2026-06-04T16:19:36.431+0000] {logging_mixin.py:190} INFO - [2026-06-04T16:19:36.430+0000] {dag.py:4180} INFO - Setting next_dagrun for ehr_data_pipeline to 2026-06-04 00:00:00+00:00, run_after=2026-06-05 00:00:00+00:00
[2026-06-04T16:19:36.464+0000] {processor.py:208} INFO - Processing /opt/airflow/dags/ehr_data_pipeline.py took 0.188 seconds
[2026-06-04T16:20:06.735+0000] {processor.py:186} INFO - Started process (PID=3833) to work on /opt/airflow/dags/ehr_data_pipeline.py
[2026-06-04T16:20:06.743+0000] {processor.py:914} INFO - Processing file /opt/airflow/dags/ehr_data_pipeline.py for tasks to queue
[2026-06-04T16:20:06.752+0000] {logging_mixin.py:190} INFO - [2026-06-04T16:20:06.751+0000] {dagbag.py:588} INFO - Filling up the DagBag from /opt/airflow/dags/ehr_data_pipeline.py
[2026-06-04T16:20:06.781+0000] {processor.py:925} INFO - DAG(s) 'ehr_data_pipeline' retrieved from /opt/airflow/dags/ehr_data_pipeline.py
[2026-06-04T16:20:06.818+0000] {logging_mixin.py:190} INFO - [2026-06-04T16:20:06.818+0000] {dag.py:3239} INFO - Sync 1 DAGs
[2026-06-04T16:20:06.861+0000] {logging_mixin.py:190} INFO - [2026-06-04T16:20:06.860+0000] {dag.py:4180} INFO - Setting next_dagrun for ehr_data_pipeline to 2026-06-04 00:00:00+00:00, run_after=2026-06-05 00:00:00+00:00
[2026-06-04T16:20:06.909+0000] {processor.py:208} INFO - Processing /opt/airflow/dags/ehr_data_pipeline.py took 0.183 seconds
[2026-06-04T16:20:37.186+0000] {processor.py:186} INFO - Started process (PID=3843) to work on /opt/airflow/dags/ehr_data_pipeline.py
[2026-06-04T16:20:37.192+0000] {processor.py:914} INFO - Processing file /opt/airflow/dags/ehr_data_pipeline.py for tasks to queue
[2026-06-04T16:20:37.209+0000] {logging_mixin.py:190} INFO - [2026-06-04T16:20:37.209+0000] {dagbag.py:588} INFO - Filling up the DagBag from /opt/airflow/dags/ehr_data_pipeline.py
[2026-06-04T16:20:37.238+0000] {processor.py:925} INFO - DAG(s) 'ehr_data_pipeline' retrieved from /opt/airflow/dags/ehr_data_pipeline.py
[2026-06-04T16:20:37.274+0000] {logging_mixin.py:190} INFO - [2026-06-04T16:20:37.274+0000] {dag.py:3239} INFO - Sync 1 DAGs
[2026-06-04T16:20:37.314+0000] {logging_mixin.py:190} INFO - [2026-06-04T16:20:37.314+0000] {dag.py:4180} INFO - Setting next_dagrun for ehr_data_pipeline to 2026-06-04 00:00:00+00:00, run_after=2026-06-05 00:00:00+00:00
[2026-06-04T16:20:37.359+0000] {processor.py:208} INFO - Processing /opt/airflow/dags/ehr_data_pipeline.py took 0.181 seconds
[2026-06-04T16:21:07.616+0000] {processor.py:186} INFO - Started process (PID=3853) to work on /opt/airflow/dags/ehr_data_pipeline.py
[2026-06-04T16:21:07.627+0000] {processor.py:914} INFO - Processing file /opt/airflow/dags/ehr_data_pipeline.py for tasks to queue
[2026-06-04T16:21:07.638+0000] {logging_mixin.py:190} INFO - [2026-06-04T16:21:07.638+0000] {dagbag.py:588} INFO - Filling up the DagBag from /opt/airflow/dags/ehr_data_pipeline.py
[2026-06-04T16:21:07.673+0000] {processor.py:925} INFO - DAG(s) 'ehr_data_pipeline' retrieved from /opt/airflow/dags/ehr_data_pipeline.py
[2026-06-04T16:21:07.710+0000] {logging_mixin.py:190} INFO - [2026-06-04T16:21:07.709+0000] {dag.py:3239} INFO - Sync 1 DAGs
[2026-06-04T16:21:07.745+0000] {logging_mixin.py:190} INFO - [2026-06-04T16:21:07.745+0000] {dag.py:4180} INFO - Setting next_dagrun for ehr_data_pipeline to 2026-06-04 00:00:00+00:00, run_after=2026-06-05 00:00:00+00:00
[2026-06-04T16:21:07.777+0000] {processor.py:208} INFO - Processing /opt/airflow/dags/ehr_data_pipeline.py took 0.169 seconds
[2026-06-04T16:21:12.866+0000] {processor.py:186} INFO - Started process (PID=3858) to work on /opt/airflow/dags/ehr_data_pipeline.py
[2026-06-04T16:21:12.872+0000] {processor.py:914} INFO - Processing file /opt/airflow/dags/ehr_data_pipeline.py for tasks to queue
[2026-06-04T16:21:12.879+0000] {logging_mixin.py:190} INFO - [2026-06-04T16:21:12.878+0000] {dagbag.py:588} INFO - Filling up the DagBag from /opt/airflow/dags/ehr_data_pipeline.py
[2026-06-04T16:21:12.903+0000] {processor.py:925} INFO - DAG(s) 'ehr_data_pipeline' retrieved from /opt/airflow/dags/ehr_data_pipeline.py
[2026-06-04T16:21:12.930+0000] {logging_mixin.py:190} INFO - [2026-06-04T16:21:12.930+0000] {dag.py:3239} INFO - Sync 1 DAGs
[2026-06-04T16:21:12.962+0000] {logging_mixin.py:190} INFO - [2026-06-04T16:21:12.962+0000] {dag.py:4180} INFO - Setting next_dagrun for ehr_data_pipeline to 2026-06-04 00:00:00+00:00, run_after=2026-06-05 00:00:00+00:00
[2026-06-04T16:21:12.989+0000] {processor.py:208} INFO - Processing /opt/airflow/dags/ehr_data_pipeline.py took 0.129 seconds
[2026-06-04T16:21:43.165+0000] {processor.py:186} INFO - Started process (PID=4290) to work on /opt/airflow/dags/ehr_data_pipeline.py
[2026-06-04T16:21:43.172+0000] {processor.py:914} INFO - Processing file /opt/airflow/dags/ehr_data_pipeline.py for tasks to queue
[2026-06-04T16:21:43.179+0000] {logging_mixin.py:190} INFO - [2026-06-04T16:21:43.179+0000] {dagbag.py:588} INFO - Filling up the DagBag from /opt/airflow/dags/ehr_data_pipeline.py
[2026-06-04T16:21:43.198+0000] {processor.py:925} INFO - DAG(s) 'ehr_data_pipeline' retrieved from /opt/airflow/dags/ehr_data_pipeline.py
[2026-06-04T16:21:43.222+0000] {logging_mixin.py:190} INFO - [2026-06-04T16:21:43.222+0000] {dag.py:3239} INFO - Sync 1 DAGs
[2026-06-04T16:21:43.250+0000] {logging_mixin.py:190} INFO - [2026-06-04T16:21:43.250+0000] {dag.py:4180} INFO - Setting next_dagrun for ehr_data_pipeline to 2026-06-04 00:00:00+00:00, run_after=2026-06-05 00:00:00+00:00
[2026-06-04T16:21:43.272+0000] {processor.py:208} INFO - Processing /opt/airflow/dags/ehr_data_pipeline.py took 0.113 seconds
[2026-06-04T16:22:13.498+0000] {processor.py:186} INFO - Started process (PID=4565) to work on /opt/airflow/dags/ehr_data_pipeline.py
[2026-06-04T16:22:13.507+0000] {processor.py:914} INFO - Processing file /opt/airflow/dags/ehr_data_pipeline.py for tasks to queue
[2026-06-04T16:22:13.528+0000] {logging_mixin.py:190} INFO - [2026-06-04T16:22:13.527+0000] {dagbag.py:588} INFO - Filling up the DagBag from /opt/airflow/dags/ehr_data_pipeline.py
[2026-06-04T16:22:13.594+0000] {processor.py:925} INFO - DAG(s) 'ehr_data_pipeline' retrieved from /opt/airflow/dags/ehr_data_pipeline.py
[2026-06-04T16:22:13.633+0000] {logging_mixin.py:190} INFO - [2026-06-04T16:22:13.633+0000] {dag.py:3239} INFO - Sync 1 DAGs
[2026-06-04T16:22:13.674+0000] {logging_mixin.py:190} INFO - [2026-06-04T16:22:13.674+0000] {dag.py:4180} INFO - Setting next_dagrun for ehr_data_pipeline to 2026-06-04 00:00:00+00:00, run_after=2026-06-05 00:00:00+00:00
[2026-06-04T16:22:28.767+0000] {processor.py:208} INFO - Processing /opt/airflow/dags/ehr_data_pipeline.py took 15.281 seconds
[2026-06-04T16:22:58.926+0000] {processor.py:186} INFO - Started process (PID=4655) to work on /opt/airflow/dags/ehr_data_pipeline.py
[2026-06-04T16:22:58.942+0000] {processor.py:914} INFO - Processing file /opt/airflow/dags/ehr_data_pipeline.py for tasks to queue
[2026-06-04T16:22:58.951+0000] {logging_mixin.py:190} INFO - [2026-06-04T16:22:58.951+0000] {dagbag.py:588} INFO - Filling up the DagBag from /opt/airflow/dags/ehr_data_pipeline.py
[2026-06-04T16:22:58.976+0000] {processor.py:925} INFO - DAG(s) 'ehr_data_pipeline' retrieved from /opt/airflow/dags/ehr_data_pipeline.py
[2026-06-04T16:22:59.008+0000] {logging_mixin.py:190} INFO - [2026-06-04T16:22:59.008+0000] {dag.py:3239} INFO - Sync 1 DAGs
[2026-06-04T16:22:59.048+0000] {logging_mixin.py:190} INFO - [2026-06-04T16:22:59.048+0000] {dag.py:4180} INFO - Setting next_dagrun for ehr_data_pipeline to 2026-06-04 00:00:00+00:00, run_after=2026-06-05 00:00:00+00:00
[2026-06-04T16:23:18.390+0000] {processor.py:208} INFO - Processing /opt/airflow/dags/ehr_data_pipeline.py took 19.471 seconds
[2026-06-04T16:23:48.668+0000] {processor.py:186} INFO - Started process (PID=4758) to work on /opt/airflow/dags/ehr_data_pipeline.py
[2026-06-04T16:23:48.673+0000] {processor.py:914} INFO - Processing file /opt/airflow/dags/ehr_data_pipeline.py for tasks to queue
[2026-06-04T16:23:48.680+0000] {logging_mixin.py:190} INFO - [2026-06-04T16:23:48.679+0000] {dagbag.py:588} INFO - Filling up the DagBag from /opt/airflow/dags/ehr_data_pipeline.py
[2026-06-04T16:23:48.705+0000] {processor.py:925} INFO - DAG(s) 'ehr_data_pipeline' retrieved from /opt/airflow/dags/ehr_data_pipeline.py
[2026-06-04T16:23:48.752+0000] {logging_mixin.py:190} INFO - [2026-06-04T16:23:48.751+0000] {dag.py:3239} INFO - Sync 1 DAGs
[2026-06-04T16:23:48.799+0000] {logging_mixin.py:190} INFO - [2026-06-04T16:23:48.799+0000] {dag.py:4180} INFO - Setting next_dagrun for ehr_data_pipeline to 2026-06-04 00:00:00+00:00, run_after=2026-06-05 00:00:00+00:00
[2026-06-04T16:23:48.827+0000] {processor.py:208} INFO - Processing /opt/airflow/dags/ehr_data_pipeline.py took 0.164 seconds
[2026-06-04T16:24:19.101+0000] {processor.py:186} INFO - Started process (PID=4992) to work on /opt/airflow/dags/ehr_data_pipeline.py
[2026-06-04T16:24:19.110+0000] {processor.py:914} INFO - Processing file /opt/airflow/dags/ehr_data_pipeline.py for tasks to queue
[2026-06-04T16:24:19.121+0000] {logging_mixin.py:190} INFO - [2026-06-04T16:24:19.121+0000] {dagbag.py:588} INFO - Filling up the DagBag from /opt/airflow/dags/ehr_data_pipeline.py
[2026-06-04T16:24:19.242+0000] {processor.py:925} INFO - DAG(s) 'ehr_data_pipeline' retrieved from /opt/airflow/dags/ehr_data_pipeline.py
[2026-06-04T16:24:19.337+0000] {logging_mixin.py:190} INFO - [2026-06-04T16:24:19.337+0000] {dag.py:3239} INFO - Sync 1 DAGs
[2026-06-04T16:24:19.482+0000] {logging_mixin.py:190} INFO - [2026-06-04T16:24:19.481+0000] {dag.py:4180} INFO - Setting next_dagrun for ehr_data_pipeline to 2026-06-04 00:00:00+00:00, run_after=2026-06-05 00:00:00+00:00
[2026-06-04T16:24:19.524+0000] {processor.py:208} INFO - Processing /opt/airflow/dags/ehr_data_pipeline.py took 0.433 seconds
[2026-06-04T16:24:49.754+0000] {processor.py:186} INFO - Started process (PID=5315) to work on /opt/airflow/dags/ehr_data_pipeline.py
[2026-06-04T16:24:49.761+0000] {processor.py:914} INFO - Processing file /opt/airflow/dags/ehr_data_pipeline.py for tasks to queue
[2026-06-04T16:24:49.768+0000] {logging_mixin.py:190} INFO - [2026-06-04T16:24:49.768+0000] {dagbag.py:588} INFO - Filling up the DagBag from /opt/airflow/dags/ehr_data_pipeline.py
[2026-06-04T16:24:49.798+0000] {processor.py:925} INFO - DAG(s) 'ehr_data_pipeline' retrieved from /opt/airflow/dags/ehr_data_pipeline.py
[2026-06-04T16:24:49.848+0000] {logging_mixin.py:190} INFO - [2026-06-04T16:24:49.848+0000] {dag.py:3239} INFO - Sync 1 DAGs
[2026-06-04T16:24:49.887+0000] {logging_mixin.py:190} INFO - [2026-06-04T16:24:49.887+0000] {dag.py:4180} INFO - Setting next_dagrun for ehr_data_pipeline to 2026-06-04 00:00:00+00:00, run_after=2026-06-05 00:00:00+00:00
[2026-06-04T16:24:49.919+0000] {processor.py:208} INFO - Processing /opt/airflow/dags/ehr_data_pipeline.py took 0.171 seconds
[2026-06-04T16:25:20.202+0000] {processor.py:186} INFO - Started process (PID=5625) to work on /opt/airflow/dags/ehr_data_pipeline.py
[2026-06-04T16:25:20.207+0000] {processor.py:914} INFO - Processing file /opt/airflow/dags/ehr_data_pipeline.py for tasks to queue
[2026-06-04T16:25:20.214+0000] {logging_mixin.py:190} INFO - [2026-06-04T16:25:20.213+0000] {dagbag.py:588} INFO - Filling up the DagBag from /opt/airflow/dags/ehr_data_pipeline.py
[2026-06-04T16:25:20.263+0000] {processor.py:925} INFO - DAG(s) 'ehr_data_pipeline' retrieved from /opt/airflow/dags/ehr_data_pipeline.py
[2026-06-04T16:25:20.351+0000] {logging_mixin.py:190} INFO - [2026-06-04T16:25:20.351+0000] {dag.py:3239} INFO - Sync 1 DAGs
[2026-06-04T16:25:20.428+0000] {logging_mixin.py:190} INFO - [2026-06-04T16:25:20.427+0000] {dag.py:4180} INFO - Setting next_dagrun for ehr_data_pipeline to 2026-06-04 00:00:00+00:00, run_after=2026-06-05 00:00:00+00:00
[2026-06-04T16:25:20.487+0000] {processor.py:208} INFO - Processing /opt/airflow/dags/ehr_data_pipeline.py took 0.291 seconds
[2026-06-04T16:25:50.735+0000] {processor.py:186} INFO - Started process (PID=5824) to work on /opt/airflow/dags/ehr_data_pipeline.py
[2026-06-04T16:25:50.742+0000] {processor.py:914} INFO - Processing file /opt/airflow/dags/ehr_data_pipeline.py for tasks to queue
[2026-06-04T16:25:50.752+0000] {logging_mixin.py:190} INFO - [2026-06-04T16:25:50.752+0000] {dagbag.py:588} INFO - Filling up the DagBag from /opt/airflow/dags/ehr_data_pipeline.py
[2026-06-04T16:25:50.854+0000] {processor.py:925} INFO - DAG(s) 'ehr_data_pipeline' retrieved from /opt/airflow/dags/ehr_data_pipeline.py
[2026-06-04T16:25:50.936+0000] {logging_mixin.py:190} INFO - [2026-06-04T16:25:50.936+0000] {dag.py:3239} INFO - Sync 1 DAGs
[2026-06-04T16:25:51.011+0000] {logging_mixin.py:190} INFO - [2026-06-04T16:25:51.011+0000] {dag.py:4180} INFO - Setting next_dagrun for ehr_data_pipeline to 2026-06-04 00:00:00+00:00, run_after=2026-06-05 00:00:00+00:00
[2026-06-04T16:25:51.074+0000] {processor.py:208} INFO - Processing /opt/airflow/dags/ehr_data_pipeline.py took 0.346 seconds
[2026-06-04T16:26:21.307+0000] {processor.py:186} INFO - Started process (PID=6169) to work on /opt/airflow/dags/ehr_data_pipeline.py
[2026-06-04T16:26:21.317+0000] {processor.py:914} INFO - Processing file /opt/airflow/dags/ehr_data_pipeline.py for tasks to queue
[2026-06-04T16:26:21.330+0000] {logging_mixin.py:190} INFO - [2026-06-04T16:26:21.330+0000] {dagbag.py:588} INFO - Filling up the DagBag from /opt/airflow/dags/ehr_data_pipeline.py
[2026-06-04T16:26:21.363+0000] {processor.py:925} INFO - DAG(s) 'ehr_data_pipeline' retrieved from /opt/airflow/dags/ehr_data_pipeline.py
[2026-06-04T16:26:21.438+0000] {logging_mixin.py:190} INFO - [2026-06-04T16:26:21.438+0000] {dag.py:3239} INFO - Sync 1 DAGs
[2026-06-04T16:26:21.506+0000] {logging_mixin.py:190} INFO - [2026-06-04T16:26:21.506+0000] {dag.py:4180} INFO - Setting next_dagrun for ehr_data_pipeline to 2026-06-04 00:00:00+00:00, run_after=2026-06-05 00:00:00+00:00
[2026-06-04T16:26:21.552+0000] {processor.py:208} INFO - Processing /opt/airflow/dags/ehr_data_pipeline.py took 0.252 seconds
[2026-06-04T16:26:51.833+0000] {processor.py:186} INFO - Started process (PID=6439) to work on /opt/airflow/dags/ehr_data_pipeline.py
[2026-06-04T16:26:51.848+0000] {processor.py:914} INFO - Processing file /opt/airflow/dags/ehr_data_pipeline.py for tasks to queue
[2026-06-04T16:26:51.859+0000] {logging_mixin.py:190} INFO - [2026-06-04T16:26:51.859+0000] {dagbag.py:588} INFO - Filling up the DagBag from /opt/airflow/dags/ehr_data_pipeline.py
[2026-06-04T16:26:51.968+0000] {processor.py:925} INFO - DAG(s) 'ehr_data_pipeline' retrieved from /opt/airflow/dags/ehr_data_pipeline.py
[2026-06-04T16:26:52.041+0000] {logging_mixin.py:190} INFO - [2026-06-04T16:26:52.041+0000] {dag.py:3239} INFO - Sync 1 DAGs
[2026-06-04T16:26:52.156+0000] {logging_mixin.py:190} INFO - [2026-06-04T16:26:52.156+0000] {dag.py:4180} INFO - Setting next_dagrun for ehr_data_pipeline to 2026-06-04 00:00:00+00:00, run_after=2026-06-05 00:00:00+00:00
[2026-06-04T16:26:52.194+0000] {processor.py:208} INFO - Processing /opt/airflow/dags/ehr_data_pipeline.py took 0.372 seconds
[2026-06-04T16:27:23.017+0000] {processor.py:186} INFO - Started process (PID=6493) to work on /opt/airflow/dags/ehr_data_pipeline.py
[2026-06-04T16:27:23.024+0000] {processor.py:914} INFO - Processing file /opt/airflow/dags/ehr_data_pipeline.py for tasks to queue
[2026-06-04T16:27:23.034+0000] {logging_mixin.py:190} INFO - [2026-06-04T16:27:23.033+0000] {dagbag.py:588} INFO - Filling up the DagBag from /opt/airflow/dags/ehr_data_pipeline.py
[2026-06-04T16:27:23.064+0000] {processor.py:925} INFO - DAG(s) 'ehr_data_pipeline' retrieved from /opt/airflow/dags/ehr_data_pipeline.py
[2026-06-04T16:27:23.129+0000] {logging_mixin.py:190} INFO - [2026-06-04T16:27:23.129+0000] {dag.py:3239} INFO - Sync 1 DAGs
[2026-06-04T16:27:23.209+0000] {logging_mixin.py:190} INFO - [2026-06-04T16:27:23.209+0000] {dag.py:4180} INFO - Setting next_dagrun for ehr_data_pipeline to 2026-06-04 00:00:00+00:00, run_after=2026-06-05 00:00:00+00:00
[2026-06-04T16:27:23.252+0000] {processor.py:208} INFO - Processing /opt/airflow/dags/ehr_data_pipeline.py took 0.252 seconds
[2026-06-04T16:27:53.434+0000] {processor.py:186} INFO - Started process (PID=6510) to work on /opt/airflow/dags/ehr_data_pipeline.py
[2026-06-04T16:27:53.440+0000] {processor.py:914} INFO - Processing file /opt/airflow/dags/ehr_data_pipeline.py for tasks to queue
[2026-06-04T16:27:53.447+0000] {logging_mixin.py:190} INFO - [2026-06-04T16:27:53.446+0000] {dagbag.py:588} INFO - Filling up the DagBag from /opt/airflow/dags/ehr_data_pipeline.py
[2026-06-04T16:27:53.466+0000] {processor.py:925} INFO - DAG(s) 'ehr_data_pipeline' retrieved from /opt/airflow/dags/ehr_data_pipeline.py
[2026-06-04T16:27:53.493+0000] {logging_mixin.py:190} INFO - [2026-06-04T16:27:53.492+0000] {dag.py:3239} INFO - Sync 1 DAGs
[2026-06-04T16:27:53.529+0000] {logging_mixin.py:190} INFO - [2026-06-04T16:27:53.529+0000] {dag.py:4180} INFO - Setting next_dagrun for ehr_data_pipeline to 2026-06-04 00:00:00+00:00, run_after=2026-06-05 00:00:00+00:00
[2026-06-04T16:27:53.555+0000] {processor.py:208} INFO - Processing /opt/airflow/dags/ehr_data_pipeline.py took 0.126 seconds
[2026-06-04T16:28:23.715+0000] {processor.py:186} INFO - Started process (PID=6767) to work on /opt/airflow/dags/ehr_data_pipeline.py
[2026-06-04T16:28:23.720+0000] {processor.py:914} INFO - Processing file /opt/airflow/dags/ehr_data_pipeline.py for tasks to queue
[2026-06-04T16:28:23.726+0000] {logging_mixin.py:190} INFO - [2026-06-04T16:28:23.725+0000] {dagbag.py:588} INFO - Filling up the DagBag from /opt/airflow/dags/ehr_data_pipeline.py
[2026-06-04T16:28:23.741+0000] {processor.py:925} INFO - DAG(s) 'ehr_data_pipeline' retrieved from /opt/airflow/dags/ehr_data_pipeline.py
[2026-06-04T16:28:23.760+0000] {logging_mixin.py:190} INFO - [2026-06-04T16:28:23.760+0000] {dag.py:3239} INFO - Sync 1 DAGs
[2026-06-04T16:28:23.781+0000] {logging_mixin.py:190} INFO - [2026-06-04T16:28:23.781+0000] {dag.py:4180} INFO - Setting next_dagrun for ehr_data_pipeline to 2026-06-04 00:00:00+00:00, run_after=2026-06-05 00:00:00+00:00
[2026-06-04T16:28:23.810+0000] {processor.py:208} INFO - Processing /opt/airflow/dags/ehr_data_pipeline.py took 0.099 seconds
[2026-06-04T16:28:53.983+0000] {processor.py:186} INFO - Started process (PID=6782) to work on /opt/airflow/dags/ehr_data_pipeline.py
[2026-06-04T16:28:53.989+0000] {processor.py:914} INFO - Processing file /opt/airflow/dags/ehr_data_pipeline.py for tasks to queue
[2026-06-04T16:28:53.995+0000] {logging_mixin.py:190} INFO - [2026-06-04T16:28:53.995+0000] {dagbag.py:588} INFO - Filling up the DagBag from /opt/airflow/dags/ehr_data_pipeline.py
[2026-06-04T16:28:54.016+0000] {processor.py:925} INFO - DAG(s) 'ehr_data_pipeline' retrieved from /opt/airflow/dags/ehr_data_pipeline.py
[2026-06-04T16:28:54.049+0000] {logging_mixin.py:190} INFO - [2026-06-04T16:28:54.049+0000] {dag.py:3239} INFO - Sync 1 DAGs
[2026-06-04T16:28:54.089+0000] {logging_mixin.py:190} INFO - [2026-06-04T16:28:54.089+0000] {dag.py:4180} INFO - Setting next_dagrun for ehr_data_pipeline to 2026-06-04 00:00:00+00:00, run_after=2026-06-05 00:00:00+00:00
[2026-06-04T16:28:54.120+0000] {processor.py:208} INFO - Processing /opt/airflow/dags/ehr_data_pipeline.py took 0.144 seconds
[2026-06-04T16:29:24.769+0000] {processor.py:186} INFO - Started process (PID=7036) to work on /opt/airflow/dags/ehr_data_pipeline.py
[2026-06-04T16:29:24.776+0000] {processor.py:914} INFO - Processing file /opt/airflow/dags/ehr_data_pipeline.py for tasks to queue
[2026-06-04T16:29:24.785+0000] {logging_mixin.py:190} INFO - [2026-06-04T16:29:24.785+0000] {dagbag.py:588} INFO - Filling up the DagBag from /opt/airflow/dags/ehr_data_pipeline.py
[2026-06-04T16:29:24.808+0000] {processor.py:925} INFO - DAG(s) 'ehr_data_pipeline' retrieved from /opt/airflow/dags/ehr_data_pipeline.py
[2026-06-04T16:29:24.846+0000] {logging_mixin.py:190} INFO - [2026-06-04T16:29:24.846+0000] {dag.py:3239} INFO - Sync 1 DAGs
[2026-06-04T16:29:24.883+0000] {logging_mixin.py:190} INFO - [2026-06-04T16:29:24.883+0000] {dag.py:4180} INFO - Setting next_dagrun for ehr_data_pipeline to 2026-06-04 00:00:00+00:00, run_after=2026-06-05 00:00:00+00:00
[2026-06-04T16:29:24.911+0000] {processor.py:208} INFO - Processing /opt/airflow/dags/ehr_data_pipeline.py took 0.150 seconds
[2026-06-04T16:29:55.126+0000] {processor.py:186} INFO - Started process (PID=7414) to work on /opt/airflow/dags/ehr_data_pipeline.py
[2026-06-04T16:29:55.137+0000] {processor.py:914} INFO - Processing file /opt/airflow/dags/ehr_data_pipeline.py for tasks to queue
[2026-06-04T16:29:55.145+0000] {logging_mixin.py:190} INFO - [2026-06-04T16:29:55.144+0000] {dagbag.py:588} INFO - Filling up the DagBag from /opt/airflow/dags/ehr_data_pipeline.py
[2026-06-04T16:29:55.178+0000] {processor.py:925} INFO - DAG(s) 'ehr_data_pipeline' retrieved from /opt/airflow/dags/ehr_data_pipeline.py
[2026-06-04T16:29:55.235+0000] {logging_mixin.py:190} INFO - [2026-06-04T16:29:55.235+0000] {dag.py:3239} INFO - Sync 1 DAGs
[2026-06-04T16:29:55.288+0000] {logging_mixin.py:190} INFO - [2026-06-04T16:29:55.288+0000] {dag.py:4180} INFO - Setting next_dagrun for ehr_data_pipeline to 2026-06-04 00:00:00+00:00, run_after=2026-06-05 00:00:00+00:00
[2026-06-04T16:29:55.322+0000] {processor.py:208} INFO - Processing /opt/airflow/dags/ehr_data_pipeline.py took 0.202 seconds
[2026-06-04T16:30:25.527+0000] {processor.py:186} INFO - Started process (PID=7609) to work on /opt/airflow/dags/ehr_data_pipeline.py
[2026-06-04T16:30:25.539+0000] {processor.py:914} INFO - Processing file /opt/airflow/dags/ehr_data_pipeline.py for tasks to queue
[2026-06-04T16:30:25.557+0000] {logging_mixin.py:190} INFO - [2026-06-04T16:30:25.556+0000] {dagbag.py:588} INFO - Filling up the DagBag from /opt/airflow/dags/ehr_data_pipeline.py
[2026-06-04T16:30:25.621+0000] {processor.py:925} INFO - DAG(s) 'ehr_data_pipeline' retrieved from /opt/airflow/dags/ehr_data_pipeline.py
[2026-06-04T16:30:25.682+0000] {logging_mixin.py:190} INFO - [2026-06-04T16:30:25.681+0000] {dag.py:3239} INFO - Sync 1 DAGs
[2026-06-04T16:30:25.747+0000] {logging_mixin.py:190} INFO - [2026-06-04T16:30:25.747+0000] {dag.py:4180} INFO - Setting next_dagrun for ehr_data_pipeline to 2026-06-04 00:00:00+00:00, run_after=2026-06-05 00:00:00+00:00
[2026-06-04T16:30:25.794+0000] {processor.py:208} INFO - Processing /opt/airflow/dags/ehr_data_pipeline.py took 0.272 seconds
[2026-06-04T16:30:45.353+0000] {processor.py:186} INFO - Started process (PID=7657) to work on /opt/airflow/dags/ehr_data_pipeline.py
[2026-06-04T16:30:45.359+0000] {processor.py:914} INFO - Processing file /opt/airflow/dags/ehr_data_pipeline.py for tasks to queue
[2026-06-04T16:30:45.364+0000] {logging_mixin.py:190} INFO - [2026-06-04T16:30:45.364+0000] {dagbag.py:588} INFO - Filling up the DagBag from /opt/airflow/dags/ehr_data_pipeline.py
[2026-06-04T16:30:45.381+0000] {processor.py:925} INFO - DAG(s) 'ehr_data_pipeline' retrieved from /opt/airflow/dags/ehr_data_pipeline.py
[2026-06-04T16:30:45.416+0000] {logging_mixin.py:190} INFO - [2026-06-04T16:30:45.416+0000] {dag.py:1660} INFO - Executing dag callback function: <function log_pipeline_duration at 0x7fbea788b240>
[2026-06-04T16:30:45.420+0000] {logging_mixin.py:190} INFO - [log_pipeline_duration] DAG run manual__2026-06-04T16:21:14.038551+00:00 finished in 571.162608 seconds.
[2026-06-04T16:30:45.435+0000] {logging_mixin.py:190} INFO - [2026-06-04T16:30:45.435+0000] {dag.py:3239} INFO - Sync 1 DAGs
[2026-06-04T16:30:45.458+0000] {logging_mixin.py:190} INFO - [2026-06-04T16:30:45.457+0000] {dag.py:4180} INFO - Setting next_dagrun for ehr_data_pipeline to 2026-06-04 00:00:00+00:00, run_after=2026-06-05 00:00:00+00:00
[2026-06-04T16:30:45.476+0000] {processor.py:208} INFO - Processing /opt/airflow/dags/ehr_data_pipeline.py took 0.128 seconds
[2026-06-04T16:31:15.771+0000] {processor.py:186} INFO - Started process (PID=7667) to work on /opt/airflow/dags/ehr_data_pipeline.py
[2026-06-04T16:31:15.780+0000] {processor.py:914} INFO - Processing file /opt/airflow/dags/ehr_data_pipeline.py for tasks to queue
[2026-06-04T16:31:15.789+0000] {logging_mixin.py:190} INFO - [2026-06-04T16:31:15.789+0000] {dagbag.py:588} INFO - Filling up the DagBag from /opt/airflow/dags/ehr_data_pipeline.py
[2026-06-04T16:31:15.821+0000] {processor.py:925} INFO - DAG(s) 'ehr_data_pipeline' retrieved from /opt/airflow/dags/ehr_data_pipeline.py
[2026-06-04T16:31:15.860+0000] {logging_mixin.py:190} INFO - [2026-06-04T16:31:15.860+0000] {dag.py:3239} INFO - Sync 1 DAGs
[2026-06-04T16:31:15.916+0000] {logging_mixin.py:190} INFO - [2026-06-04T16:31:15.915+0000] {dag.py:4180} INFO - Setting next_dagrun for ehr_data_pipeline to 2026-06-04 00:00:00+00:00, run_after=2026-06-05 00:00:00+00:00
[2026-06-04T16:31:15.956+0000] {processor.py:208} INFO - Processing /opt/airflow/dags/ehr_data_pipeline.py took 0.193 seconds
[2026-06-04T16:31:46.029+0000] {processor.py:186} INFO - Started process (PID=7677) to work on /opt/airflow/dags/ehr_data_pipeline.py
[2026-06-04T16:31:46.040+0000] {processor.py:914} INFO - Processing file /opt/airflow/dags/ehr_data_pipeline.py for tasks to queue
[2026-06-04T16:31:46.048+0000] {logging_mixin.py:190} INFO - [2026-06-04T16:31:46.048+0000] {dagbag.py:588} INFO - Filling up the DagBag from /opt/airflow/dags/ehr_data_pipeline.py
[2026-06-04T16:31:46.070+0000] {processor.py:925} INFO - DAG(s) 'ehr_data_pipeline' retrieved from /opt/airflow/dags/ehr_data_pipeline.py
[2026-06-04T16:31:46.099+0000] {logging_mixin.py:190} INFO - [2026-06-04T16:31:46.099+0000] {dag.py:3239} INFO - Sync 1 DAGs
[2026-06-04T16:31:46.132+0000] {logging_mixin.py:190} INFO - [2026-06-04T16:31:46.132+0000] {dag.py:4180} INFO - Setting next_dagrun for ehr_data_pipeline to 2026-06-04 00:00:00+00:00, run_after=2026-06-05 00:00:00+00:00
[2026-06-04T16:31:46.166+0000] {processor.py:208} INFO - Processing /opt/airflow/dags/ehr_data_pipeline.py took 0.143 seconds
[2026-06-04T16:32:16.440+0000] {processor.py:186} INFO - Started process (PID=7687) to work on /opt/airflow/dags/ehr_data_pipeline.py
[2026-06-04T16:32:16.453+0000] {processor.py:914} INFO - Processing file /opt/airflow/dags/ehr_data_pipeline.py for tasks to queue
[2026-06-04T16:32:16.460+0000] {logging_mixin.py:190} INFO - [2026-06-04T16:32:16.460+0000] {dagbag.py:588} INFO - Filling up the DagBag from /opt/airflow/dags/ehr_data_pipeline.py
[2026-06-04T16:32:16.484+0000] {processor.py:925} INFO - DAG(s) 'ehr_data_pipeline' retrieved from /opt/airflow/dags/ehr_data_pipeline.py
[2026-06-04T16:32:16.516+0000] {logging_mixin.py:190} INFO - [2026-06-04T16:32:16.516+0000] {dag.py:3239} INFO - Sync 1 DAGs
[2026-06-04T16:32:16.547+0000] {logging_mixin.py:190} INFO - [2026-06-04T16:32:16.546+0000] {dag.py:4180} INFO - Setting next_dagrun for ehr_data_pipeline to 2026-06-04 00:00:00+00:00, run_after=2026-06-05 00:00:00+00:00
[2026-06-04T16:32:16.593+0000] {processor.py:208} INFO - Processing /opt/airflow/dags/ehr_data_pipeline.py took 0.160 seconds
[2026-06-04T16:32:46.822+0000] {processor.py:186} INFO - Started process (PID=7697) to work on /opt/airflow/dags/ehr_data_pipeline.py
[2026-06-04T16:32:46.835+0000] {processor.py:914} INFO - Processing file /opt/airflow/dags/ehr_data_pipeline.py for tasks to queue
[2026-06-04T16:32:46.845+0000] {logging_mixin.py:190} INFO - [2026-06-04T16:32:46.844+0000] {dagbag.py:588} INFO - Filling up the DagBag from /opt/airflow/dags/ehr_data_pipeline.py
[2026-06-04T16:32:46.870+0000] {processor.py:925} INFO - DAG(s) 'ehr_data_pipeline' retrieved from /opt/airflow/dags/ehr_data_pipeline.py
[2026-06-04T16:32:46.903+0000] {logging_mixin.py:190} INFO - [2026-06-04T16:32:46.903+0000] {dag.py:3239} INFO - Sync 1 DAGs
[2026-06-04T16:32:46.946+0000] {logging_mixin.py:190} INFO - [2026-06-04T16:32:46.945+0000] {dag.py:4180} INFO - Setting next_dagrun for ehr_data_pipeline to 2026-06-04 00:00:00+00:00, run_after=2026-06-05 00:00:00+00:00
[2026-06-04T16:32:46.981+0000] {processor.py:208} INFO - Processing /opt/airflow/dags/ehr_data_pipeline.py took 0.166 seconds
[2026-06-04T16:33:17.263+0000] {processor.py:186} INFO - Started process (PID=7707) to work on /opt/airflow/dags/ehr_data_pipeline.py
[2026-06-04T16:33:17.268+0000] {processor.py:914} INFO - Processing file /opt/airflow/dags/ehr_data_pipeline.py for tasks to queue
[2026-06-04T16:33:17.275+0000] {logging_mixin.py:190} INFO - [2026-06-04T16:33:17.274+0000] {dagbag.py:588} INFO - Filling up the DagBag from /opt/airflow/dags/ehr_data_pipeline.py
[2026-06-04T16:33:17.299+0000] {processor.py:925} INFO - DAG(s) 'ehr_data_pipeline' retrieved from /opt/airflow/dags/ehr_data_pipeline.py
[2026-06-04T16:33:17.330+0000] {logging_mixin.py:190} INFO - [2026-06-04T16:33:17.330+0000] {dag.py:3239} INFO - Sync 1 DAGs
[2026-06-04T16:33:17.368+0000] {logging_mixin.py:190} INFO - [2026-06-04T16:33:17.368+0000] {dag.py:4180} INFO - Setting next_dagrun for ehr_data_pipeline to 2026-06-04 00:00:00+00:00, run_after=2026-06-05 00:00:00+00:00
[2026-06-04T16:33:17.399+0000] {processor.py:208} INFO - Processing /opt/airflow/dags/ehr_data_pipeline.py took 0.143 seconds
[2026-06-04T16:33:47.664+0000] {processor.py:186} INFO - Started process (PID=7717) to work on /opt/airflow/dags/ehr_data_pipeline.py
[2026-06-04T16:33:47.670+0000] {processor.py:914} INFO - Processing file /opt/airflow/dags/ehr_data_pipeline.py for tasks to queue
[2026-06-04T16:33:47.677+0000] {logging_mixin.py:190} INFO - [2026-06-04T16:33:47.676+0000] {dagbag.py:588} INFO - Filling up the DagBag from /opt/airflow/dags/ehr_data_pipeline.py
[2026-06-04T16:33:47.701+0000] {processor.py:925} INFO - DAG(s) 'ehr_data_pipeline' retrieved from /opt/airflow/dags/ehr_data_pipeline.py
[2026-06-04T16:33:47.731+0000] {logging_mixin.py:190} INFO - [2026-06-04T16:33:47.731+0000] {dag.py:3239} INFO - Sync 1 DAGs
[2026-06-04T16:33:47.767+0000] {logging_mixin.py:190} INFO - [2026-06-04T16:33:47.767+0000] {dag.py:4180} INFO - Setting next_dagrun for ehr_data_pipeline to 2026-06-04 00:00:00+00:00, run_after=2026-06-05 00:00:00+00:00
[2026-06-04T16:33:47.796+0000] {processor.py:208} INFO - Processing /opt/airflow/dags/ehr_data_pipeline.py took 0.140 seconds
[2026-06-04T16:34:18.029+0000] {processor.py:186} INFO - Started process (PID=7727) to work on /opt/airflow/dags/ehr_data_pipeline.py
[2026-06-04T16:34:18.041+0000] {processor.py:914} INFO - Processing file /opt/airflow/dags/ehr_data_pipeline.py for tasks to queue
[2026-06-04T16:34:18.049+0000] {logging_mixin.py:190} INFO - [2026-06-04T16:34:18.048+0000] {dagbag.py:588} INFO - Filling up the DagBag from /opt/airflow/dags/ehr_data_pipeline.py
[2026-06-04T16:34:18.075+0000] {processor.py:925} INFO - DAG(s) 'ehr_data_pipeline' retrieved from /opt/airflow/dags/ehr_data_pipeline.py
[2026-06-04T16:34:18.109+0000] {logging_mixin.py:190} INFO - [2026-06-04T16:34:18.109+0000] {dag.py:3239} INFO - Sync 1 DAGs
[2026-06-04T16:34:18.152+0000] {logging_mixin.py:190} INFO - [2026-06-04T16:34:18.152+0000] {dag.py:4180} INFO - Setting next_dagrun for ehr_data_pipeline to 2026-06-04 00:00:00+00:00, run_after=2026-06-05 00:00:00+00:00
[2026-06-04T16:34:18.195+0000] {processor.py:208} INFO - Processing /opt/airflow/dags/ehr_data_pipeline.py took 0.172 seconds
[2026-06-04T16:34:48.430+0000] {processor.py:186} INFO - Started process (PID=7737) to work on /opt/airflow/dags/ehr_data_pipeline.py
[2026-06-04T16:34:48.436+0000] {processor.py:914} INFO - Processing file /opt/airflow/dags/ehr_data_pipeline.py for tasks to queue
[2026-06-04T16:34:48.445+0000] {logging_mixin.py:190} INFO - [2026-06-04T16:34:48.445+0000] {dagbag.py:588} INFO - Filling up the DagBag from /opt/airflow/dags/ehr_data_pipeline.py
[2026-06-04T16:34:48.466+0000] {processor.py:925} INFO - DAG(s) 'ehr_data_pipeline' retrieved from /opt/airflow/dags/ehr_data_pipeline.py
[2026-06-04T16:34:48.494+0000] {logging_mixin.py:190} INFO - [2026-06-04T16:34:48.494+0000] {dag.py:3239} INFO - Sync 1 DAGs
[2026-06-04T16:34:48.528+0000] {logging_mixin.py:190} INFO - [2026-06-04T16:34:48.527+0000] {dag.py:4180} INFO - Setting next_dagrun for ehr_data_pipeline to 2026-06-04 00:00:00+00:00, run_after=2026-06-05 00:00:00+00:00
[2026-06-04T16:34:48.554+0000] {processor.py:208} INFO - Processing /opt/airflow/dags/ehr_data_pipeline.py took 0.130 seconds
[2026-06-04T16:35:18.784+0000] {processor.py:186} INFO - Started process (PID=7804) to work on /opt/airflow/dags/ehr_data_pipeline.py
[2026-06-04T16:35:18.795+0000] {processor.py:914} INFO - Processing file /opt/airflow/dags/ehr_data_pipeline.py for tasks to queue
[2026-06-04T16:35:18.804+0000] {logging_mixin.py:190} INFO - [2026-06-04T16:35:18.804+0000] {dagbag.py:588} INFO - Filling up the DagBag from /opt/airflow/dags/ehr_data_pipeline.py
[2026-06-04T16:35:18.830+0000] {processor.py:925} INFO - DAG(s) 'ehr_data_pipeline' retrieved from /opt/airflow/dags/ehr_data_pipeline.py
[2026-06-04T16:35:18.870+0000] {logging_mixin.py:190} INFO - [2026-06-04T16:35:18.870+0000] {dag.py:3239} INFO - Sync 1 DAGs
[2026-06-04T16:35:18.915+0000] {logging_mixin.py:190} INFO - [2026-06-04T16:35:18.915+0000] {dag.py:4180} INFO - Setting next_dagrun for ehr_data_pipeline to 2026-06-04 00:00:00+00:00, run_after=2026-06-05 00:00:00+00:00
[2026-06-04T16:35:18.954+0000] {processor.py:208} INFO - Processing /opt/airflow/dags/ehr_data_pipeline.py took 0.178 seconds
[2026-06-04T16:35:49.044+0000] {processor.py:186} INFO - Started process (PID=7814) to work on /opt/airflow/dags/ehr_data_pipeline.py
[2026-06-04T16:35:49.054+0000] {processor.py:914} INFO - Processing file /opt/airflow/dags/ehr_data_pipeline.py for tasks to queue
[2026-06-04T16:35:49.066+0000] {logging_mixin.py:190} INFO - [2026-06-04T16:35:49.065+0000] {dagbag.py:588} INFO - Filling up the DagBag from /opt/airflow/dags/ehr_data_pipeline.py
[2026-06-04T16:35:49.100+0000] {processor.py:925} INFO - DAG(s) 'ehr_data_pipeline' retrieved from /opt/airflow/dags/ehr_data_pipeline.py
[2026-06-04T16:35:49.147+0000] {logging_mixin.py:190} INFO - [2026-06-04T16:35:49.146+0000] {dag.py:3239} INFO - Sync 1 DAGs
[2026-06-04T16:35:49.189+0000] {logging_mixin.py:190} INFO - [2026-06-04T16:35:49.189+0000] {dag.py:4180} INFO - Setting next_dagrun for ehr_data_pipeline to 2026-06-04 00:00:00+00:00, run_after=2026-06-05 00:00:00+00:00
[2026-06-04T16:35:49.217+0000] {processor.py:208} INFO - Processing /opt/airflow/dags/ehr_data_pipeline.py took 0.178 seconds
[2026-06-04T16:36:19.485+0000] {processor.py:186} INFO - Started process (PID=7824) to work on /opt/airflow/dags/ehr_data_pipeline.py
[2026-06-04T16:36:19.491+0000] {processor.py:914} INFO - Processing file /opt/airflow/dags/ehr_data_pipeline.py for tasks to queue
[2026-06-04T16:36:19.498+0000] {logging_mixin.py:190} INFO - [2026-06-04T16:36:19.497+0000] {dagbag.py:588} INFO - Filling up the DagBag from /opt/airflow/dags/ehr_data_pipeline.py
[2026-06-04T16:36:19.522+0000] {processor.py:925} INFO - DAG(s) 'ehr_data_pipeline' retrieved from /opt/airflow/dags/ehr_data_pipeline.py
[2026-06-04T16:36:19.550+0000] {logging_mixin.py:190} INFO - [2026-06-04T16:36:19.550+0000] {dag.py:3239} INFO - Sync 1 DAGs
[2026-06-04T16:36:19.588+0000] {logging_mixin.py:190} INFO - [2026-06-04T16:36:19.588+0000] {dag.py:4180} INFO - Setting next_dagrun for ehr_data_pipeline to 2026-06-04 00:00:00+00:00, run_after=2026-06-05 00:00:00+00:00
[2026-06-04T16:36:19.621+0000] {processor.py:208} INFO - Processing /opt/airflow/dags/ehr_data_pipeline.py took 0.144 seconds
[2026-06-04T16:36:49.865+0000] {processor.py:186} INFO - Started process (PID=7834) to work on /opt/airflow/dags/ehr_data_pipeline.py
[2026-06-04T16:36:49.870+0000] {processor.py:914} INFO - Processing file /opt/airflow/dags/ehr_data_pipeline.py for tasks to queue
[2026-06-04T16:36:49.876+0000] {logging_mixin.py:190} INFO - [2026-06-04T16:36:49.876+0000] {dagbag.py:588} INFO - Filling up the DagBag from /opt/airflow/dags/ehr_data_pipeline.py
[2026-06-04T16:36:49.897+0000] {processor.py:925} INFO - DAG(s) 'ehr_data_pipeline' retrieved from /opt/airflow/dags/ehr_data_pipeline.py
[2026-06-04T16:36:49.922+0000] {logging_mixin.py:190} INFO - [2026-06-04T16:36:49.922+0000] {dag.py:3239} INFO - Sync 1 DAGs
[2026-06-04T16:36:49.955+0000] {logging_mixin.py:190} INFO - [2026-06-04T16:36:49.955+0000] {dag.py:4180} INFO - Setting next_dagrun for ehr_data_pipeline to 2026-06-04 00:00:00+00:00, run_after=2026-06-05 00:00:00+00:00
[2026-06-04T16:36:49.985+0000] {processor.py:208} INFO - Processing /opt/airflow/dags/ehr_data_pipeline.py took 0.130 seconds
[2026-06-04T16:37:20.239+0000] {processor.py:186} INFO - Started process (PID=7900) to work on /opt/airflow/dags/ehr_data_pipeline.py
[2026-06-04T16:37:20.245+0000] {processor.py:914} INFO - Processing file /opt/airflow/dags/ehr_data_pipeline.py for tasks to queue
[2026-06-04T16:37:20.250+0000] {logging_mixin.py:190} INFO - [2026-06-04T16:37:20.250+0000] {dagbag.py:588} INFO - Filling up the DagBag from /opt/airflow/dags/ehr_data_pipeline.py
[2026-06-04T16:37:20.267+0000] {processor.py:925} INFO - DAG(s) 'ehr_data_pipeline' retrieved from /opt/airflow/dags/ehr_data_pipeline.py
[2026-06-04T16:37:20.289+0000] {logging_mixin.py:190} INFO - [2026-06-04T16:37:20.289+0000] {dag.py:3239} INFO - Sync 1 DAGs
[2026-06-04T16:37:20.318+0000] {logging_mixin.py:190} INFO - [2026-06-04T16:37:20.318+0000] {dag.py:4180} INFO - Setting next_dagrun for ehr_data_pipeline to 2026-06-04 00:00:00+00:00, run_after=2026-06-05 00:00:00+00:00
[2026-06-04T16:37:20.340+0000] {processor.py:208} INFO - Processing /opt/airflow/dags/ehr_data_pipeline.py took 0.105 seconds
